ISO-10303-21;
HEADER;
FILE_DESCRIPTION(('KiCad electronic assembly'),'2;1');
FILE_NAME('BarometricPressureSensor.step','2026-03-30T12:09:47',(
    'Pcbnew'),('Kicad'),'Open CASCADE STEP processor 7.6',
  'KiCad to STEP converter','Unknown');
FILE_SCHEMA(('AUTOMOTIVE_DESIGN { 1 0 10303 214 1 1 1 1 }'));
ENDSEC;
DATA;
#1 = APPLICATION_PROTOCOL_DEFINITION('international standard',
  'automotive_design',2000,#2);
#2 = APPLICATION_CONTEXT(
  'core data for automotive mechanical design processes');
#3 = SHAPE_DEFINITION_REPRESENTATION(#4,#10);
#4 = PRODUCT_DEFINITION_SHAPE('','',#5);
#5 = PRODUCT_DEFINITION('design','',#6,#9);
#6 = PRODUCT_DEFINITION_FORMATION('','',#7);
#7 = PRODUCT('BarometricPressureSensor 1','BarometricPressureSensor 1',
  '',(#8));
#8 = PRODUCT_CONTEXT('',#2,'mechanical');
#9 = PRODUCT_DEFINITION_CONTEXT('part definition',#2,'design');
#10 = SHAPE_REPRESENTATION('',(#11,#15,#19,#23,#27,#31,#35,#39,#43,#47,
    #51,#55,#59,#63,#67,#71,#75,#79,#83,#87,#91,#95,#99,#103,#107,#111,
    #115,#119,#123),#127);
#11 = AXIS2_PLACEMENT_3D('',#12,#13,#14);
#12 = CARTESIAN_POINT('',(0.,0.,0.));
#13 = DIRECTION('',(0.,0.,1.));
#14 = DIRECTION('',(1.,0.,-0.));
#15 = AXIS2_PLACEMENT_3D('',#16,#17,#18);
#16 = CARTESIAN_POINT('',(85.344,-146.304,1.595));
#17 = DIRECTION('',(0.,0.,1.));
#18 = DIRECTION('',(-1.,1.224646799147E-16,0.));
#19 = AXIS2_PLACEMENT_3D('',#20,#21,#22);
#20 = CARTESIAN_POINT('',(80.325,-133.154,1.595));
#21 = DIRECTION('',(0.,0.,1.));
#22 = DIRECTION('',(1.,0.,0.));
#23 = AXIS2_PLACEMENT_3D('',#24,#25,#26);
#24 = CARTESIAN_POINT('',(93.98,-157.754,1.595));
#25 = DIRECTION('',(-0.,0.,1.));
#26 = DIRECTION('',(1.110223024625E-16,-1.,0.));
#27 = AXIS2_PLACEMENT_3D('',#28,#29,#30);
#28 = CARTESIAN_POINT('',(107.188,-163.9945,1.595));
#29 = DIRECTION('',(0.,-0.,1.));
#30 = DIRECTION('',(1.110223024625E-16,1.,0.));
#31 = AXIS2_PLACEMENT_3D('',#32,#33,#34);
#32 = CARTESIAN_POINT('',(105.6045,-144.78,1.595));
#33 = DIRECTION('',(0.,0.,1.));
#34 = DIRECTION('',(1.,0.,0.));
#35 = AXIS2_PLACEMENT_3D('',#36,#37,#38);
#36 = CARTESIAN_POINT('',(93.414,-131.5405,1.595));
#37 = DIRECTION('',(0.,-0.,1.));
#38 = DIRECTION('',(1.110223024625E-16,1.,0.));
#39 = AXIS2_PLACEMENT_3D('',#40,#41,#42);
#40 = CARTESIAN_POINT('',(119.38,-151.8025,1.595));
#41 = DIRECTION('',(-0.,0.,1.));
#42 = DIRECTION('',(1.110223024625E-16,-1.,0.));
#43 = AXIS2_PLACEMENT_3D('',#44,#45,#46);
#44 = CARTESIAN_POINT('',(85.286,-131.0325,1.595));
#45 = DIRECTION('',(-0.,0.,1.));
#46 = DIRECTION('',(1.110223024625E-16,-1.,0.));
#47 = AXIS2_PLACEMENT_3D('',#48,#49,#50);
#48 = CARTESIAN_POINT('',(85.286,-134.1055,1.595));
#49 = DIRECTION('',(0.,-0.,1.));
#50 = DIRECTION('',(1.110223024625E-16,1.,0.));
#51 = AXIS2_PLACEMENT_3D('',#52,#53,#54);
#52 = CARTESIAN_POINT('',(87.884,-146.812,1.595));
#53 = DIRECTION('',(0.,-0.,1.));
#54 = DIRECTION('',(1.110223024625E-16,1.,0.));
#55 = AXIS2_PLACEMENT_3D('',#56,#57,#58);
#56 = CARTESIAN_POINT('',(112.776,-152.3105,1.595));
#57 = DIRECTION('',(0.,-0.,1.));
#58 = DIRECTION('',(1.110223024625E-16,1.,0.));
#59 = AXIS2_PLACEMENT_3D('',#60,#61,#62);
#60 = CARTESIAN_POINT('',(82.7445,-151.892,1.595));
#61 = DIRECTION('',(0.,0.,1.));
#62 = DIRECTION('',(1.,0.,0.));
#63 = AXIS2_PLACEMENT_3D('',#64,#65,#66);
#64 = CARTESIAN_POINT('',(81.1905,-143.764,1.595));
#65 = DIRECTION('',(0.,0.,1.));
#66 = DIRECTION('',(-1.,1.224646799147E-16,0.));
#67 = AXIS2_PLACEMENT_3D('',#68,#69,#70);
#68 = CARTESIAN_POINT('',(134.112,-147.8875,1.595));
#69 = DIRECTION('',(0.,-0.,1.));
#70 = DIRECTION('',(1.110223024625E-16,1.,0.));
#71 = AXIS2_PLACEMENT_3D('',#72,#73,#74);
#72 = CARTESIAN_POINT('',(93.472,-150.876,1.595));
#73 = DIRECTION('',(-0.,0.,1.));
#74 = DIRECTION('',(1.110223024625E-16,-1.,0.));
#75 = AXIS2_PLACEMENT_3D('',#76,#77,#78);
#76 = CARTESIAN_POINT('',(86.36,-143.256,1.595));
#77 = DIRECTION('',(0.,0.,1.));
#78 = DIRECTION('',(-1.,1.224646799147E-16,0.));
#79 = AXIS2_PLACEMENT_3D('',#80,#81,#82);
#80 = CARTESIAN_POINT('',(79.248,-143.8535,1.595));
#81 = DIRECTION('',(0.,-0.,1.));
#82 = DIRECTION('',(1.110223024625E-16,1.,0.));
#83 = AXIS2_PLACEMENT_3D('',#84,#85,#86);
#84 = CARTESIAN_POINT('',(89.408,-143.764,1.595));
#85 = DIRECTION('',(0.,0.,1.));
#86 = DIRECTION('',(-1.,1.224646799147E-16,0.));
#87 = AXIS2_PLACEMENT_3D('',#88,#89,#90);
#88 = CARTESIAN_POINT('',(91.89,-131.5405,1.595));
#89 = DIRECTION('',(0.,-0.,1.));
#90 = DIRECTION('',(1.110223024625E-16,1.,0.));
#91 = AXIS2_PLACEMENT_3D('',#92,#93,#94);
#92 = CARTESIAN_POINT('',(103.124,-166.116,1.595));
#93 = DIRECTION('',(0.,-0.,1.));
#94 = DIRECTION('',(1.110223024625E-16,1.,0.));
#95 = AXIS2_PLACEMENT_3D('',#96,#97,#98);
#96 = CARTESIAN_POINT('',(124.968,-160.9465,1.595));
#97 = DIRECTION('',(-0.,0.,1.));
#98 = DIRECTION('',(1.110223024625E-16,-1.,0.));
#99 = AXIS2_PLACEMENT_3D('',#100,#101,#102);
#100 = CARTESIAN_POINT('',(80.1995,-135.636,1.595));
#101 = DIRECTION('',(0.,0.,1.));
#102 = DIRECTION('',(-1.,1.224646799147E-16,0.));
#103 = AXIS2_PLACEMENT_3D('',#104,#105,#106);
#104 = CARTESIAN_POINT('',(124.968,-163.9945,1.595));
#105 = DIRECTION('',(0.,-0.,1.));
#106 = DIRECTION('',(1.110223024625E-16,1.,0.));
#107 = AXIS2_PLACEMENT_3D('',#108,#109,#110);
#108 = CARTESIAN_POINT('',(76.708,-145.3475,1.595));
#109 = DIRECTION('',(0.,-0.,1.));
#110 = DIRECTION('',(1.110223024625E-16,1.,0.));
#111 = AXIS2_PLACEMENT_3D('',#112,#113,#114);
#112 = CARTESIAN_POINT('',(86.36,-157.714,1.595));
#113 = DIRECTION('',(-0.,0.,1.));
#114 = DIRECTION('',(1.110223024625E-16,-1.,0.));
#115 = AXIS2_PLACEMENT_3D('',#116,#117,#118);
#116 = CARTESIAN_POINT('',(80.2655,-130.614,1.595));
#117 = DIRECTION('',(0.,0.,1.));
#118 = DIRECTION('',(1.,0.,0.));
#119 = AXIS2_PLACEMENT_3D('',#120,#121,#122);
#120 = CARTESIAN_POINT('',(97.076,-159.7875,1.595));
#121 = DIRECTION('',(0.,-0.,1.));
#122 = DIRECTION('',(1.110223024625E-16,1.,0.));
#123 = AXIS2_PLACEMENT_3D('',#124,#125,#126);
#124 = CARTESIAN_POINT('',(0.,0.,0.));
#125 = DIRECTION('',(0.,0.,1.));
#126 = DIRECTION('',(1.,0.,-0.));
#127 = ( GEOMETRIC_REPRESENTATION_CONTEXT(3) 
GLOBAL_UNCERTAINTY_ASSIGNED_CONTEXT((#131)) GLOBAL_UNIT_ASSIGNED_CONTEXT
((#128,#129,#130)) REPRESENTATION_CONTEXT('Context #1',
  '3D Context with UNIT and UNCERTAINTY') );
#128 = ( LENGTH_UNIT() NAMED_UNIT(*) SI_UNIT(.MILLI.,.METRE.) );
#129 = ( NAMED_UNIT(*) PLANE_ANGLE_UNIT() SI_UNIT($,.RADIAN.) );
#130 = ( NAMED_UNIT(*) SI_UNIT($,.STERADIAN.) SOLID_ANGLE_UNIT() );
#131 = UNCERTAINTY_MEASURE_WITH_UNIT(LENGTH_MEASURE(1.E-07),#128,
  'distance_accuracy_value','confusion accuracy');
#132 = PRODUCT_RELATED_PRODUCT_CATEGORY('part',$,(#7));
#133 = SHAPE_DEFINITION_REPRESENTATION(#134,#140);
#134 = PRODUCT_DEFINITION_SHAPE('','',#135);
#135 = PRODUCT_DEFINITION('design','',#136,#139);
#136 = PRODUCT_DEFINITION_FORMATION('','',#137);
#137 = PRODUCT('R_0402_1005Metric','R_0402_1005Metric','',(#138));
#138 = PRODUCT_CONTEXT('',#2,'mechanical');
#139 = PRODUCT_DEFINITION_CONTEXT('part definition',#2,'design');
#140 = ADVANCED_BREP_SHAPE_REPRESENTATION('',(#11,#141),#931);
#141 = MANIFOLD_SOLID_BREP('',#142);
#142 = CLOSED_SHELL('',(#143,#183,#266,#291,#316,#383,#400,#417,#466,
    #483,#500,#549,#566,#635,#666,#690,#759,#783,#800,#817,#834,#851,
    #868,#885,#902,#919));
#143 = ADVANCED_FACE('',(#144),#178,.F.);
#144 = FACE_BOUND('',#145,.F.);
#145 = EDGE_LOOP('',(#146,#156,#164,#172));
#146 = ORIENTED_EDGE('',*,*,#147,.F.);
#147 = EDGE_CURVE('',#148,#150,#152,.T.);
#148 = VERTEX_POINT('',#149);
#149 = CARTESIAN_POINT('',(-0.5,-0.25,3.5E-02));
#150 = VERTEX_POINT('',#151);
#151 = CARTESIAN_POINT('',(-0.5,-0.25,0.315));
#152 = LINE('',#153,#154);
#153 = CARTESIAN_POINT('',(-0.5,-0.25,0.));
#154 = VECTOR('',#155,1.);
#155 = DIRECTION('',(0.,0.,1.));
#156 = ORIENTED_EDGE('',*,*,#157,.T.);
#157 = EDGE_CURVE('',#148,#158,#160,.T.);
#158 = VERTEX_POINT('',#159);
#159 = CARTESIAN_POINT('',(-0.5,0.25,3.5E-02));
#160 = LINE('',#161,#162);
#161 = CARTESIAN_POINT('',(-0.5,-0.25,3.5E-02));
#162 = VECTOR('',#163,1.);
#163 = DIRECTION('',(0.,1.,0.));
#164 = ORIENTED_EDGE('',*,*,#165,.T.);
#165 = EDGE_CURVE('',#158,#166,#168,.T.);
#166 = VERTEX_POINT('',#167);
#167 = CARTESIAN_POINT('',(-0.5,0.25,0.315));
#168 = LINE('',#169,#170);
#169 = CARTESIAN_POINT('',(-0.5,0.25,0.));
#170 = VECTOR('',#171,1.);
#171 = DIRECTION('',(0.,0.,1.));
#172 = ORIENTED_EDGE('',*,*,#173,.F.);
#173 = EDGE_CURVE('',#150,#166,#174,.T.);
#174 = LINE('',#175,#176);
#175 = CARTESIAN_POINT('',(-0.5,-0.25,0.315));
#176 = VECTOR('',#177,1.);
#177 = DIRECTION('',(0.,1.,0.));
#178 = PLANE('',#179);
#179 = AXIS2_PLACEMENT_3D('',#180,#181,#182);
#180 = CARTESIAN_POINT('',(-0.5,-0.25,0.));
#181 = DIRECTION('',(1.,0.,0.));
#182 = DIRECTION('',(0.,0.,1.));
#183 = ADVANCED_FACE('',(#184),#261,.F.);
#184 = FACE_BOUND('',#185,.F.);
#185 = EDGE_LOOP('',(#186,#196,#203,#204,#213,#221,#230,#238,#246,#254)
  );
#186 = ORIENTED_EDGE('',*,*,#187,.F.);
#187 = EDGE_CURVE('',#188,#190,#192,.T.);
#188 = VERTEX_POINT('',#189);
#189 = CARTESIAN_POINT('',(-0.465,-0.25,-2.775557561563E-17));
#190 = VERTEX_POINT('',#191);
#191 = CARTESIAN_POINT('',(-0.335,-0.25,-2.775557561563E-17));
#192 = LINE('',#193,#194);
#193 = CARTESIAN_POINT('',(-0.5,-0.25,0.));
#194 = VECTOR('',#195,1.);
#195 = DIRECTION('',(1.,0.,0.));
#196 = ORIENTED_EDGE('',*,*,#197,.F.);
#197 = EDGE_CURVE('',#148,#188,#198,.T.);
#198 = CIRCLE('',#199,3.5E-02);
#199 = AXIS2_PLACEMENT_3D('',#200,#201,#202);
#200 = CARTESIAN_POINT('',(-0.465,-0.25,3.5E-02));
#201 = DIRECTION('',(0.,-1.,0.));
#202 = DIRECTION('',(0.,0.,1.));
#203 = ORIENTED_EDGE('',*,*,#147,.T.);
#204 = ORIENTED_EDGE('',*,*,#205,.T.);
#205 = EDGE_CURVE('',#150,#206,#208,.T.);
#206 = VERTEX_POINT('',#207);
#207 = CARTESIAN_POINT('',(-0.465,-0.25,0.35));
#208 = CIRCLE('',#209,3.5E-02);
#209 = AXIS2_PLACEMENT_3D('',#210,#211,#212);
#210 = CARTESIAN_POINT('',(-0.465,-0.25,0.315));
#211 = DIRECTION('',(0.,1.,0.));
#212 = DIRECTION('',(0.,-0.,1.));
#213 = ORIENTED_EDGE('',*,*,#214,.T.);
#214 = EDGE_CURVE('',#206,#215,#217,.T.);
#215 = VERTEX_POINT('',#216);
#216 = CARTESIAN_POINT('',(-0.335,-0.25,0.35));
#217 = LINE('',#218,#219);
#218 = CARTESIAN_POINT('',(-0.5,-0.25,0.35));
#219 = VECTOR('',#220,1.);
#220 = DIRECTION('',(1.,0.,0.));
#221 = ORIENTED_EDGE('',*,*,#222,.F.);
#222 = EDGE_CURVE('',#223,#215,#225,.T.);
#223 = VERTEX_POINT('',#224);
#224 = CARTESIAN_POINT('',(-0.3,-0.25,0.315));
#225 = CIRCLE('',#226,3.5E-02);
#226 = AXIS2_PLACEMENT_3D('',#227,#228,#229);
#227 = CARTESIAN_POINT('',(-0.335,-0.25,0.315));
#228 = DIRECTION('',(0.,-1.,0.));
#229 = DIRECTION('',(0.,0.,1.));
#230 = ORIENTED_EDGE('',*,*,#231,.F.);
#231 = EDGE_CURVE('',#232,#223,#234,.T.);
#232 = VERTEX_POINT('',#233);
#233 = CARTESIAN_POINT('',(-0.465,-0.25,0.315));
#234 = LINE('',#235,#236);
#235 = CARTESIAN_POINT('',(-0.465,-0.25,0.315));
#236 = VECTOR('',#237,1.);
#237 = DIRECTION('',(1.,0.,0.));
#238 = ORIENTED_EDGE('',*,*,#239,.F.);
#239 = EDGE_CURVE('',#240,#232,#242,.T.);
#240 = VERTEX_POINT('',#241);
#241 = CARTESIAN_POINT('',(-0.465,-0.25,3.5E-02));
#242 = LINE('',#243,#244);
#243 = CARTESIAN_POINT('',(-0.465,-0.25,3.5E-02));
#244 = VECTOR('',#245,1.);
#245 = DIRECTION('',(0.,0.,1.));
#246 = ORIENTED_EDGE('',*,*,#247,.T.);
#247 = EDGE_CURVE('',#240,#248,#250,.T.);
#248 = VERTEX_POINT('',#249);
#249 = CARTESIAN_POINT('',(-0.3,-0.25,3.5E-02));
#250 = LINE('',#251,#252);
#251 = CARTESIAN_POINT('',(-0.465,-0.25,3.5E-02));
#252 = VECTOR('',#253,1.);
#253 = DIRECTION('',(1.,0.,0.));
#254 = ORIENTED_EDGE('',*,*,#255,.T.);
#255 = EDGE_CURVE('',#248,#190,#256,.T.);
#256 = CIRCLE('',#257,3.5E-02);
#257 = AXIS2_PLACEMENT_3D('',#258,#259,#260);
#258 = CARTESIAN_POINT('',(-0.335,-0.25,3.5E-02));
#259 = DIRECTION('',(0.,1.,0.));
#260 = DIRECTION('',(0.,-0.,1.));
#261 = PLANE('',#262);
#262 = AXIS2_PLACEMENT_3D('',#263,#264,#265);
#263 = CARTESIAN_POINT('',(-0.5,-0.25,0.));
#264 = DIRECTION('',(0.,1.,0.));
#265 = DIRECTION('',(0.,-0.,1.));
#266 = ADVANCED_FACE('',(#267),#286,.T.);
#267 = FACE_BOUND('',#268,.T.);
#268 = EDGE_LOOP('',(#269,#270,#279,#285));
#269 = ORIENTED_EDGE('',*,*,#157,.T.);
#270 = ORIENTED_EDGE('',*,*,#271,.T.);
#271 = EDGE_CURVE('',#158,#272,#274,.T.);
#272 = VERTEX_POINT('',#273);
#273 = CARTESIAN_POINT('',(-0.465,0.25,-2.775557561563E-17));
#274 = CIRCLE('',#275,3.5E-02);
#275 = AXIS2_PLACEMENT_3D('',#276,#277,#278);
#276 = CARTESIAN_POINT('',(-0.465,0.25,3.5E-02));
#277 = DIRECTION('',(0.,-1.,0.));
#278 = DIRECTION('',(0.,0.,1.));
#279 = ORIENTED_EDGE('',*,*,#280,.F.);
#280 = EDGE_CURVE('',#188,#272,#281,.T.);
#281 = LINE('',#282,#283);
#282 = CARTESIAN_POINT('',(-0.465,-0.25,-2.775557561563E-17));
#283 = VECTOR('',#284,1.);
#284 = DIRECTION('',(0.,1.,0.));
#285 = ORIENTED_EDGE('',*,*,#197,.F.);
#286 = CYLINDRICAL_SURFACE('',#287,3.5E-02);
#287 = AXIS2_PLACEMENT_3D('',#288,#289,#290);
#288 = CARTESIAN_POINT('',(-0.465,-0.25,3.5E-02));
#289 = DIRECTION('',(0.,1.,0.));
#290 = DIRECTION('',(-1.,0.,0.));
#291 = ADVANCED_FACE('',(#292),#311,.T.);
#292 = FACE_BOUND('',#293,.T.);
#293 = EDGE_LOOP('',(#294,#295,#303,#310));
#294 = ORIENTED_EDGE('',*,*,#205,.T.);
#295 = ORIENTED_EDGE('',*,*,#296,.T.);
#296 = EDGE_CURVE('',#206,#297,#299,.T.);
#297 = VERTEX_POINT('',#298);
#298 = CARTESIAN_POINT('',(-0.465,0.25,0.35));
#299 = LINE('',#300,#301);
#300 = CARTESIAN_POINT('',(-0.465,-0.25,0.35));
#301 = VECTOR('',#302,1.);
#302 = DIRECTION('',(0.,1.,0.));
#303 = ORIENTED_EDGE('',*,*,#304,.F.);
#304 = EDGE_CURVE('',#166,#297,#305,.T.);
#305 = CIRCLE('',#306,3.5E-02);
#306 = AXIS2_PLACEMENT_3D('',#307,#308,#309);
#307 = CARTESIAN_POINT('',(-0.465,0.25,0.315));
#308 = DIRECTION('',(0.,1.,0.));
#309 = DIRECTION('',(0.,-0.,1.));
#310 = ORIENTED_EDGE('',*,*,#173,.F.);
#311 = CYLINDRICAL_SURFACE('',#312,3.5E-02);
#312 = AXIS2_PLACEMENT_3D('',#313,#314,#315);
#313 = CARTESIAN_POINT('',(-0.465,-0.25,0.315));
#314 = DIRECTION('',(0.,1.,0.));
#315 = DIRECTION('',(-1.,0.,0.));
#316 = ADVANCED_FACE('',(#317),#378,.T.);
#317 = FACE_BOUND('',#318,.T.);
#318 = EDGE_LOOP('',(#319,#327,#328,#329,#330,#338,#347,#355,#363,#371)
  );
#319 = ORIENTED_EDGE('',*,*,#320,.F.);
#320 = EDGE_CURVE('',#272,#321,#323,.T.);
#321 = VERTEX_POINT('',#322);
#322 = CARTESIAN_POINT('',(-0.335,0.25,-2.775557561563E-17));
#323 = LINE('',#324,#325);
#324 = CARTESIAN_POINT('',(-0.5,0.25,0.));
#325 = VECTOR('',#326,1.);
#326 = DIRECTION('',(1.,0.,0.));
#327 = ORIENTED_EDGE('',*,*,#271,.F.);
#328 = ORIENTED_EDGE('',*,*,#165,.T.);
#329 = ORIENTED_EDGE('',*,*,#304,.T.);
#330 = ORIENTED_EDGE('',*,*,#331,.T.);
#331 = EDGE_CURVE('',#297,#332,#334,.T.);
#332 = VERTEX_POINT('',#333);
#333 = CARTESIAN_POINT('',(-0.335,0.25,0.35));
#334 = LINE('',#335,#336);
#335 = CARTESIAN_POINT('',(-0.5,0.25,0.35));
#336 = VECTOR('',#337,1.);
#337 = DIRECTION('',(1.,0.,0.));
#338 = ORIENTED_EDGE('',*,*,#339,.F.);
#339 = EDGE_CURVE('',#340,#332,#342,.T.);
#340 = VERTEX_POINT('',#341);
#341 = CARTESIAN_POINT('',(-0.3,0.25,0.315));
#342 = CIRCLE('',#343,3.5E-02);
#343 = AXIS2_PLACEMENT_3D('',#344,#345,#346);
#344 = CARTESIAN_POINT('',(-0.335,0.25,0.315));
#345 = DIRECTION('',(0.,-1.,0.));
#346 = DIRECTION('',(0.,0.,1.));
#347 = ORIENTED_EDGE('',*,*,#348,.F.);
#348 = EDGE_CURVE('',#349,#340,#351,.T.);
#349 = VERTEX_POINT('',#350);
#350 = CARTESIAN_POINT('',(-0.465,0.25,0.315));
#351 = LINE('',#352,#353);
#352 = CARTESIAN_POINT('',(-0.465,0.25,0.315));
#353 = VECTOR('',#354,1.);
#354 = DIRECTION('',(1.,0.,0.));
#355 = ORIENTED_EDGE('',*,*,#356,.F.);
#356 = EDGE_CURVE('',#357,#349,#359,.T.);
#357 = VERTEX_POINT('',#358);
#358 = CARTESIAN_POINT('',(-0.465,0.25,3.5E-02));
#359 = LINE('',#360,#361);
#360 = CARTESIAN_POINT('',(-0.465,0.25,3.5E-02));
#361 = VECTOR('',#362,1.);
#362 = DIRECTION('',(0.,0.,1.));
#363 = ORIENTED_EDGE('',*,*,#364,.T.);
#364 = EDGE_CURVE('',#357,#365,#367,.T.);
#365 = VERTEX_POINT('',#366);
#366 = CARTESIAN_POINT('',(-0.3,0.25,3.5E-02));
#367 = LINE('',#368,#369);
#368 = CARTESIAN_POINT('',(-0.465,0.25,3.5E-02));
#369 = VECTOR('',#370,1.);
#370 = DIRECTION('',(1.,0.,0.));
#371 = ORIENTED_EDGE('',*,*,#372,.T.);
#372 = EDGE_CURVE('',#365,#321,#373,.T.);
#373 = CIRCLE('',#374,3.5E-02);
#374 = AXIS2_PLACEMENT_3D('',#375,#376,#377);
#375 = CARTESIAN_POINT('',(-0.335,0.25,3.5E-02));
#376 = DIRECTION('',(0.,1.,0.));
#377 = DIRECTION('',(0.,-0.,1.));
#378 = PLANE('',#379);
#379 = AXIS2_PLACEMENT_3D('',#380,#381,#382);
#380 = CARTESIAN_POINT('',(-0.5,0.25,0.));
#381 = DIRECTION('',(0.,1.,0.));
#382 = DIRECTION('',(0.,-0.,1.));
#383 = ADVANCED_FACE('',(#384),#395,.F.);
#384 = FACE_BOUND('',#385,.F.);
#385 = EDGE_LOOP('',(#386,#387,#388,#389));
#386 = ORIENTED_EDGE('',*,*,#320,.F.);
#387 = ORIENTED_EDGE('',*,*,#280,.F.);
#388 = ORIENTED_EDGE('',*,*,#187,.T.);
#389 = ORIENTED_EDGE('',*,*,#390,.T.);
#390 = EDGE_CURVE('',#190,#321,#391,.T.);
#391 = LINE('',#392,#393);
#392 = CARTESIAN_POINT('',(-0.335,-0.25,-2.775557561563E-17));
#393 = VECTOR('',#394,1.);
#394 = DIRECTION('',(0.,1.,0.));
#395 = PLANE('',#396);
#396 = AXIS2_PLACEMENT_3D('',#397,#398,#399);
#397 = CARTESIAN_POINT('',(-0.5,-0.25,0.));
#398 = DIRECTION('',(0.,0.,1.));
#399 = DIRECTION('',(1.,0.,-0.));
#400 = ADVANCED_FACE('',(#401),#412,.T.);
#401 = FACE_BOUND('',#402,.T.);
#402 = EDGE_LOOP('',(#403,#404,#405,#406));
#403 = ORIENTED_EDGE('',*,*,#255,.T.);
#404 = ORIENTED_EDGE('',*,*,#390,.T.);
#405 = ORIENTED_EDGE('',*,*,#372,.F.);
#406 = ORIENTED_EDGE('',*,*,#407,.F.);
#407 = EDGE_CURVE('',#248,#365,#408,.T.);
#408 = LINE('',#409,#410);
#409 = CARTESIAN_POINT('',(-0.3,-0.25,3.5E-02));
#410 = VECTOR('',#411,1.);
#411 = DIRECTION('',(0.,1.,0.));
#412 = CYLINDRICAL_SURFACE('',#413,3.5E-02);
#413 = AXIS2_PLACEMENT_3D('',#414,#415,#416);
#414 = CARTESIAN_POINT('',(-0.335,-0.25,3.5E-02));
#415 = DIRECTION('',(0.,1.,0.));
#416 = DIRECTION('',(1.,0.,0.));
#417 = ADVANCED_FACE('',(#418),#461,.F.);
#418 = FACE_BOUND('',#419,.F.);
#419 = EDGE_LOOP('',(#420,#421,#422,#423,#431,#439,#447,#455));
#420 = ORIENTED_EDGE('',*,*,#247,.F.);
#421 = ORIENTED_EDGE('',*,*,#239,.T.);
#422 = ORIENTED_EDGE('',*,*,#231,.T.);
#423 = ORIENTED_EDGE('',*,*,#424,.T.);
#424 = EDGE_CURVE('',#223,#425,#427,.T.);
#425 = VERTEX_POINT('',#426);
#426 = CARTESIAN_POINT('',(0.3,-0.25,0.315));
#427 = LINE('',#428,#429);
#428 = CARTESIAN_POINT('',(-0.3,-0.25,0.315));
#429 = VECTOR('',#430,1.);
#430 = DIRECTION('',(1.,0.,0.));
#431 = ORIENTED_EDGE('',*,*,#432,.T.);
#432 = EDGE_CURVE('',#425,#433,#435,.T.);
#433 = VERTEX_POINT('',#434);
#434 = CARTESIAN_POINT('',(0.465,-0.25,0.315));
#435 = LINE('',#436,#437);
#436 = CARTESIAN_POINT('',(-0.465,-0.25,0.315));
#437 = VECTOR('',#438,1.);
#438 = DIRECTION('',(1.,0.,0.));
#439 = ORIENTED_EDGE('',*,*,#440,.F.);
#440 = EDGE_CURVE('',#441,#433,#443,.T.);
#441 = VERTEX_POINT('',#442);
#442 = CARTESIAN_POINT('',(0.465,-0.25,3.5E-02));
#443 = LINE('',#444,#445);
#444 = CARTESIAN_POINT('',(0.465,-0.25,3.5E-02));
#445 = VECTOR('',#446,1.);
#446 = DIRECTION('',(0.,0.,1.));
#447 = ORIENTED_EDGE('',*,*,#448,.F.);
#448 = EDGE_CURVE('',#449,#441,#451,.T.);
#449 = VERTEX_POINT('',#450);
#450 = CARTESIAN_POINT('',(0.3,-0.25,3.5E-02));
#451 = LINE('',#452,#453);
#452 = CARTESIAN_POINT('',(-0.465,-0.25,3.5E-02));
#453 = VECTOR('',#454,1.);
#454 = DIRECTION('',(1.,0.,0.));
#455 = ORIENTED_EDGE('',*,*,#456,.F.);
#456 = EDGE_CURVE('',#248,#449,#457,.T.);
#457 = LINE('',#458,#459);
#458 = CARTESIAN_POINT('',(-0.465,-0.25,3.5E-02));
#459 = VECTOR('',#460,1.);
#460 = DIRECTION('',(1.,0.,0.));
#461 = PLANE('',#462);
#462 = AXIS2_PLACEMENT_3D('',#463,#464,#465);
#463 = CARTESIAN_POINT('',(-0.465,-0.25,3.5E-02));
#464 = DIRECTION('',(0.,1.,0.));
#465 = DIRECTION('',(0.,-0.,1.));
#466 = ADVANCED_FACE('',(#467),#478,.T.);
#467 = FACE_BOUND('',#468,.T.);
#468 = EDGE_LOOP('',(#469,#470,#471,#472));
#469 = ORIENTED_EDGE('',*,*,#331,.F.);
#470 = ORIENTED_EDGE('',*,*,#296,.F.);
#471 = ORIENTED_EDGE('',*,*,#214,.T.);
#472 = ORIENTED_EDGE('',*,*,#473,.T.);
#473 = EDGE_CURVE('',#215,#332,#474,.T.);
#474 = LINE('',#475,#476);
#475 = CARTESIAN_POINT('',(-0.335,-0.25,0.35));
#476 = VECTOR('',#477,1.);
#477 = DIRECTION('',(0.,1.,0.));
#478 = PLANE('',#479);
#479 = AXIS2_PLACEMENT_3D('',#480,#481,#482);
#480 = CARTESIAN_POINT('',(-0.5,-0.25,0.35));
#481 = DIRECTION('',(0.,0.,1.));
#482 = DIRECTION('',(1.,0.,-0.));
#483 = ADVANCED_FACE('',(#484),#495,.T.);
#484 = FACE_BOUND('',#485,.T.);
#485 = EDGE_LOOP('',(#486,#492,#493,#494));
#486 = ORIENTED_EDGE('',*,*,#487,.T.);
#487 = EDGE_CURVE('',#223,#340,#488,.T.);
#488 = LINE('',#489,#490);
#489 = CARTESIAN_POINT('',(-0.3,-0.25,0.315));
#490 = VECTOR('',#491,1.);
#491 = DIRECTION('',(0.,1.,0.));
#492 = ORIENTED_EDGE('',*,*,#339,.T.);
#493 = ORIENTED_EDGE('',*,*,#473,.F.);
#494 = ORIENTED_EDGE('',*,*,#222,.F.);
#495 = CYLINDRICAL_SURFACE('',#496,3.5E-02);
#496 = AXIS2_PLACEMENT_3D('',#497,#498,#499);
#497 = CARTESIAN_POINT('',(-0.335,-0.25,0.315));
#498 = DIRECTION('',(0.,1.,0.));
#499 = DIRECTION('',(1.,0.,0.));
#500 = ADVANCED_FACE('',(#501),#544,.T.);
#501 = FACE_BOUND('',#502,.T.);
#502 = EDGE_LOOP('',(#503,#504,#505,#506,#514,#522,#530,#538));
#503 = ORIENTED_EDGE('',*,*,#364,.F.);
#504 = ORIENTED_EDGE('',*,*,#356,.T.);
#505 = ORIENTED_EDGE('',*,*,#348,.T.);
#506 = ORIENTED_EDGE('',*,*,#507,.T.);
#507 = EDGE_CURVE('',#340,#508,#510,.T.);
#508 = VERTEX_POINT('',#509);
#509 = CARTESIAN_POINT('',(0.3,0.25,0.315));
#510 = LINE('',#511,#512);
#511 = CARTESIAN_POINT('',(-0.3,0.25,0.315));
#512 = VECTOR('',#513,1.);
#513 = DIRECTION('',(1.,0.,0.));
#514 = ORIENTED_EDGE('',*,*,#515,.T.);
#515 = EDGE_CURVE('',#508,#516,#518,.T.);
#516 = VERTEX_POINT('',#517);
#517 = CARTESIAN_POINT('',(0.465,0.25,0.315));
#518 = LINE('',#519,#520);
#519 = CARTESIAN_POINT('',(-0.465,0.25,0.315));
#520 = VECTOR('',#521,1.);
#521 = DIRECTION('',(1.,0.,0.));
#522 = ORIENTED_EDGE('',*,*,#523,.F.);
#523 = EDGE_CURVE('',#524,#516,#526,.T.);
#524 = VERTEX_POINT('',#525);
#525 = CARTESIAN_POINT('',(0.465,0.25,3.5E-02));
#526 = LINE('',#527,#528);
#527 = CARTESIAN_POINT('',(0.465,0.25,3.5E-02));
#528 = VECTOR('',#529,1.);
#529 = DIRECTION('',(0.,0.,1.));
#530 = ORIENTED_EDGE('',*,*,#531,.F.);
#531 = EDGE_CURVE('',#532,#524,#534,.T.);
#532 = VERTEX_POINT('',#533);
#533 = CARTESIAN_POINT('',(0.3,0.25,3.5E-02));
#534 = LINE('',#535,#536);
#535 = CARTESIAN_POINT('',(-0.465,0.25,3.5E-02));
#536 = VECTOR('',#537,1.);
#537 = DIRECTION('',(1.,0.,0.));
#538 = ORIENTED_EDGE('',*,*,#539,.F.);
#539 = EDGE_CURVE('',#365,#532,#540,.T.);
#540 = LINE('',#541,#542);
#541 = CARTESIAN_POINT('',(-0.465,0.25,3.5E-02));
#542 = VECTOR('',#543,1.);
#543 = DIRECTION('',(1.,0.,0.));
#544 = PLANE('',#545);
#545 = AXIS2_PLACEMENT_3D('',#546,#547,#548);
#546 = CARTESIAN_POINT('',(-0.465,0.25,3.5E-02));
#547 = DIRECTION('',(0.,1.,0.));
#548 = DIRECTION('',(0.,-0.,1.));
#549 = ADVANCED_FACE('',(#550),#561,.F.);
#550 = FACE_BOUND('',#551,.F.);
#551 = EDGE_LOOP('',(#552,#553,#554,#560));
#552 = ORIENTED_EDGE('',*,*,#407,.F.);
#553 = ORIENTED_EDGE('',*,*,#456,.T.);
#554 = ORIENTED_EDGE('',*,*,#555,.T.);
#555 = EDGE_CURVE('',#449,#532,#556,.T.);
#556 = LINE('',#557,#558);
#557 = CARTESIAN_POINT('',(0.3,-0.25,3.5E-02));
#558 = VECTOR('',#559,1.);
#559 = DIRECTION('',(0.,1.,0.));
#560 = ORIENTED_EDGE('',*,*,#539,.F.);
#561 = PLANE('',#562);
#562 = AXIS2_PLACEMENT_3D('',#563,#564,#565);
#563 = CARTESIAN_POINT('',(-0.465,-0.25,3.5E-02));
#564 = DIRECTION('',(0.,0.,1.));
#565 = DIRECTION('',(1.,0.,-0.));
#566 = ADVANCED_FACE('',(#567),#630,.F.);
#567 = FACE_BOUND('',#568,.F.);
#568 = EDGE_LOOP('',(#569,#579,#586,#587,#588,#589,#598,#606,#615,#623)
  );
#569 = ORIENTED_EDGE('',*,*,#570,.F.);
#570 = EDGE_CURVE('',#571,#573,#575,.T.);
#571 = VERTEX_POINT('',#572);
#572 = CARTESIAN_POINT('',(0.335,-0.25,-2.775557561563E-17));
#573 = VERTEX_POINT('',#574);
#574 = CARTESIAN_POINT('',(0.465,-0.25,-2.775557561563E-17));
#575 = LINE('',#576,#577);
#576 = CARTESIAN_POINT('',(0.3,-0.25,0.));
#577 = VECTOR('',#578,1.);
#578 = DIRECTION('',(1.,0.,0.));
#579 = ORIENTED_EDGE('',*,*,#580,.F.);
#580 = EDGE_CURVE('',#449,#571,#581,.T.);
#581 = CIRCLE('',#582,3.5E-02);
#582 = AXIS2_PLACEMENT_3D('',#583,#584,#585);
#583 = CARTESIAN_POINT('',(0.335,-0.25,3.5E-02));
#584 = DIRECTION('',(0.,-1.,0.));
#585 = DIRECTION('',(0.,0.,1.));
#586 = ORIENTED_EDGE('',*,*,#448,.T.);
#587 = ORIENTED_EDGE('',*,*,#440,.T.);
#588 = ORIENTED_EDGE('',*,*,#432,.F.);
#589 = ORIENTED_EDGE('',*,*,#590,.T.);
#590 = EDGE_CURVE('',#425,#591,#593,.T.);
#591 = VERTEX_POINT('',#592);
#592 = CARTESIAN_POINT('',(0.335,-0.25,0.35));
#593 = CIRCLE('',#594,3.5E-02);
#594 = AXIS2_PLACEMENT_3D('',#595,#596,#597);
#595 = CARTESIAN_POINT('',(0.335,-0.25,0.315));
#596 = DIRECTION('',(0.,1.,0.));
#597 = DIRECTION('',(0.,-0.,1.));
#598 = ORIENTED_EDGE('',*,*,#599,.T.);
#599 = EDGE_CURVE('',#591,#600,#602,.T.);
#600 = VERTEX_POINT('',#601);
#601 = CARTESIAN_POINT('',(0.465,-0.25,0.35));
#602 = LINE('',#603,#604);
#603 = CARTESIAN_POINT('',(0.3,-0.25,0.35));
#604 = VECTOR('',#605,1.);
#605 = DIRECTION('',(1.,0.,0.));
#606 = ORIENTED_EDGE('',*,*,#607,.F.);
#607 = EDGE_CURVE('',#608,#600,#610,.T.);
#608 = VERTEX_POINT('',#609);
#609 = CARTESIAN_POINT('',(0.5,-0.25,0.315));
#610 = CIRCLE('',#611,3.5E-02);
#611 = AXIS2_PLACEMENT_3D('',#612,#613,#614);
#612 = CARTESIAN_POINT('',(0.465,-0.25,0.315));
#613 = DIRECTION('',(0.,-1.,0.));
#614 = DIRECTION('',(0.,0.,1.));
#615 = ORIENTED_EDGE('',*,*,#616,.F.);
#616 = EDGE_CURVE('',#617,#608,#619,.T.);
#617 = VERTEX_POINT('',#618);
#618 = CARTESIAN_POINT('',(0.5,-0.25,3.5E-02));
#619 = LINE('',#620,#621);
#620 = CARTESIAN_POINT('',(0.5,-0.25,0.));
#621 = VECTOR('',#622,1.);
#622 = DIRECTION('',(0.,0.,1.));
#623 = ORIENTED_EDGE('',*,*,#624,.T.);
#624 = EDGE_CURVE('',#617,#573,#625,.T.);
#625 = CIRCLE('',#626,3.5E-02);
#626 = AXIS2_PLACEMENT_3D('',#627,#628,#629);
#627 = CARTESIAN_POINT('',(0.465,-0.25,3.5E-02));
#628 = DIRECTION('',(0.,1.,0.));
#629 = DIRECTION('',(0.,-0.,1.));
#630 = PLANE('',#631);
#631 = AXIS2_PLACEMENT_3D('',#632,#633,#634);
#632 = CARTESIAN_POINT('',(0.3,-0.25,0.));
#633 = DIRECTION('',(0.,1.,0.));
#634 = DIRECTION('',(0.,-0.,1.));
#635 = ADVANCED_FACE('',(#636),#661,.F.);
#636 = FACE_BOUND('',#637,.F.);
#637 = EDGE_LOOP('',(#638,#639,#647,#655));
#638 = ORIENTED_EDGE('',*,*,#424,.F.);
#639 = ORIENTED_EDGE('',*,*,#640,.T.);
#640 = EDGE_CURVE('',#223,#641,#643,.T.);
#641 = VERTEX_POINT('',#642);
#642 = CARTESIAN_POINT('',(-0.3,-0.25,0.35));
#643 = LINE('',#644,#645);
#644 = CARTESIAN_POINT('',(-0.3,-0.25,0.315));
#645 = VECTOR('',#646,1.);
#646 = DIRECTION('',(0.,0.,1.));
#647 = ORIENTED_EDGE('',*,*,#648,.T.);
#648 = EDGE_CURVE('',#641,#649,#651,.T.);
#649 = VERTEX_POINT('',#650);
#650 = CARTESIAN_POINT('',(0.3,-0.25,0.35));
#651 = LINE('',#652,#653);
#652 = CARTESIAN_POINT('',(-0.3,-0.25,0.35));
#653 = VECTOR('',#654,1.);
#654 = DIRECTION('',(1.,0.,0.));
#655 = ORIENTED_EDGE('',*,*,#656,.F.);
#656 = EDGE_CURVE('',#425,#649,#657,.T.);
#657 = LINE('',#658,#659);
#658 = CARTESIAN_POINT('',(0.3,-0.25,0.315));
#659 = VECTOR('',#660,1.);
#660 = DIRECTION('',(0.,0.,1.));
#661 = PLANE('',#662);
#662 = AXIS2_PLACEMENT_3D('',#663,#664,#665);
#663 = CARTESIAN_POINT('',(-0.3,-0.25,0.315));
#664 = DIRECTION('',(0.,1.,0.));
#665 = DIRECTION('',(0.,-0.,1.));
#666 = ADVANCED_FACE('',(#667),#685,.F.);
#667 = FACE_BOUND('',#668,.F.);
#668 = EDGE_LOOP('',(#669,#670,#671,#679));
#669 = ORIENTED_EDGE('',*,*,#640,.F.);
#670 = ORIENTED_EDGE('',*,*,#487,.T.);
#671 = ORIENTED_EDGE('',*,*,#672,.T.);
#672 = EDGE_CURVE('',#340,#673,#675,.T.);
#673 = VERTEX_POINT('',#674);
#674 = CARTESIAN_POINT('',(-0.3,0.25,0.35));
#675 = LINE('',#676,#677);
#676 = CARTESIAN_POINT('',(-0.3,0.25,0.315));
#677 = VECTOR('',#678,1.);
#678 = DIRECTION('',(0.,0.,1.));
#679 = ORIENTED_EDGE('',*,*,#680,.F.);
#680 = EDGE_CURVE('',#641,#673,#681,.T.);
#681 = LINE('',#682,#683);
#682 = CARTESIAN_POINT('',(-0.3,-0.25,0.35));
#683 = VECTOR('',#684,1.);
#684 = DIRECTION('',(0.,1.,0.));
#685 = PLANE('',#686);
#686 = AXIS2_PLACEMENT_3D('',#687,#688,#689);
#687 = CARTESIAN_POINT('',(-0.3,-0.25,0.315));
#688 = DIRECTION('',(1.,0.,0.));
#689 = DIRECTION('',(0.,0.,1.));
#690 = ADVANCED_FACE('',(#691),#754,.T.);
#691 = FACE_BOUND('',#692,.T.);
#692 = EDGE_LOOP('',(#693,#703,#710,#711,#712,#713,#722,#730,#739,#747)
  );
#693 = ORIENTED_EDGE('',*,*,#694,.F.);
#694 = EDGE_CURVE('',#695,#697,#699,.T.);
#695 = VERTEX_POINT('',#696);
#696 = CARTESIAN_POINT('',(0.335,0.25,-2.775557561563E-17));
#697 = VERTEX_POINT('',#698);
#698 = CARTESIAN_POINT('',(0.465,0.25,-2.775557561563E-17));
#699 = LINE('',#700,#701);
#700 = CARTESIAN_POINT('',(0.3,0.25,0.));
#701 = VECTOR('',#702,1.);
#702 = DIRECTION('',(1.,0.,0.));
#703 = ORIENTED_EDGE('',*,*,#704,.F.);
#704 = EDGE_CURVE('',#532,#695,#705,.T.);
#705 = CIRCLE('',#706,3.5E-02);
#706 = AXIS2_PLACEMENT_3D('',#707,#708,#709);
#707 = CARTESIAN_POINT('',(0.335,0.25,3.5E-02));
#708 = DIRECTION('',(0.,-1.,0.));
#709 = DIRECTION('',(0.,0.,1.));
#710 = ORIENTED_EDGE('',*,*,#531,.T.);
#711 = ORIENTED_EDGE('',*,*,#523,.T.);
#712 = ORIENTED_EDGE('',*,*,#515,.F.);
#713 = ORIENTED_EDGE('',*,*,#714,.T.);
#714 = EDGE_CURVE('',#508,#715,#717,.T.);
#715 = VERTEX_POINT('',#716);
#716 = CARTESIAN_POINT('',(0.335,0.25,0.35));
#717 = CIRCLE('',#718,3.5E-02);
#718 = AXIS2_PLACEMENT_3D('',#719,#720,#721);
#719 = CARTESIAN_POINT('',(0.335,0.25,0.315));
#720 = DIRECTION('',(0.,1.,0.));
#721 = DIRECTION('',(0.,-0.,1.));
#722 = ORIENTED_EDGE('',*,*,#723,.T.);
#723 = EDGE_CURVE('',#715,#724,#726,.T.);
#724 = VERTEX_POINT('',#725);
#725 = CARTESIAN_POINT('',(0.465,0.25,0.35));
#726 = LINE('',#727,#728);
#727 = CARTESIAN_POINT('',(0.3,0.25,0.35));
#728 = VECTOR('',#729,1.);
#729 = DIRECTION('',(1.,0.,0.));
#730 = ORIENTED_EDGE('',*,*,#731,.F.);
#731 = EDGE_CURVE('',#732,#724,#734,.T.);
#732 = VERTEX_POINT('',#733);
#733 = CARTESIAN_POINT('',(0.5,0.25,0.315));
#734 = CIRCLE('',#735,3.5E-02);
#735 = AXIS2_PLACEMENT_3D('',#736,#737,#738);
#736 = CARTESIAN_POINT('',(0.465,0.25,0.315));
#737 = DIRECTION('',(0.,-1.,0.));
#738 = DIRECTION('',(0.,0.,1.));
#739 = ORIENTED_EDGE('',*,*,#740,.F.);
#740 = EDGE_CURVE('',#741,#732,#743,.T.);
#741 = VERTEX_POINT('',#742);
#742 = CARTESIAN_POINT('',(0.5,0.25,3.5E-02));
#743 = LINE('',#744,#745);
#744 = CARTESIAN_POINT('',(0.5,0.25,0.));
#745 = VECTOR('',#746,1.);
#746 = DIRECTION('',(0.,0.,1.));
#747 = ORIENTED_EDGE('',*,*,#748,.T.);
#748 = EDGE_CURVE('',#741,#697,#749,.T.);
#749 = CIRCLE('',#750,3.5E-02);
#750 = AXIS2_PLACEMENT_3D('',#751,#752,#753);
#751 = CARTESIAN_POINT('',(0.465,0.25,3.5E-02));
#752 = DIRECTION('',(0.,1.,0.));
#753 = DIRECTION('',(0.,-0.,1.));
#754 = PLANE('',#755);
#755 = AXIS2_PLACEMENT_3D('',#756,#757,#758);
#756 = CARTESIAN_POINT('',(0.3,0.25,0.));
#757 = DIRECTION('',(0.,1.,0.));
#758 = DIRECTION('',(0.,-0.,1.));
#759 = ADVANCED_FACE('',(#760),#778,.T.);
#760 = FACE_BOUND('',#761,.T.);
#761 = EDGE_LOOP('',(#762,#763,#764,#772));
#762 = ORIENTED_EDGE('',*,*,#507,.F.);
#763 = ORIENTED_EDGE('',*,*,#672,.T.);
#764 = ORIENTED_EDGE('',*,*,#765,.T.);
#765 = EDGE_CURVE('',#673,#766,#768,.T.);
#766 = VERTEX_POINT('',#767);
#767 = CARTESIAN_POINT('',(0.3,0.25,0.35));
#768 = LINE('',#769,#770);
#769 = CARTESIAN_POINT('',(-0.3,0.25,0.35));
#770 = VECTOR('',#771,1.);
#771 = DIRECTION('',(1.,0.,0.));
#772 = ORIENTED_EDGE('',*,*,#773,.F.);
#773 = EDGE_CURVE('',#508,#766,#774,.T.);
#774 = LINE('',#775,#776);
#775 = CARTESIAN_POINT('',(0.3,0.25,0.315));
#776 = VECTOR('',#777,1.);
#777 = DIRECTION('',(0.,0.,1.));
#778 = PLANE('',#779);
#779 = AXIS2_PLACEMENT_3D('',#780,#781,#782);
#780 = CARTESIAN_POINT('',(-0.3,0.25,0.315));
#781 = DIRECTION('',(0.,1.,0.));
#782 = DIRECTION('',(0.,-0.,1.));
#783 = ADVANCED_FACE('',(#784),#795,.T.);
#784 = FACE_BOUND('',#785,.T.);
#785 = EDGE_LOOP('',(#786,#787,#788,#794));
#786 = ORIENTED_EDGE('',*,*,#555,.T.);
#787 = ORIENTED_EDGE('',*,*,#704,.T.);
#788 = ORIENTED_EDGE('',*,*,#789,.F.);
#789 = EDGE_CURVE('',#571,#695,#790,.T.);
#790 = LINE('',#791,#792);
#791 = CARTESIAN_POINT('',(0.335,-0.25,-2.775557561563E-17));
#792 = VECTOR('',#793,1.);
#793 = DIRECTION('',(0.,1.,0.));
#794 = ORIENTED_EDGE('',*,*,#580,.F.);
#795 = CYLINDRICAL_SURFACE('',#796,3.5E-02);
#796 = AXIS2_PLACEMENT_3D('',#797,#798,#799);
#797 = CARTESIAN_POINT('',(0.335,-0.25,3.5E-02));
#798 = DIRECTION('',(0.,1.,0.));
#799 = DIRECTION('',(-1.,0.,0.));
#800 = ADVANCED_FACE('',(#801),#812,.F.);
#801 = FACE_BOUND('',#802,.F.);
#802 = EDGE_LOOP('',(#803,#804,#805,#806));
#803 = ORIENTED_EDGE('',*,*,#694,.F.);
#804 = ORIENTED_EDGE('',*,*,#789,.F.);
#805 = ORIENTED_EDGE('',*,*,#570,.T.);
#806 = ORIENTED_EDGE('',*,*,#807,.T.);
#807 = EDGE_CURVE('',#573,#697,#808,.T.);
#808 = LINE('',#809,#810);
#809 = CARTESIAN_POINT('',(0.465,-0.25,-2.775557561563E-17));
#810 = VECTOR('',#811,1.);
#811 = DIRECTION('',(0.,1.,0.));
#812 = PLANE('',#813);
#813 = AXIS2_PLACEMENT_3D('',#814,#815,#816);
#814 = CARTESIAN_POINT('',(0.3,-0.25,0.));
#815 = DIRECTION('',(0.,0.,1.));
#816 = DIRECTION('',(1.,0.,-0.));
#817 = ADVANCED_FACE('',(#818),#829,.T.);
#818 = FACE_BOUND('',#819,.T.);
#819 = EDGE_LOOP('',(#820,#821,#822,#823));
#820 = ORIENTED_EDGE('',*,*,#624,.T.);
#821 = ORIENTED_EDGE('',*,*,#807,.T.);
#822 = ORIENTED_EDGE('',*,*,#748,.F.);
#823 = ORIENTED_EDGE('',*,*,#824,.F.);
#824 = EDGE_CURVE('',#617,#741,#825,.T.);
#825 = LINE('',#826,#827);
#826 = CARTESIAN_POINT('',(0.5,-0.25,3.5E-02));
#827 = VECTOR('',#828,1.);
#828 = DIRECTION('',(0.,1.,0.));
#829 = CYLINDRICAL_SURFACE('',#830,3.5E-02);
#830 = AXIS2_PLACEMENT_3D('',#831,#832,#833);
#831 = CARTESIAN_POINT('',(0.465,-0.25,3.5E-02));
#832 = DIRECTION('',(0.,1.,0.));
#833 = DIRECTION('',(1.,0.,0.));
#834 = ADVANCED_FACE('',(#835),#846,.T.);
#835 = FACE_BOUND('',#836,.T.);
#836 = EDGE_LOOP('',(#837,#838,#839,#840));
#837 = ORIENTED_EDGE('',*,*,#616,.F.);
#838 = ORIENTED_EDGE('',*,*,#824,.T.);
#839 = ORIENTED_EDGE('',*,*,#740,.T.);
#840 = ORIENTED_EDGE('',*,*,#841,.F.);
#841 = EDGE_CURVE('',#608,#732,#842,.T.);
#842 = LINE('',#843,#844);
#843 = CARTESIAN_POINT('',(0.5,-0.25,0.315));
#844 = VECTOR('',#845,1.);
#845 = DIRECTION('',(0.,1.,0.));
#846 = PLANE('',#847);
#847 = AXIS2_PLACEMENT_3D('',#848,#849,#850);
#848 = CARTESIAN_POINT('',(0.5,-0.25,0.));
#849 = DIRECTION('',(1.,0.,0.));
#850 = DIRECTION('',(0.,0.,1.));
#851 = ADVANCED_FACE('',(#852),#863,.T.);
#852 = FACE_BOUND('',#853,.T.);
#853 = EDGE_LOOP('',(#854,#855,#856,#862));
#854 = ORIENTED_EDGE('',*,*,#841,.T.);
#855 = ORIENTED_EDGE('',*,*,#731,.T.);
#856 = ORIENTED_EDGE('',*,*,#857,.F.);
#857 = EDGE_CURVE('',#600,#724,#858,.T.);
#858 = LINE('',#859,#860);
#859 = CARTESIAN_POINT('',(0.465,-0.25,0.35));
#860 = VECTOR('',#861,1.);
#861 = DIRECTION('',(0.,1.,0.));
#862 = ORIENTED_EDGE('',*,*,#607,.F.);
#863 = CYLINDRICAL_SURFACE('',#864,3.5E-02);
#864 = AXIS2_PLACEMENT_3D('',#865,#866,#867);
#865 = CARTESIAN_POINT('',(0.465,-0.25,0.315));
#866 = DIRECTION('',(0.,1.,0.));
#867 = DIRECTION('',(1.,0.,0.));
#868 = ADVANCED_FACE('',(#869),#880,.T.);
#869 = FACE_BOUND('',#870,.T.);
#870 = EDGE_LOOP('',(#871,#872,#878,#879));
#871 = ORIENTED_EDGE('',*,*,#723,.F.);
#872 = ORIENTED_EDGE('',*,*,#873,.F.);
#873 = EDGE_CURVE('',#591,#715,#874,.T.);
#874 = LINE('',#875,#876);
#875 = CARTESIAN_POINT('',(0.335,-0.25,0.35));
#876 = VECTOR('',#877,1.);
#877 = DIRECTION('',(0.,1.,0.));
#878 = ORIENTED_EDGE('',*,*,#599,.T.);
#879 = ORIENTED_EDGE('',*,*,#857,.T.);
#880 = PLANE('',#881);
#881 = AXIS2_PLACEMENT_3D('',#882,#883,#884);
#882 = CARTESIAN_POINT('',(0.3,-0.25,0.35));
#883 = DIRECTION('',(0.,0.,1.));
#884 = DIRECTION('',(1.,0.,-0.));
#885 = ADVANCED_FACE('',(#886),#897,.T.);
#886 = FACE_BOUND('',#887,.T.);
#887 = EDGE_LOOP('',(#888,#889,#890,#891));
#888 = ORIENTED_EDGE('',*,*,#590,.T.);
#889 = ORIENTED_EDGE('',*,*,#873,.T.);
#890 = ORIENTED_EDGE('',*,*,#714,.F.);
#891 = ORIENTED_EDGE('',*,*,#892,.F.);
#892 = EDGE_CURVE('',#425,#508,#893,.T.);
#893 = LINE('',#894,#895);
#894 = CARTESIAN_POINT('',(0.3,-0.25,0.315));
#895 = VECTOR('',#896,1.);
#896 = DIRECTION('',(0.,1.,0.));
#897 = CYLINDRICAL_SURFACE('',#898,3.5E-02);
#898 = AXIS2_PLACEMENT_3D('',#899,#900,#901);
#899 = CARTESIAN_POINT('',(0.335,-0.25,0.315));
#900 = DIRECTION('',(0.,1.,0.));
#901 = DIRECTION('',(-1.,0.,0.));
#902 = ADVANCED_FACE('',(#903),#914,.T.);
#903 = FACE_BOUND('',#904,.T.);
#904 = EDGE_LOOP('',(#905,#906,#907,#908));
#905 = ORIENTED_EDGE('',*,*,#656,.F.);
#906 = ORIENTED_EDGE('',*,*,#892,.T.);
#907 = ORIENTED_EDGE('',*,*,#773,.T.);
#908 = ORIENTED_EDGE('',*,*,#909,.F.);
#909 = EDGE_CURVE('',#649,#766,#910,.T.);
#910 = LINE('',#911,#912);
#911 = CARTESIAN_POINT('',(0.3,-0.25,0.35));
#912 = VECTOR('',#913,1.);
#913 = DIRECTION('',(0.,1.,0.));
#914 = PLANE('',#915);
#915 = AXIS2_PLACEMENT_3D('',#916,#917,#918);
#916 = CARTESIAN_POINT('',(0.3,-0.25,0.315));
#917 = DIRECTION('',(1.,0.,0.));
#918 = DIRECTION('',(0.,0.,1.));
#919 = ADVANCED_FACE('',(#920),#926,.T.);
#920 = FACE_BOUND('',#921,.T.);
#921 = EDGE_LOOP('',(#922,#923,#924,#925));
#922 = ORIENTED_EDGE('',*,*,#680,.F.);
#923 = ORIENTED_EDGE('',*,*,#648,.T.);
#924 = ORIENTED_EDGE('',*,*,#909,.T.);
#925 = ORIENTED_EDGE('',*,*,#765,.F.);
#926 = PLANE('',#927);
#927 = AXIS2_PLACEMENT_3D('',#928,#929,#930);
#928 = CARTESIAN_POINT('',(-0.3,-0.25,0.35));
#929 = DIRECTION('',(0.,0.,1.));
#930 = DIRECTION('',(1.,0.,-0.));
#931 = ( GEOMETRIC_REPRESENTATION_CONTEXT(3) 
GLOBAL_UNCERTAINTY_ASSIGNED_CONTEXT((#935)) GLOBAL_UNIT_ASSIGNED_CONTEXT
((#932,#933,#934)) REPRESENTATION_CONTEXT('Context #1',
  '3D Context with UNIT and UNCERTAINTY') );
#932 = ( LENGTH_UNIT() NAMED_UNIT(*) SI_UNIT(.MILLI.,.METRE.) );
#933 = ( NAMED_UNIT(*) PLANE_ANGLE_UNIT() SI_UNIT($,.RADIAN.) );
#934 = ( NAMED_UNIT(*) SI_UNIT($,.STERADIAN.) SOLID_ANGLE_UNIT() );
#935 = UNCERTAINTY_MEASURE_WITH_UNIT(LENGTH_MEASURE(1.E-07),#932,
  'distance_accuracy_value','confusion accuracy');
#936 = CONTEXT_DEPENDENT_SHAPE_REPRESENTATION(#937,#939);
#937 = ( REPRESENTATION_RELATIONSHIP('','',#140,#10) 
REPRESENTATION_RELATIONSHIP_WITH_TRANSFORMATION(#938) 
SHAPE_REPRESENTATION_RELATIONSHIP() );
#938 = ITEM_DEFINED_TRANSFORMATION('','',#11,#15);
#939 = PRODUCT_DEFINITION_SHAPE('Placement','Placement of an item',#940
  );
#940 = NEXT_ASSEMBLY_USAGE_OCCURRENCE('1','R6','',#5,#135,$);
#941 = PRODUCT_RELATED_PRODUCT_CATEGORY('part',$,(#137));
#942 = SHAPE_DEFINITION_REPRESENTATION(#943,#949);
#943 = PRODUCT_DEFINITION_SHAPE('','',#944);
#944 = PRODUCT_DEFINITION('design','',#945,#948);
#945 = PRODUCT_DEFINITION_FORMATION('','',#946);
#946 = PRODUCT('C_0402_1005Metric','C_0402_1005Metric','',(#947));
#947 = PRODUCT_CONTEXT('',#2,'mechanical');
#948 = PRODUCT_DEFINITION_CONTEXT('part definition',#2,'design');
#949 = ADVANCED_BREP_SHAPE_REPRESENTATION('',(#11,#950),#1804);
#950 = MANIFOLD_SOLID_BREP('',#951);
#951 = CLOSED_SHELL('',(#952,#1028,#1059,#1084,#1109,#1133,#1157,#1182,
    #1207,#1224,#1310,#1342,#1366,#1391,#1415,#1440,#1464,#1489,#1506,
    #1592,#1623,#1648,#1673,#1697,#1721,#1746,#1771,#1788));
#952 = ADVANCED_FACE('',(#953),#1023,.F.);
#953 = FACE_BOUND('',#954,.F.);
#954 = EDGE_LOOP('',(#955,#965,#974,#982,#991,#999,#1008,#1016));
#955 = ORIENTED_EDGE('',*,*,#956,.F.);
#956 = EDGE_CURVE('',#957,#959,#961,.T.);
#957 = VERTEX_POINT('',#958);
#958 = CARTESIAN_POINT('',(-0.5,-0.25,2.E-02));
#959 = VERTEX_POINT('',#960);
#960 = CARTESIAN_POINT('',(-0.5,-0.25,0.48));
#961 = LINE('',#962,#963);
#962 = CARTESIAN_POINT('',(-0.5,-0.25,0.));
#963 = VECTOR('',#964,1.);
#964 = DIRECTION('',(0.,0.,1.));
#965 = ORIENTED_EDGE('',*,*,#966,.T.);
#966 = EDGE_CURVE('',#957,#967,#969,.T.);
#967 = VERTEX_POINT('',#968);
#968 = CARTESIAN_POINT('',(-0.5,-0.23,0.));
#969 = CIRCLE('',#970,2.E-02);
#970 = AXIS2_PLACEMENT_3D('',#971,#972,#973);
#971 = CARTESIAN_POINT('',(-0.5,-0.23,2.E-02));
#972 = DIRECTION('',(1.,0.,-0.));
#973 = DIRECTION('',(0.,0.,1.));
#974 = ORIENTED_EDGE('',*,*,#975,.T.);
#975 = EDGE_CURVE('',#967,#976,#978,.T.);
#976 = VERTEX_POINT('',#977);
#977 = CARTESIAN_POINT('',(-0.5,0.23,0.));
#978 = LINE('',#979,#980);
#979 = CARTESIAN_POINT('',(-0.5,-0.25,0.));
#980 = VECTOR('',#981,1.);
#981 = DIRECTION('',(0.,1.,0.));
#982 = ORIENTED_EDGE('',*,*,#983,.F.);
#983 = EDGE_CURVE('',#984,#976,#986,.T.);
#984 = VERTEX_POINT('',#985);
#985 = CARTESIAN_POINT('',(-0.5,0.25,2.E-02));
#986 = CIRCLE('',#987,2.E-02);
#987 = AXIS2_PLACEMENT_3D('',#988,#989,#990);
#988 = CARTESIAN_POINT('',(-0.5,0.23,2.E-02));
#989 = DIRECTION('',(-1.,0.,0.));
#990 = DIRECTION('',(0.,0.,1.));
#991 = ORIENTED_EDGE('',*,*,#992,.T.);
#992 = EDGE_CURVE('',#984,#993,#995,.T.);
#993 = VERTEX_POINT('',#994);
#994 = CARTESIAN_POINT('',(-0.5,0.25,0.48));
#995 = LINE('',#996,#997);
#996 = CARTESIAN_POINT('',(-0.5,0.25,0.));
#997 = VECTOR('',#998,1.);
#998 = DIRECTION('',(0.,0.,1.));
#999 = ORIENTED_EDGE('',*,*,#1000,.T.);
#1000 = EDGE_CURVE('',#993,#1001,#1003,.T.);
#1001 = VERTEX_POINT('',#1002);
#1002 = CARTESIAN_POINT('',(-0.5,0.23,0.5));
#1003 = CIRCLE('',#1004,2.E-02);
#1004 = AXIS2_PLACEMENT_3D('',#1005,#1006,#1007);
#1005 = CARTESIAN_POINT('',(-0.5,0.23,0.48));
#1006 = DIRECTION('',(1.,0.,-0.));
#1007 = DIRECTION('',(0.,0.,1.));
#1008 = ORIENTED_EDGE('',*,*,#1009,.F.);
#1009 = EDGE_CURVE('',#1010,#1001,#1012,.T.);
#1010 = VERTEX_POINT('',#1011);
#1011 = CARTESIAN_POINT('',(-0.5,-0.23,0.5));
#1012 = LINE('',#1013,#1014);
#1013 = CARTESIAN_POINT('',(-0.5,-0.25,0.5));
#1014 = VECTOR('',#1015,1.);
#1015 = DIRECTION('',(0.,1.,0.));
#1016 = ORIENTED_EDGE('',*,*,#1017,.F.);
#1017 = EDGE_CURVE('',#959,#1010,#1018,.T.);
#1018 = CIRCLE('',#1019,2.E-02);
#1019 = AXIS2_PLACEMENT_3D('',#1020,#1021,#1022);
#1020 = CARTESIAN_POINT('',(-0.5,-0.23,0.48));
#1021 = DIRECTION('',(-1.,0.,0.));
#1022 = DIRECTION('',(0.,0.,1.));
#1023 = PLANE('',#1024);
#1024 = AXIS2_PLACEMENT_3D('',#1025,#1026,#1027);
#1025 = CARTESIAN_POINT('',(-0.5,-0.25,0.));
#1026 = DIRECTION('',(1.,0.,0.));
#1027 = DIRECTION('',(0.,0.,1.));
#1028 = ADVANCED_FACE('',(#1029),#1054,.F.);
#1029 = FACE_BOUND('',#1030,.F.);
#1030 = EDGE_LOOP('',(#1031,#1041,#1047,#1048));
#1031 = ORIENTED_EDGE('',*,*,#1032,.F.);
#1032 = EDGE_CURVE('',#1033,#1035,#1037,.T.);
#1033 = VERTEX_POINT('',#1034);
#1034 = CARTESIAN_POINT('',(-0.3,-0.25,2.E-02));
#1035 = VERTEX_POINT('',#1036);
#1036 = CARTESIAN_POINT('',(-0.3,-0.25,0.48));
#1037 = LINE('',#1038,#1039);
#1038 = CARTESIAN_POINT('',(-0.3,-0.25,0.));
#1039 = VECTOR('',#1040,1.);
#1040 = DIRECTION('',(0.,0.,1.));
#1041 = ORIENTED_EDGE('',*,*,#1042,.F.);
#1042 = EDGE_CURVE('',#957,#1033,#1043,.T.);
#1043 = LINE('',#1044,#1045);
#1044 = CARTESIAN_POINT('',(-0.5,-0.25,2.E-02));
#1045 = VECTOR('',#1046,1.);
#1046 = DIRECTION('',(1.,0.,0.));
#1047 = ORIENTED_EDGE('',*,*,#956,.T.);
#1048 = ORIENTED_EDGE('',*,*,#1049,.T.);
#1049 = EDGE_CURVE('',#959,#1035,#1050,.T.);
#1050 = LINE('',#1051,#1052);
#1051 = CARTESIAN_POINT('',(-0.5,-0.25,0.48));
#1052 = VECTOR('',#1053,1.);
#1053 = DIRECTION('',(1.,0.,0.));
#1054 = PLANE('',#1055);
#1055 = AXIS2_PLACEMENT_3D('',#1056,#1057,#1058);
#1056 = CARTESIAN_POINT('',(-0.5,-0.25,0.));
#1057 = DIRECTION('',(0.,1.,0.));
#1058 = DIRECTION('',(0.,-0.,1.));
#1059 = ADVANCED_FACE('',(#1060),#1079,.T.);
#1060 = FACE_BOUND('',#1061,.T.);
#1061 = EDGE_LOOP('',(#1062,#1063,#1071,#1078));
#1062 = ORIENTED_EDGE('',*,*,#966,.T.);
#1063 = ORIENTED_EDGE('',*,*,#1064,.T.);
#1064 = EDGE_CURVE('',#967,#1065,#1067,.T.);
#1065 = VERTEX_POINT('',#1066);
#1066 = CARTESIAN_POINT('',(-0.3,-0.23,0.));
#1067 = LINE('',#1068,#1069);
#1068 = CARTESIAN_POINT('',(-0.5,-0.23,0.));
#1069 = VECTOR('',#1070,1.);
#1070 = DIRECTION('',(1.,0.,0.));
#1071 = ORIENTED_EDGE('',*,*,#1072,.F.);
#1072 = EDGE_CURVE('',#1033,#1065,#1073,.T.);
#1073 = CIRCLE('',#1074,2.E-02);
#1074 = AXIS2_PLACEMENT_3D('',#1075,#1076,#1077);
#1075 = CARTESIAN_POINT('',(-0.3,-0.23,2.E-02));
#1076 = DIRECTION('',(1.,0.,-0.));
#1077 = DIRECTION('',(0.,0.,1.));
#1078 = ORIENTED_EDGE('',*,*,#1042,.F.);
#1079 = CYLINDRICAL_SURFACE('',#1080,2.E-02);
#1080 = AXIS2_PLACEMENT_3D('',#1081,#1082,#1083);
#1081 = CARTESIAN_POINT('',(-0.5,-0.23,2.E-02));
#1082 = DIRECTION('',(1.,0.,0.));
#1083 = DIRECTION('',(0.,-1.,0.));
#1084 = ADVANCED_FACE('',(#1085),#1104,.T.);
#1085 = FACE_BOUND('',#1086,.T.);
#1086 = EDGE_LOOP('',(#1087,#1088,#1097,#1103));
#1087 = ORIENTED_EDGE('',*,*,#1049,.T.);
#1088 = ORIENTED_EDGE('',*,*,#1089,.T.);
#1089 = EDGE_CURVE('',#1035,#1090,#1092,.T.);
#1090 = VERTEX_POINT('',#1091);
#1091 = CARTESIAN_POINT('',(-0.3,-0.23,0.5));
#1092 = CIRCLE('',#1093,2.E-02);
#1093 = AXIS2_PLACEMENT_3D('',#1094,#1095,#1096);
#1094 = CARTESIAN_POINT('',(-0.3,-0.23,0.48));
#1095 = DIRECTION('',(-1.,0.,0.));
#1096 = DIRECTION('',(0.,0.,1.));
#1097 = ORIENTED_EDGE('',*,*,#1098,.F.);
#1098 = EDGE_CURVE('',#1010,#1090,#1099,.T.);
#1099 = LINE('',#1100,#1101);
#1100 = CARTESIAN_POINT('',(-0.5,-0.23,0.5));
#1101 = VECTOR('',#1102,1.);
#1102 = DIRECTION('',(1.,0.,0.));
#1103 = ORIENTED_EDGE('',*,*,#1017,.F.);
#1104 = CYLINDRICAL_SURFACE('',#1105,2.E-02);
#1105 = AXIS2_PLACEMENT_3D('',#1106,#1107,#1108);
#1106 = CARTESIAN_POINT('',(-0.5,-0.23,0.48));
#1107 = DIRECTION('',(1.,0.,0.));
#1108 = DIRECTION('',(0.,-1.,0.));
#1109 = ADVANCED_FACE('',(#1110),#1128,.F.);
#1110 = FACE_BOUND('',#1111,.F.);
#1111 = EDGE_LOOP('',(#1112,#1113,#1114,#1122));
#1112 = ORIENTED_EDGE('',*,*,#975,.F.);
#1113 = ORIENTED_EDGE('',*,*,#1064,.T.);
#1114 = ORIENTED_EDGE('',*,*,#1115,.T.);
#1115 = EDGE_CURVE('',#1065,#1116,#1118,.T.);
#1116 = VERTEX_POINT('',#1117);
#1117 = CARTESIAN_POINT('',(-0.3,0.23,0.));
#1118 = LINE('',#1119,#1120);
#1119 = CARTESIAN_POINT('',(-0.3,-0.25,0.));
#1120 = VECTOR('',#1121,1.);
#1121 = DIRECTION('',(0.,1.,0.));
#1122 = ORIENTED_EDGE('',*,*,#1123,.F.);
#1123 = EDGE_CURVE('',#976,#1116,#1124,.T.);
#1124 = LINE('',#1125,#1126);
#1125 = CARTESIAN_POINT('',(-0.5,0.23,0.));
#1126 = VECTOR('',#1127,1.);
#1127 = DIRECTION('',(1.,0.,0.));
#1128 = PLANE('',#1129);
#1129 = AXIS2_PLACEMENT_3D('',#1130,#1131,#1132);
#1130 = CARTESIAN_POINT('',(-0.5,-0.25,0.));
#1131 = DIRECTION('',(0.,0.,1.));
#1132 = DIRECTION('',(1.,0.,-0.));
#1133 = ADVANCED_FACE('',(#1134),#1152,.T.);
#1134 = FACE_BOUND('',#1135,.T.);
#1135 = EDGE_LOOP('',(#1136,#1137,#1138,#1146));
#1136 = ORIENTED_EDGE('',*,*,#1009,.F.);
#1137 = ORIENTED_EDGE('',*,*,#1098,.T.);
#1138 = ORIENTED_EDGE('',*,*,#1139,.T.);
#1139 = EDGE_CURVE('',#1090,#1140,#1142,.T.);
#1140 = VERTEX_POINT('',#1141);
#1141 = CARTESIAN_POINT('',(-0.3,0.23,0.5));
#1142 = LINE('',#1143,#1144);
#1143 = CARTESIAN_POINT('',(-0.3,-0.25,0.5));
#1144 = VECTOR('',#1145,1.);
#1145 = DIRECTION('',(0.,1.,0.));
#1146 = ORIENTED_EDGE('',*,*,#1147,.F.);
#1147 = EDGE_CURVE('',#1001,#1140,#1148,.T.);
#1148 = LINE('',#1149,#1150);
#1149 = CARTESIAN_POINT('',(-0.5,0.23,0.5));
#1150 = VECTOR('',#1151,1.);
#1151 = DIRECTION('',(1.,0.,0.));
#1152 = PLANE('',#1153);
#1153 = AXIS2_PLACEMENT_3D('',#1154,#1155,#1156);
#1154 = CARTESIAN_POINT('',(-0.5,-0.25,0.5));
#1155 = DIRECTION('',(0.,0.,1.));
#1156 = DIRECTION('',(1.,0.,-0.));
#1157 = ADVANCED_FACE('',(#1158),#1177,.T.);
#1158 = FACE_BOUND('',#1159,.T.);
#1159 = EDGE_LOOP('',(#1160,#1168,#1175,#1176));
#1160 = ORIENTED_EDGE('',*,*,#1161,.T.);
#1161 = EDGE_CURVE('',#984,#1162,#1164,.T.);
#1162 = VERTEX_POINT('',#1163);
#1163 = CARTESIAN_POINT('',(-0.3,0.25,2.E-02));
#1164 = LINE('',#1165,#1166);
#1165 = CARTESIAN_POINT('',(-0.5,0.25,2.E-02));
#1166 = VECTOR('',#1167,1.);
#1167 = DIRECTION('',(1.,0.,0.));
#1168 = ORIENTED_EDGE('',*,*,#1169,.T.);
#1169 = EDGE_CURVE('',#1162,#1116,#1170,.T.);
#1170 = CIRCLE('',#1171,2.E-02);
#1171 = AXIS2_PLACEMENT_3D('',#1172,#1173,#1174);
#1172 = CARTESIAN_POINT('',(-0.3,0.23,2.E-02));
#1173 = DIRECTION('',(-1.,0.,0.));
#1174 = DIRECTION('',(0.,0.,1.));
#1175 = ORIENTED_EDGE('',*,*,#1123,.F.);
#1176 = ORIENTED_EDGE('',*,*,#983,.F.);
#1177 = CYLINDRICAL_SURFACE('',#1178,2.E-02);
#1178 = AXIS2_PLACEMENT_3D('',#1179,#1180,#1181);
#1179 = CARTESIAN_POINT('',(-0.5,0.23,2.E-02));
#1180 = DIRECTION('',(1.,0.,0.));
#1181 = DIRECTION('',(-0.,1.,0.));
#1182 = ADVANCED_FACE('',(#1183),#1202,.T.);
#1183 = FACE_BOUND('',#1184,.T.);
#1184 = EDGE_LOOP('',(#1185,#1186,#1187,#1196));
#1185 = ORIENTED_EDGE('',*,*,#1000,.T.);
#1186 = ORIENTED_EDGE('',*,*,#1147,.T.);
#1187 = ORIENTED_EDGE('',*,*,#1188,.F.);
#1188 = EDGE_CURVE('',#1189,#1140,#1191,.T.);
#1189 = VERTEX_POINT('',#1190);
#1190 = CARTESIAN_POINT('',(-0.3,0.25,0.48));
#1191 = CIRCLE('',#1192,2.E-02);
#1192 = AXIS2_PLACEMENT_3D('',#1193,#1194,#1195);
#1193 = CARTESIAN_POINT('',(-0.3,0.23,0.48));
#1194 = DIRECTION('',(1.,0.,-0.));
#1195 = DIRECTION('',(0.,0.,1.));
#1196 = ORIENTED_EDGE('',*,*,#1197,.F.);
#1197 = EDGE_CURVE('',#993,#1189,#1198,.T.);
#1198 = LINE('',#1199,#1200);
#1199 = CARTESIAN_POINT('',(-0.5,0.25,0.48));
#1200 = VECTOR('',#1201,1.);
#1201 = DIRECTION('',(1.,0.,0.));
#1202 = CYLINDRICAL_SURFACE('',#1203,2.E-02);
#1203 = AXIS2_PLACEMENT_3D('',#1204,#1205,#1206);
#1204 = CARTESIAN_POINT('',(-0.5,0.23,0.48));
#1205 = DIRECTION('',(1.,0.,0.));
#1206 = DIRECTION('',(-0.,1.,0.));
#1207 = ADVANCED_FACE('',(#1208),#1219,.T.);
#1208 = FACE_BOUND('',#1209,.T.);
#1209 = EDGE_LOOP('',(#1210,#1216,#1217,#1218));
#1210 = ORIENTED_EDGE('',*,*,#1211,.F.);
#1211 = EDGE_CURVE('',#1162,#1189,#1212,.T.);
#1212 = LINE('',#1213,#1214);
#1213 = CARTESIAN_POINT('',(-0.3,0.25,0.));
#1214 = VECTOR('',#1215,1.);
#1215 = DIRECTION('',(0.,0.,1.));
#1216 = ORIENTED_EDGE('',*,*,#1161,.F.);
#1217 = ORIENTED_EDGE('',*,*,#992,.T.);
#1218 = ORIENTED_EDGE('',*,*,#1197,.T.);
#1219 = PLANE('',#1220);
#1220 = AXIS2_PLACEMENT_3D('',#1221,#1222,#1223);
#1221 = CARTESIAN_POINT('',(-0.5,0.25,0.));
#1222 = DIRECTION('',(0.,1.,0.));
#1223 = DIRECTION('',(0.,-0.,1.));
#1224 = ADVANCED_FACE('',(#1225,#1235),#1305,.T.);
#1225 = FACE_BOUND('',#1226,.T.);
#1226 = EDGE_LOOP('',(#1227,#1228,#1229,#1230,#1231,#1232,#1233,#1234));
#1227 = ORIENTED_EDGE('',*,*,#1032,.F.);
#1228 = ORIENTED_EDGE('',*,*,#1072,.T.);
#1229 = ORIENTED_EDGE('',*,*,#1115,.T.);
#1230 = ORIENTED_EDGE('',*,*,#1169,.F.);
#1231 = ORIENTED_EDGE('',*,*,#1211,.T.);
#1232 = ORIENTED_EDGE('',*,*,#1188,.T.);
#1233 = ORIENTED_EDGE('',*,*,#1139,.F.);
#1234 = ORIENTED_EDGE('',*,*,#1089,.F.);
#1235 = FACE_BOUND('',#1236,.T.);
#1236 = EDGE_LOOP('',(#1237,#1248,#1256,#1265,#1273,#1282,#1290,#1299));
#1237 = ORIENTED_EDGE('',*,*,#1238,.F.);
#1238 = EDGE_CURVE('',#1239,#1241,#1243,.T.);
#1239 = VERTEX_POINT('',#1240);
#1240 = CARTESIAN_POINT('',(-0.3,-0.23,4.E-02));
#1241 = VERTEX_POINT('',#1242);
#1242 = CARTESIAN_POINT('',(-0.3,-0.21,2.E-02));
#1243 = CIRCLE('',#1244,2.E-02);
#1244 = AXIS2_PLACEMENT_3D('',#1245,#1246,#1247);
#1245 = CARTESIAN_POINT('',(-0.3,-0.21,4.E-02));
#1246 = DIRECTION('',(1.,0.,-0.));
#1247 = DIRECTION('',(0.,0.,1.));
#1248 = ORIENTED_EDGE('',*,*,#1249,.T.);
#1249 = EDGE_CURVE('',#1239,#1250,#1252,.T.);
#1250 = VERTEX_POINT('',#1251);
#1251 = CARTESIAN_POINT('',(-0.3,-0.23,0.46));
#1252 = LINE('',#1253,#1254);
#1253 = CARTESIAN_POINT('',(-0.3,-0.23,2.E-02));
#1254 = VECTOR('',#1255,1.);
#1255 = DIRECTION('',(0.,0.,1.));
#1256 = ORIENTED_EDGE('',*,*,#1257,.T.);
#1257 = EDGE_CURVE('',#1250,#1258,#1260,.T.);
#1258 = VERTEX_POINT('',#1259);
#1259 = CARTESIAN_POINT('',(-0.3,-0.21,0.48));
#1260 = CIRCLE('',#1261,2.E-02);
#1261 = AXIS2_PLACEMENT_3D('',#1262,#1263,#1264);
#1262 = CARTESIAN_POINT('',(-0.3,-0.21,0.46));
#1263 = DIRECTION('',(-1.,0.,0.));
#1264 = DIRECTION('',(0.,0.,1.));
#1265 = ORIENTED_EDGE('',*,*,#1266,.T.);
#1266 = EDGE_CURVE('',#1258,#1267,#1269,.T.);
#1267 = VERTEX_POINT('',#1268);
#1268 = CARTESIAN_POINT('',(-0.3,0.21,0.48));
#1269 = LINE('',#1270,#1271);
#1270 = CARTESIAN_POINT('',(-0.3,-0.23,0.48));
#1271 = VECTOR('',#1272,1.);
#1272 = DIRECTION('',(0.,1.,0.));
#1273 = ORIENTED_EDGE('',*,*,#1274,.F.);
#1274 = EDGE_CURVE('',#1275,#1267,#1277,.T.);
#1275 = VERTEX_POINT('',#1276);
#1276 = CARTESIAN_POINT('',(-0.3,0.23,0.46));
#1277 = CIRCLE('',#1278,2.E-02);
#1278 = AXIS2_PLACEMENT_3D('',#1279,#1280,#1281);
#1279 = CARTESIAN_POINT('',(-0.3,0.21,0.46));
#1280 = DIRECTION('',(1.,0.,-0.));
#1281 = DIRECTION('',(0.,0.,1.));
#1282 = ORIENTED_EDGE('',*,*,#1283,.F.);
#1283 = EDGE_CURVE('',#1284,#1275,#1286,.T.);
#1284 = VERTEX_POINT('',#1285);
#1285 = CARTESIAN_POINT('',(-0.3,0.23,4.E-02));
#1286 = LINE('',#1287,#1288);
#1287 = CARTESIAN_POINT('',(-0.3,0.23,2.E-02));
#1288 = VECTOR('',#1289,1.);
#1289 = DIRECTION('',(0.,0.,1.));
#1290 = ORIENTED_EDGE('',*,*,#1291,.T.);
#1291 = EDGE_CURVE('',#1284,#1292,#1294,.T.);
#1292 = VERTEX_POINT('',#1293);
#1293 = CARTESIAN_POINT('',(-0.3,0.21,2.E-02));
#1294 = CIRCLE('',#1295,2.E-02);
#1295 = AXIS2_PLACEMENT_3D('',#1296,#1297,#1298);
#1296 = CARTESIAN_POINT('',(-0.3,0.21,4.E-02));
#1297 = DIRECTION('',(-1.,0.,0.));
#1298 = DIRECTION('',(0.,0.,1.));
#1299 = ORIENTED_EDGE('',*,*,#1300,.F.);
#1300 = EDGE_CURVE('',#1241,#1292,#1301,.T.);
#1301 = LINE('',#1302,#1303);
#1302 = CARTESIAN_POINT('',(-0.3,-0.23,2.E-02));
#1303 = VECTOR('',#1304,1.);
#1304 = DIRECTION('',(0.,1.,0.));
#1305 = PLANE('',#1306);
#1306 = AXIS2_PLACEMENT_3D('',#1307,#1308,#1309);
#1307 = CARTESIAN_POINT('',(-0.3,-0.25,0.));
#1308 = DIRECTION('',(1.,0.,0.));
#1309 = DIRECTION('',(0.,0.,1.));
#1310 = ADVANCED_FACE('',(#1311),#1337,.T.);
#1311 = FACE_BOUND('',#1312,.T.);
#1312 = EDGE_LOOP('',(#1313,#1314,#1322,#1331));
#1313 = ORIENTED_EDGE('',*,*,#1238,.T.);
#1314 = ORIENTED_EDGE('',*,*,#1315,.T.);
#1315 = EDGE_CURVE('',#1241,#1316,#1318,.T.);
#1316 = VERTEX_POINT('',#1317);
#1317 = CARTESIAN_POINT('',(0.3,-0.21,2.E-02));
#1318 = LINE('',#1319,#1320);
#1319 = CARTESIAN_POINT('',(-0.3,-0.21,2.E-02));
#1320 = VECTOR('',#1321,1.);
#1321 = DIRECTION('',(1.,0.,0.));
#1322 = ORIENTED_EDGE('',*,*,#1323,.F.);
#1323 = EDGE_CURVE('',#1324,#1316,#1326,.T.);
#1324 = VERTEX_POINT('',#1325);
#1325 = CARTESIAN_POINT('',(0.3,-0.23,4.E-02));
#1326 = CIRCLE('',#1327,2.E-02);
#1327 = AXIS2_PLACEMENT_3D('',#1328,#1329,#1330);
#1328 = CARTESIAN_POINT('',(0.3,-0.21,4.E-02));
#1329 = DIRECTION('',(1.,0.,-0.));
#1330 = DIRECTION('',(0.,0.,1.));
#1331 = ORIENTED_EDGE('',*,*,#1332,.F.);
#1332 = EDGE_CURVE('',#1239,#1324,#1333,.T.);
#1333 = LINE('',#1334,#1335);
#1334 = CARTESIAN_POINT('',(-0.3,-0.23,4.E-02));
#1335 = VECTOR('',#1336,1.);
#1336 = DIRECTION('',(1.,0.,0.));
#1337 = CYLINDRICAL_SURFACE('',#1338,2.E-02);
#1338 = AXIS2_PLACEMENT_3D('',#1339,#1340,#1341);
#1339 = CARTESIAN_POINT('',(-0.3,-0.21,4.E-02));
#1340 = DIRECTION('',(1.,0.,0.));
#1341 = DIRECTION('',(0.,-1.,0.));
#1342 = ADVANCED_FACE('',(#1343),#1361,.F.);
#1343 = FACE_BOUND('',#1344,.F.);
#1344 = EDGE_LOOP('',(#1345,#1346,#1347,#1355));
#1345 = ORIENTED_EDGE('',*,*,#1300,.F.);
#1346 = ORIENTED_EDGE('',*,*,#1315,.T.);
#1347 = ORIENTED_EDGE('',*,*,#1348,.T.);
#1348 = EDGE_CURVE('',#1316,#1349,#1351,.T.);
#1349 = VERTEX_POINT('',#1350);
#1350 = CARTESIAN_POINT('',(0.3,0.21,2.E-02));
#1351 = LINE('',#1352,#1353);
#1352 = CARTESIAN_POINT('',(0.3,-0.23,2.E-02));
#1353 = VECTOR('',#1354,1.);
#1354 = DIRECTION('',(0.,1.,0.));
#1355 = ORIENTED_EDGE('',*,*,#1356,.F.);
#1356 = EDGE_CURVE('',#1292,#1349,#1357,.T.);
#1357 = LINE('',#1358,#1359);
#1358 = CARTESIAN_POINT('',(-0.3,0.21,2.E-02));
#1359 = VECTOR('',#1360,1.);
#1360 = DIRECTION('',(1.,0.,0.));
#1361 = PLANE('',#1362);
#1362 = AXIS2_PLACEMENT_3D('',#1363,#1364,#1365);
#1363 = CARTESIAN_POINT('',(-0.3,-0.23,2.E-02));
#1364 = DIRECTION('',(0.,0.,1.));
#1365 = DIRECTION('',(1.,0.,-0.));
#1366 = ADVANCED_FACE('',(#1367),#1386,.T.);
#1367 = FACE_BOUND('',#1368,.T.);
#1368 = EDGE_LOOP('',(#1369,#1377,#1384,#1385));
#1369 = ORIENTED_EDGE('',*,*,#1370,.T.);
#1370 = EDGE_CURVE('',#1284,#1371,#1373,.T.);
#1371 = VERTEX_POINT('',#1372);
#1372 = CARTESIAN_POINT('',(0.3,0.23,4.E-02));
#1373 = LINE('',#1374,#1375);
#1374 = CARTESIAN_POINT('',(-0.3,0.23,4.E-02));
#1375 = VECTOR('',#1376,1.);
#1376 = DIRECTION('',(1.,0.,0.));
#1377 = ORIENTED_EDGE('',*,*,#1378,.T.);
#1378 = EDGE_CURVE('',#1371,#1349,#1379,.T.);
#1379 = CIRCLE('',#1380,2.E-02);
#1380 = AXIS2_PLACEMENT_3D('',#1381,#1382,#1383);
#1381 = CARTESIAN_POINT('',(0.3,0.21,4.E-02));
#1382 = DIRECTION('',(-1.,0.,0.));
#1383 = DIRECTION('',(0.,0.,1.));
#1384 = ORIENTED_EDGE('',*,*,#1356,.F.);
#1385 = ORIENTED_EDGE('',*,*,#1291,.F.);
#1386 = CYLINDRICAL_SURFACE('',#1387,2.E-02);
#1387 = AXIS2_PLACEMENT_3D('',#1388,#1389,#1390);
#1388 = CARTESIAN_POINT('',(-0.3,0.21,4.E-02));
#1389 = DIRECTION('',(1.,0.,0.));
#1390 = DIRECTION('',(-0.,1.,0.));
#1391 = ADVANCED_FACE('',(#1392),#1410,.T.);
#1392 = FACE_BOUND('',#1393,.T.);
#1393 = EDGE_LOOP('',(#1394,#1402,#1403,#1404));
#1394 = ORIENTED_EDGE('',*,*,#1395,.F.);
#1395 = EDGE_CURVE('',#1371,#1396,#1398,.T.);
#1396 = VERTEX_POINT('',#1397);
#1397 = CARTESIAN_POINT('',(0.3,0.23,0.46));
#1398 = LINE('',#1399,#1400);
#1399 = CARTESIAN_POINT('',(0.3,0.23,2.E-02));
#1400 = VECTOR('',#1401,1.);
#1401 = DIRECTION('',(0.,0.,1.));
#1402 = ORIENTED_EDGE('',*,*,#1370,.F.);
#1403 = ORIENTED_EDGE('',*,*,#1283,.T.);
#1404 = ORIENTED_EDGE('',*,*,#1405,.T.);
#1405 = EDGE_CURVE('',#1275,#1396,#1406,.T.);
#1406 = LINE('',#1407,#1408);
#1407 = CARTESIAN_POINT('',(-0.3,0.23,0.46));
#1408 = VECTOR('',#1409,1.);
#1409 = DIRECTION('',(1.,0.,0.));
#1410 = PLANE('',#1411);
#1411 = AXIS2_PLACEMENT_3D('',#1412,#1413,#1414);
#1412 = CARTESIAN_POINT('',(-0.3,0.23,2.E-02));
#1413 = DIRECTION('',(0.,1.,0.));
#1414 = DIRECTION('',(0.,-0.,1.));
#1415 = ADVANCED_FACE('',(#1416),#1435,.T.);
#1416 = FACE_BOUND('',#1417,.T.);
#1417 = EDGE_LOOP('',(#1418,#1419,#1427,#1434));
#1418 = ORIENTED_EDGE('',*,*,#1274,.T.);
#1419 = ORIENTED_EDGE('',*,*,#1420,.T.);
#1420 = EDGE_CURVE('',#1267,#1421,#1423,.T.);
#1421 = VERTEX_POINT('',#1422);
#1422 = CARTESIAN_POINT('',(0.3,0.21,0.48));
#1423 = LINE('',#1424,#1425);
#1424 = CARTESIAN_POINT('',(-0.3,0.21,0.48));
#1425 = VECTOR('',#1426,1.);
#1426 = DIRECTION('',(1.,0.,0.));
#1427 = ORIENTED_EDGE('',*,*,#1428,.F.);
#1428 = EDGE_CURVE('',#1396,#1421,#1429,.T.);
#1429 = CIRCLE('',#1430,2.E-02);
#1430 = AXIS2_PLACEMENT_3D('',#1431,#1432,#1433);
#1431 = CARTESIAN_POINT('',(0.3,0.21,0.46));
#1432 = DIRECTION('',(1.,0.,-0.));
#1433 = DIRECTION('',(0.,0.,1.));
#1434 = ORIENTED_EDGE('',*,*,#1405,.F.);
#1435 = CYLINDRICAL_SURFACE('',#1436,2.E-02);
#1436 = AXIS2_PLACEMENT_3D('',#1437,#1438,#1439);
#1437 = CARTESIAN_POINT('',(-0.3,0.21,0.46));
#1438 = DIRECTION('',(1.,0.,0.));
#1439 = DIRECTION('',(-0.,1.,0.));
#1440 = ADVANCED_FACE('',(#1441),#1459,.T.);
#1441 = FACE_BOUND('',#1442,.T.);
#1442 = EDGE_LOOP('',(#1443,#1444,#1452,#1458));
#1443 = ORIENTED_EDGE('',*,*,#1266,.F.);
#1444 = ORIENTED_EDGE('',*,*,#1445,.T.);
#1445 = EDGE_CURVE('',#1258,#1446,#1448,.T.);
#1446 = VERTEX_POINT('',#1447);
#1447 = CARTESIAN_POINT('',(0.3,-0.21,0.48));
#1448 = LINE('',#1449,#1450);
#1449 = CARTESIAN_POINT('',(-0.3,-0.21,0.48));
#1450 = VECTOR('',#1451,1.);
#1451 = DIRECTION('',(1.,0.,0.));
#1452 = ORIENTED_EDGE('',*,*,#1453,.T.);
#1453 = EDGE_CURVE('',#1446,#1421,#1454,.T.);
#1454 = LINE('',#1455,#1456);
#1455 = CARTESIAN_POINT('',(0.3,-0.23,0.48));
#1456 = VECTOR('',#1457,1.);
#1457 = DIRECTION('',(0.,1.,0.));
#1458 = ORIENTED_EDGE('',*,*,#1420,.F.);
#1459 = PLANE('',#1460);
#1460 = AXIS2_PLACEMENT_3D('',#1461,#1462,#1463);
#1461 = CARTESIAN_POINT('',(-0.3,-0.23,0.48));
#1462 = DIRECTION('',(0.,0.,1.));
#1463 = DIRECTION('',(1.,0.,-0.));
#1464 = ADVANCED_FACE('',(#1465),#1484,.T.);
#1465 = FACE_BOUND('',#1466,.T.);
#1466 = EDGE_LOOP('',(#1467,#1475,#1482,#1483));
#1467 = ORIENTED_EDGE('',*,*,#1468,.T.);
#1468 = EDGE_CURVE('',#1250,#1469,#1471,.T.);
#1469 = VERTEX_POINT('',#1470);
#1470 = CARTESIAN_POINT('',(0.3,-0.23,0.46));
#1471 = LINE('',#1472,#1473);
#1472 = CARTESIAN_POINT('',(-0.3,-0.23,0.46));
#1473 = VECTOR('',#1474,1.);
#1474 = DIRECTION('',(1.,0.,0.));
#1475 = ORIENTED_EDGE('',*,*,#1476,.T.);
#1476 = EDGE_CURVE('',#1469,#1446,#1477,.T.);
#1477 = CIRCLE('',#1478,2.E-02);
#1478 = AXIS2_PLACEMENT_3D('',#1479,#1480,#1481);
#1479 = CARTESIAN_POINT('',(0.3,-0.21,0.46));
#1480 = DIRECTION('',(-1.,0.,0.));
#1481 = DIRECTION('',(0.,0.,1.));
#1482 = ORIENTED_EDGE('',*,*,#1445,.F.);
#1483 = ORIENTED_EDGE('',*,*,#1257,.F.);
#1484 = CYLINDRICAL_SURFACE('',#1485,2.E-02);
#1485 = AXIS2_PLACEMENT_3D('',#1486,#1487,#1488);
#1486 = CARTESIAN_POINT('',(-0.3,-0.21,0.46));
#1487 = DIRECTION('',(1.,0.,0.));
#1488 = DIRECTION('',(0.,-1.,0.));
#1489 = ADVANCED_FACE('',(#1490),#1501,.F.);
#1490 = FACE_BOUND('',#1491,.F.);
#1491 = EDGE_LOOP('',(#1492,#1498,#1499,#1500));
#1492 = ORIENTED_EDGE('',*,*,#1493,.F.);
#1493 = EDGE_CURVE('',#1324,#1469,#1494,.T.);
#1494 = LINE('',#1495,#1496);
#1495 = CARTESIAN_POINT('',(0.3,-0.23,2.E-02));
#1496 = VECTOR('',#1497,1.);
#1497 = DIRECTION('',(0.,0.,1.));
#1498 = ORIENTED_EDGE('',*,*,#1332,.F.);
#1499 = ORIENTED_EDGE('',*,*,#1249,.T.);
#1500 = ORIENTED_EDGE('',*,*,#1468,.T.);
#1501 = PLANE('',#1502);
#1502 = AXIS2_PLACEMENT_3D('',#1503,#1504,#1505);
#1503 = CARTESIAN_POINT('',(-0.3,-0.23,2.E-02));
#1504 = DIRECTION('',(0.,1.,0.));
#1505 = DIRECTION('',(0.,-0.,1.));
#1506 = ADVANCED_FACE('',(#1507,#1577),#1587,.F.);
#1507 = FACE_BOUND('',#1508,.F.);
#1508 = EDGE_LOOP('',(#1509,#1519,#1528,#1536,#1545,#1553,#1562,#1570));
#1509 = ORIENTED_EDGE('',*,*,#1510,.F.);
#1510 = EDGE_CURVE('',#1511,#1513,#1515,.T.);
#1511 = VERTEX_POINT('',#1512);
#1512 = CARTESIAN_POINT('',(0.3,-0.25,2.E-02));
#1513 = VERTEX_POINT('',#1514);
#1514 = CARTESIAN_POINT('',(0.3,-0.25,0.48));
#1515 = LINE('',#1516,#1517);
#1516 = CARTESIAN_POINT('',(0.3,-0.25,0.));
#1517 = VECTOR('',#1518,1.);
#1518 = DIRECTION('',(0.,0.,1.));
#1519 = ORIENTED_EDGE('',*,*,#1520,.T.);
#1520 = EDGE_CURVE('',#1511,#1521,#1523,.T.);
#1521 = VERTEX_POINT('',#1522);
#1522 = CARTESIAN_POINT('',(0.3,-0.23,0.));
#1523 = CIRCLE('',#1524,2.E-02);
#1524 = AXIS2_PLACEMENT_3D('',#1525,#1526,#1527);
#1525 = CARTESIAN_POINT('',(0.3,-0.23,2.E-02));
#1526 = DIRECTION('',(1.,0.,-0.));
#1527 = DIRECTION('',(0.,0.,1.));
#1528 = ORIENTED_EDGE('',*,*,#1529,.T.);
#1529 = EDGE_CURVE('',#1521,#1530,#1532,.T.);
#1530 = VERTEX_POINT('',#1531);
#1531 = CARTESIAN_POINT('',(0.3,0.23,0.));
#1532 = LINE('',#1533,#1534);
#1533 = CARTESIAN_POINT('',(0.3,-0.25,0.));
#1534 = VECTOR('',#1535,1.);
#1535 = DIRECTION('',(0.,1.,0.));
#1536 = ORIENTED_EDGE('',*,*,#1537,.F.);
#1537 = EDGE_CURVE('',#1538,#1530,#1540,.T.);
#1538 = VERTEX_POINT('',#1539);
#1539 = CARTESIAN_POINT('',(0.3,0.25,2.E-02));
#1540 = CIRCLE('',#1541,2.E-02);
#1541 = AXIS2_PLACEMENT_3D('',#1542,#1543,#1544);
#1542 = CARTESIAN_POINT('',(0.3,0.23,2.E-02));
#1543 = DIRECTION('',(-1.,0.,0.));
#1544 = DIRECTION('',(0.,0.,1.));
#1545 = ORIENTED_EDGE('',*,*,#1546,.T.);
#1546 = EDGE_CURVE('',#1538,#1547,#1549,.T.);
#1547 = VERTEX_POINT('',#1548);
#1548 = CARTESIAN_POINT('',(0.3,0.25,0.48));
#1549 = LINE('',#1550,#1551);
#1550 = CARTESIAN_POINT('',(0.3,0.25,0.));
#1551 = VECTOR('',#1552,1.);
#1552 = DIRECTION('',(0.,0.,1.));
#1553 = ORIENTED_EDGE('',*,*,#1554,.T.);
#1554 = EDGE_CURVE('',#1547,#1555,#1557,.T.);
#1555 = VERTEX_POINT('',#1556);
#1556 = CARTESIAN_POINT('',(0.3,0.23,0.5));
#1557 = CIRCLE('',#1558,2.E-02);
#1558 = AXIS2_PLACEMENT_3D('',#1559,#1560,#1561);
#1559 = CARTESIAN_POINT('',(0.3,0.23,0.48));
#1560 = DIRECTION('',(1.,0.,-0.));
#1561 = DIRECTION('',(0.,0.,1.));
#1562 = ORIENTED_EDGE('',*,*,#1563,.F.);
#1563 = EDGE_CURVE('',#1564,#1555,#1566,.T.);
#1564 = VERTEX_POINT('',#1565);
#1565 = CARTESIAN_POINT('',(0.3,-0.23,0.5));
#1566 = LINE('',#1567,#1568);
#1567 = CARTESIAN_POINT('',(0.3,-0.25,0.5));
#1568 = VECTOR('',#1569,1.);
#1569 = DIRECTION('',(0.,1.,0.));
#1570 = ORIENTED_EDGE('',*,*,#1571,.F.);
#1571 = EDGE_CURVE('',#1513,#1564,#1572,.T.);
#1572 = CIRCLE('',#1573,2.E-02);
#1573 = AXIS2_PLACEMENT_3D('',#1574,#1575,#1576);
#1574 = CARTESIAN_POINT('',(0.3,-0.23,0.48));
#1575 = DIRECTION('',(-1.,0.,0.));
#1576 = DIRECTION('',(0.,0.,1.));
#1577 = FACE_BOUND('',#1578,.F.);
#1578 = EDGE_LOOP('',(#1579,#1580,#1581,#1582,#1583,#1584,#1585,#1586));
#1579 = ORIENTED_EDGE('',*,*,#1323,.F.);
#1580 = ORIENTED_EDGE('',*,*,#1493,.T.);
#1581 = ORIENTED_EDGE('',*,*,#1476,.T.);
#1582 = ORIENTED_EDGE('',*,*,#1453,.T.);
#1583 = ORIENTED_EDGE('',*,*,#1428,.F.);
#1584 = ORIENTED_EDGE('',*,*,#1395,.F.);
#1585 = ORIENTED_EDGE('',*,*,#1378,.T.);
#1586 = ORIENTED_EDGE('',*,*,#1348,.F.);
#1587 = PLANE('',#1588);
#1588 = AXIS2_PLACEMENT_3D('',#1589,#1590,#1591);
#1589 = CARTESIAN_POINT('',(0.3,-0.25,0.));
#1590 = DIRECTION('',(1.,0.,0.));
#1591 = DIRECTION('',(0.,0.,1.));
#1592 = ADVANCED_FACE('',(#1593),#1618,.F.);
#1593 = FACE_BOUND('',#1594,.F.);
#1594 = EDGE_LOOP('',(#1595,#1605,#1611,#1612));
#1595 = ORIENTED_EDGE('',*,*,#1596,.F.);
#1596 = EDGE_CURVE('',#1597,#1599,#1601,.T.);
#1597 = VERTEX_POINT('',#1598);
#1598 = CARTESIAN_POINT('',(0.5,-0.25,2.E-02));
#1599 = VERTEX_POINT('',#1600);
#1600 = CARTESIAN_POINT('',(0.5,-0.25,0.48));
#1601 = LINE('',#1602,#1603);
#1602 = CARTESIAN_POINT('',(0.5,-0.25,0.));
#1603 = VECTOR('',#1604,1.);
#1604 = DIRECTION('',(0.,0.,1.));
#1605 = ORIENTED_EDGE('',*,*,#1606,.F.);
#1606 = EDGE_CURVE('',#1511,#1597,#1607,.T.);
#1607 = LINE('',#1608,#1609);
#1608 = CARTESIAN_POINT('',(0.3,-0.25,2.E-02));
#1609 = VECTOR('',#1610,1.);
#1610 = DIRECTION('',(1.,0.,0.));
#1611 = ORIENTED_EDGE('',*,*,#1510,.T.);
#1612 = ORIENTED_EDGE('',*,*,#1613,.T.);
#1613 = EDGE_CURVE('',#1513,#1599,#1614,.T.);
#1614 = LINE('',#1615,#1616);
#1615 = CARTESIAN_POINT('',(0.3,-0.25,0.48));
#1616 = VECTOR('',#1617,1.);
#1617 = DIRECTION('',(1.,0.,0.));
#1618 = PLANE('',#1619);
#1619 = AXIS2_PLACEMENT_3D('',#1620,#1621,#1622);
#1620 = CARTESIAN_POINT('',(0.3,-0.25,0.));
#1621 = DIRECTION('',(0.,1.,0.));
#1622 = DIRECTION('',(0.,-0.,1.));
#1623 = ADVANCED_FACE('',(#1624),#1643,.T.);
#1624 = FACE_BOUND('',#1625,.T.);
#1625 = EDGE_LOOP('',(#1626,#1627,#1635,#1642));
#1626 = ORIENTED_EDGE('',*,*,#1520,.T.);
#1627 = ORIENTED_EDGE('',*,*,#1628,.T.);
#1628 = EDGE_CURVE('',#1521,#1629,#1631,.T.);
#1629 = VERTEX_POINT('',#1630);
#1630 = CARTESIAN_POINT('',(0.5,-0.23,0.));
#1631 = LINE('',#1632,#1633);
#1632 = CARTESIAN_POINT('',(0.3,-0.23,0.));
#1633 = VECTOR('',#1634,1.);
#1634 = DIRECTION('',(1.,0.,0.));
#1635 = ORIENTED_EDGE('',*,*,#1636,.F.);
#1636 = EDGE_CURVE('',#1597,#1629,#1637,.T.);
#1637 = CIRCLE('',#1638,2.E-02);
#1638 = AXIS2_PLACEMENT_3D('',#1639,#1640,#1641);
#1639 = CARTESIAN_POINT('',(0.5,-0.23,2.E-02));
#1640 = DIRECTION('',(1.,0.,-0.));
#1641 = DIRECTION('',(0.,0.,1.));
#1642 = ORIENTED_EDGE('',*,*,#1606,.F.);
#1643 = CYLINDRICAL_SURFACE('',#1644,2.E-02);
#1644 = AXIS2_PLACEMENT_3D('',#1645,#1646,#1647);
#1645 = CARTESIAN_POINT('',(0.3,-0.23,2.E-02));
#1646 = DIRECTION('',(1.,0.,0.));
#1647 = DIRECTION('',(0.,-1.,0.));
#1648 = ADVANCED_FACE('',(#1649),#1668,.T.);
#1649 = FACE_BOUND('',#1650,.T.);
#1650 = EDGE_LOOP('',(#1651,#1652,#1661,#1667));
#1651 = ORIENTED_EDGE('',*,*,#1613,.T.);
#1652 = ORIENTED_EDGE('',*,*,#1653,.T.);
#1653 = EDGE_CURVE('',#1599,#1654,#1656,.T.);
#1654 = VERTEX_POINT('',#1655);
#1655 = CARTESIAN_POINT('',(0.5,-0.23,0.5));
#1656 = CIRCLE('',#1657,2.E-02);
#1657 = AXIS2_PLACEMENT_3D('',#1658,#1659,#1660);
#1658 = CARTESIAN_POINT('',(0.5,-0.23,0.48));
#1659 = DIRECTION('',(-1.,0.,0.));
#1660 = DIRECTION('',(0.,0.,1.));
#1661 = ORIENTED_EDGE('',*,*,#1662,.F.);
#1662 = EDGE_CURVE('',#1564,#1654,#1663,.T.);
#1663 = LINE('',#1664,#1665);
#1664 = CARTESIAN_POINT('',(0.3,-0.23,0.5));
#1665 = VECTOR('',#1666,1.);
#1666 = DIRECTION('',(1.,0.,0.));
#1667 = ORIENTED_EDGE('',*,*,#1571,.F.);
#1668 = CYLINDRICAL_SURFACE('',#1669,2.E-02);
#1669 = AXIS2_PLACEMENT_3D('',#1670,#1671,#1672);
#1670 = CARTESIAN_POINT('',(0.3,-0.23,0.48));
#1671 = DIRECTION('',(1.,0.,0.));
#1672 = DIRECTION('',(0.,-1.,0.));
#1673 = ADVANCED_FACE('',(#1674),#1692,.F.);
#1674 = FACE_BOUND('',#1675,.F.);
#1675 = EDGE_LOOP('',(#1676,#1677,#1678,#1686));
#1676 = ORIENTED_EDGE('',*,*,#1529,.F.);
#1677 = ORIENTED_EDGE('',*,*,#1628,.T.);
#1678 = ORIENTED_EDGE('',*,*,#1679,.T.);
#1679 = EDGE_CURVE('',#1629,#1680,#1682,.T.);
#1680 = VERTEX_POINT('',#1681);
#1681 = CARTESIAN_POINT('',(0.5,0.23,0.));
#1682 = LINE('',#1683,#1684);
#1683 = CARTESIAN_POINT('',(0.5,-0.25,0.));
#1684 = VECTOR('',#1685,1.);
#1685 = DIRECTION('',(0.,1.,0.));
#1686 = ORIENTED_EDGE('',*,*,#1687,.F.);
#1687 = EDGE_CURVE('',#1530,#1680,#1688,.T.);
#1688 = LINE('',#1689,#1690);
#1689 = CARTESIAN_POINT('',(0.3,0.23,0.));
#1690 = VECTOR('',#1691,1.);
#1691 = DIRECTION('',(1.,0.,0.));
#1692 = PLANE('',#1693);
#1693 = AXIS2_PLACEMENT_3D('',#1694,#1695,#1696);
#1694 = CARTESIAN_POINT('',(0.3,-0.25,0.));
#1695 = DIRECTION('',(0.,0.,1.));
#1696 = DIRECTION('',(1.,0.,-0.));
#1697 = ADVANCED_FACE('',(#1698),#1716,.T.);
#1698 = FACE_BOUND('',#1699,.T.);
#1699 = EDGE_LOOP('',(#1700,#1701,#1702,#1710));
#1700 = ORIENTED_EDGE('',*,*,#1563,.F.);
#1701 = ORIENTED_EDGE('',*,*,#1662,.T.);
#1702 = ORIENTED_EDGE('',*,*,#1703,.T.);
#1703 = EDGE_CURVE('',#1654,#1704,#1706,.T.);
#1704 = VERTEX_POINT('',#1705);
#1705 = CARTESIAN_POINT('',(0.5,0.23,0.5));
#1706 = LINE('',#1707,#1708);
#1707 = CARTESIAN_POINT('',(0.5,-0.25,0.5));
#1708 = VECTOR('',#1709,1.);
#1709 = DIRECTION('',(0.,1.,0.));
#1710 = ORIENTED_EDGE('',*,*,#1711,.F.);
#1711 = EDGE_CURVE('',#1555,#1704,#1712,.T.);
#1712 = LINE('',#1713,#1714);
#1713 = CARTESIAN_POINT('',(0.3,0.23,0.5));
#1714 = VECTOR('',#1715,1.);
#1715 = DIRECTION('',(1.,0.,0.));
#1716 = PLANE('',#1717);
#1717 = AXIS2_PLACEMENT_3D('',#1718,#1719,#1720);
#1718 = CARTESIAN_POINT('',(0.3,-0.25,0.5));
#1719 = DIRECTION('',(0.,0.,1.));
#1720 = DIRECTION('',(1.,0.,-0.));
#1721 = ADVANCED_FACE('',(#1722),#1741,.T.);
#1722 = FACE_BOUND('',#1723,.T.);
#1723 = EDGE_LOOP('',(#1724,#1732,#1739,#1740));
#1724 = ORIENTED_EDGE('',*,*,#1725,.T.);
#1725 = EDGE_CURVE('',#1538,#1726,#1728,.T.);
#1726 = VERTEX_POINT('',#1727);
#1727 = CARTESIAN_POINT('',(0.5,0.25,2.E-02));
#1728 = LINE('',#1729,#1730);
#1729 = CARTESIAN_POINT('',(0.3,0.25,2.E-02));
#1730 = VECTOR('',#1731,1.);
#1731 = DIRECTION('',(1.,0.,0.));
#1732 = ORIENTED_EDGE('',*,*,#1733,.T.);
#1733 = EDGE_CURVE('',#1726,#1680,#1734,.T.);
#1734 = CIRCLE('',#1735,2.E-02);
#1735 = AXIS2_PLACEMENT_3D('',#1736,#1737,#1738);
#1736 = CARTESIAN_POINT('',(0.5,0.23,2.E-02));
#1737 = DIRECTION('',(-1.,0.,0.));
#1738 = DIRECTION('',(0.,0.,1.));
#1739 = ORIENTED_EDGE('',*,*,#1687,.F.);
#1740 = ORIENTED_EDGE('',*,*,#1537,.F.);
#1741 = CYLINDRICAL_SURFACE('',#1742,2.E-02);
#1742 = AXIS2_PLACEMENT_3D('',#1743,#1744,#1745);
#1743 = CARTESIAN_POINT('',(0.3,0.23,2.E-02));
#1744 = DIRECTION('',(1.,0.,0.));
#1745 = DIRECTION('',(-0.,1.,0.));
#1746 = ADVANCED_FACE('',(#1747),#1766,.T.);
#1747 = FACE_BOUND('',#1748,.T.);
#1748 = EDGE_LOOP('',(#1749,#1750,#1751,#1760));
#1749 = ORIENTED_EDGE('',*,*,#1554,.T.);
#1750 = ORIENTED_EDGE('',*,*,#1711,.T.);
#1751 = ORIENTED_EDGE('',*,*,#1752,.F.);
#1752 = EDGE_CURVE('',#1753,#1704,#1755,.T.);
#1753 = VERTEX_POINT('',#1754);
#1754 = CARTESIAN_POINT('',(0.5,0.25,0.48));
#1755 = CIRCLE('',#1756,2.E-02);
#1756 = AXIS2_PLACEMENT_3D('',#1757,#1758,#1759);
#1757 = CARTESIAN_POINT('',(0.5,0.23,0.48));
#1758 = DIRECTION('',(1.,0.,-0.));
#1759 = DIRECTION('',(0.,0.,1.));
#1760 = ORIENTED_EDGE('',*,*,#1761,.F.);
#1761 = EDGE_CURVE('',#1547,#1753,#1762,.T.);
#1762 = LINE('',#1763,#1764);
#1763 = CARTESIAN_POINT('',(0.3,0.25,0.48));
#1764 = VECTOR('',#1765,1.);
#1765 = DIRECTION('',(1.,0.,0.));
#1766 = CYLINDRICAL_SURFACE('',#1767,2.E-02);
#1767 = AXIS2_PLACEMENT_3D('',#1768,#1769,#1770);
#1768 = CARTESIAN_POINT('',(0.3,0.23,0.48));
#1769 = DIRECTION('',(1.,0.,0.));
#1770 = DIRECTION('',(-0.,1.,0.));
#1771 = ADVANCED_FACE('',(#1772),#1783,.T.);
#1772 = FACE_BOUND('',#1773,.T.);
#1773 = EDGE_LOOP('',(#1774,#1780,#1781,#1782));
#1774 = ORIENTED_EDGE('',*,*,#1775,.F.);
#1775 = EDGE_CURVE('',#1726,#1753,#1776,.T.);
#1776 = LINE('',#1777,#1778);
#1777 = CARTESIAN_POINT('',(0.5,0.25,0.));
#1778 = VECTOR('',#1779,1.);
#1779 = DIRECTION('',(0.,0.,1.));
#1780 = ORIENTED_EDGE('',*,*,#1725,.F.);
#1781 = ORIENTED_EDGE('',*,*,#1546,.T.);
#1782 = ORIENTED_EDGE('',*,*,#1761,.T.);
#1783 = PLANE('',#1784);
#1784 = AXIS2_PLACEMENT_3D('',#1785,#1786,#1787);
#1785 = CARTESIAN_POINT('',(0.3,0.25,0.));
#1786 = DIRECTION('',(0.,1.,0.));
#1787 = DIRECTION('',(0.,-0.,1.));
#1788 = ADVANCED_FACE('',(#1789),#1799,.T.);
#1789 = FACE_BOUND('',#1790,.T.);
#1790 = EDGE_LOOP('',(#1791,#1792,#1793,#1794,#1795,#1796,#1797,#1798));
#1791 = ORIENTED_EDGE('',*,*,#1596,.F.);
#1792 = ORIENTED_EDGE('',*,*,#1636,.T.);
#1793 = ORIENTED_EDGE('',*,*,#1679,.T.);
#1794 = ORIENTED_EDGE('',*,*,#1733,.F.);
#1795 = ORIENTED_EDGE('',*,*,#1775,.T.);
#1796 = ORIENTED_EDGE('',*,*,#1752,.T.);
#1797 = ORIENTED_EDGE('',*,*,#1703,.F.);
#1798 = ORIENTED_EDGE('',*,*,#1653,.F.);
#1799 = PLANE('',#1800);
#1800 = AXIS2_PLACEMENT_3D('',#1801,#1802,#1803);
#1801 = CARTESIAN_POINT('',(0.5,-0.25,0.));
#1802 = DIRECTION('',(1.,0.,0.));
#1803 = DIRECTION('',(0.,0.,1.));
#1804 = ( GEOMETRIC_REPRESENTATION_CONTEXT(3) 
GLOBAL_UNCERTAINTY_ASSIGNED_CONTEXT((#1808)) 
GLOBAL_UNIT_ASSIGNED_CONTEXT((#1805,#1806,#1807)) REPRESENTATION_CONTEXT
('Context #1','3D Context with UNIT and UNCERTAINTY') );
#1805 = ( LENGTH_UNIT() NAMED_UNIT(*) SI_UNIT(.MILLI.,.METRE.) );
#1806 = ( NAMED_UNIT(*) PLANE_ANGLE_UNIT() SI_UNIT($,.RADIAN.) );
#1807 = ( NAMED_UNIT(*) SI_UNIT($,.STERADIAN.) SOLID_ANGLE_UNIT() );
#1808 = UNCERTAINTY_MEASURE_WITH_UNIT(LENGTH_MEASURE(1.E-07),#1805,
  'distance_accuracy_value','confusion accuracy');
#1809 = CONTEXT_DEPENDENT_SHAPE_REPRESENTATION(#1810,#1812);
#1810 = ( REPRESENTATION_RELATIONSHIP('','',#949,#10) 
REPRESENTATION_RELATIONSHIP_WITH_TRANSFORMATION(#1811) 
SHAPE_REPRESENTATION_RELATIONSHIP() );
#1811 = ITEM_DEFINED_TRANSFORMATION('','',#11,#19);
#1812 = PRODUCT_DEFINITION_SHAPE('Placement','Placement of an item',
  #1813);
#1813 = NEXT_ASSEMBLY_USAGE_OCCURRENCE('2','C5','',#5,#944,$);
#1814 = PRODUCT_RELATED_PRODUCT_CATEGORY('part',$,(#946));
#1815 = SHAPE_DEFINITION_REPRESENTATION(#1816,#1822);
#1816 = PRODUCT_DEFINITION_SHAPE('','',#1817);
#1817 = PRODUCT_DEFINITION('design','',#1818,#1821);
#1818 = PRODUCT_DEFINITION_FORMATION('','',#1819);
#1819 = PRODUCT('D_SOD-323','D_SOD-323','',(#1820));
#1820 = PRODUCT_CONTEXT('',#2,'mechanical');
#1821 = PRODUCT_DEFINITION_CONTEXT('part definition',#2,'design');
#1822 = ADVANCED_BREP_SHAPE_REPRESENTATION('',(#11,#1823),#3511);
#1823 = MANIFOLD_SOLID_BREP('',#1824);
#1824 = CLOSED_SHELL('',(#1825,#1879,#1942,#1965,#1995,#2028,#2058,#2081
    ,#2104,#2127,#2150,#2173,#2206,#2229,#2252,#2340,#2415,#2439,#2507,
    #2595,#2611,#2627,#2643,#2659,#2676,#2709,#2726,#2748,#2779,#2802,
    #2825,#2848,#2878,#2895,#2912,#2929,#2946,#2963,#2980,#2997,#3009,
    #3032,#3055,#3072,#3147,#3171,#3239,#3256,#3306,#3323,#3340,#3357,
    #3374,#3391,#3403,#3434,#3458,#3482,#3499));
#1825 = ADVANCED_FACE('',(#1826),#1874,.F.);
#1826 = FACE_BOUND('',#1827,.F.);
#1827 = EDGE_LOOP('',(#1828,#1838,#1845,#1853,#1861,#1869));
#1828 = ORIENTED_EDGE('',*,*,#1829,.T.);
#1829 = EDGE_CURVE('',#1830,#1832,#1834,.T.);
#1830 = VERTEX_POINT('',#1831);
#1831 = CARTESIAN_POINT('',(-0.790270145251,-0.500135072626,0.1));
#1832 = VERTEX_POINT('',#1833);
#1833 = CARTESIAN_POINT('',(-0.790270145251,0.500135072626,0.1));
#1834 = LINE('',#1835,#1836);
#1835 = CARTESIAN_POINT('',(-0.790270145251,-0.500135072626,0.1));
#1836 = VECTOR('',#1837,1.);
#1837 = DIRECTION('',(0.,1.,0.));
#1838 = ORIENTED_EDGE('',*,*,#1839,.T.);
#1839 = EDGE_CURVE('',#1832,#1840,#1842,.T.);
#1840 = VERTEX_POINT('',#1841);
#1841 = CARTESIAN_POINT('',(-0.85,0.53,0.525));
#1842 = B_SPLINE_CURVE_WITH_KNOTS('',1,(#1843,#1844),.UNSPECIFIED.,.F.,
  .F.,(2,2),(0.,1.),.PIECEWISE_BEZIER_KNOTS.);
#1843 = CARTESIAN_POINT('',(-0.790270145251,0.500135072626,0.1));
#1844 = CARTESIAN_POINT('',(-0.85,0.53,0.525));
#1845 = ORIENTED_EDGE('',*,*,#1846,.F.);
#1846 = EDGE_CURVE('',#1847,#1840,#1849,.T.);
#1847 = VERTEX_POINT('',#1848);
#1848 = CARTESIAN_POINT('',(-0.85,0.175,0.525));
#1849 = LINE('',#1850,#1851);
#1850 = CARTESIAN_POINT('',(-0.85,-0.53,0.525));
#1851 = VECTOR('',#1852,1.);
#1852 = DIRECTION('',(0.,1.,0.));
#1853 = ORIENTED_EDGE('',*,*,#1854,.F.);
#1854 = EDGE_CURVE('',#1855,#1847,#1857,.T.);
#1855 = VERTEX_POINT('',#1856);
#1856 = CARTESIAN_POINT('',(-0.85,-0.175,0.525));
#1857 = LINE('',#1858,#1859);
#1858 = CARTESIAN_POINT('',(-0.85,-0.175,0.525));
#1859 = VECTOR('',#1860,1.);
#1860 = DIRECTION('',(1.110223024625E-16,1.,0.));
#1861 = ORIENTED_EDGE('',*,*,#1862,.F.);
#1862 = EDGE_CURVE('',#1863,#1855,#1865,.T.);
#1863 = VERTEX_POINT('',#1864);
#1864 = CARTESIAN_POINT('',(-0.85,-0.53,0.525));
#1865 = LINE('',#1866,#1867);
#1866 = CARTESIAN_POINT('',(-0.85,-0.53,0.525));
#1867 = VECTOR('',#1868,1.);
#1868 = DIRECTION('',(0.,1.,0.));
#1869 = ORIENTED_EDGE('',*,*,#1870,.F.);
#1870 = EDGE_CURVE('',#1830,#1863,#1871,.T.);
#1871 = B_SPLINE_CURVE_WITH_KNOTS('',1,(#1872,#1873),.UNSPECIFIED.,.F.,
  .F.,(2,2),(0.,1.),.PIECEWISE_BEZIER_KNOTS.);
#1872 = CARTESIAN_POINT('',(-0.790270145251,-0.500135072626,0.1));
#1873 = CARTESIAN_POINT('',(-0.85,-0.53,0.525));
#1874 = B_SPLINE_SURFACE_WITH_KNOTS('',1,1,(
    (#1875,#1876)
    ,(#1877,#1878
    )),.UNSPECIFIED.,.F.,.F.,.F.,(2,2),(2,2),(0.,1.06),(0.,1.),
  .PIECEWISE_BEZIER_KNOTS.);
#1875 = CARTESIAN_POINT('',(-0.790270145251,-0.500135072626,0.1));
#1876 = CARTESIAN_POINT('',(-0.85,-0.53,0.525));
#1877 = CARTESIAN_POINT('',(-0.790270145251,0.500135072626,0.1));
#1878 = CARTESIAN_POINT('',(-0.85,0.53,0.525));
#1879 = ADVANCED_FACE('',(#1880),#1937,.F.);
#1880 = FACE_BOUND('',#1881,.T.);
#1881 = EDGE_LOOP('',(#1882,#1883,#1891,#1899,#1907,#1915,#1923,#1931));
#1882 = ORIENTED_EDGE('',*,*,#1829,.T.);
#1883 = ORIENTED_EDGE('',*,*,#1884,.T.);
#1884 = EDGE_CURVE('',#1832,#1885,#1887,.T.);
#1885 = VERTEX_POINT('',#1886);
#1886 = CARTESIAN_POINT('',(-0.725135072626,0.565270145251,0.1));
#1887 = LINE('',#1888,#1889);
#1888 = CARTESIAN_POINT('',(-0.790270145251,0.500135072626,0.1));
#1889 = VECTOR('',#1890,1.);
#1890 = DIRECTION('',(0.707106781187,0.707106781187,0.));
#1891 = ORIENTED_EDGE('',*,*,#1892,.T.);
#1892 = EDGE_CURVE('',#1885,#1893,#1895,.T.);
#1893 = VERTEX_POINT('',#1894);
#1894 = CARTESIAN_POINT('',(0.725135072626,0.565270145251,0.1));
#1895 = LINE('',#1896,#1897);
#1896 = CARTESIAN_POINT('',(-0.725135072626,0.565270145251,0.1));
#1897 = VECTOR('',#1898,1.);
#1898 = DIRECTION('',(1.,0.,0.));
#1899 = ORIENTED_EDGE('',*,*,#1900,.T.);
#1900 = EDGE_CURVE('',#1893,#1901,#1903,.T.);
#1901 = VERTEX_POINT('',#1902);
#1902 = CARTESIAN_POINT('',(0.790270145251,0.500135072626,0.1));
#1903 = LINE('',#1904,#1905);
#1904 = CARTESIAN_POINT('',(0.725135072626,0.565270145251,0.1));
#1905 = VECTOR('',#1906,1.);
#1906 = DIRECTION('',(0.707106781187,-0.707106781187,0.));
#1907 = ORIENTED_EDGE('',*,*,#1908,.T.);
#1908 = EDGE_CURVE('',#1901,#1909,#1911,.T.);
#1909 = VERTEX_POINT('',#1910);
#1910 = CARTESIAN_POINT('',(0.790270145251,-0.500135072626,0.1));
#1911 = LINE('',#1912,#1913);
#1912 = CARTESIAN_POINT('',(0.790270145251,0.500135072626,0.1));
#1913 = VECTOR('',#1914,1.);
#1914 = DIRECTION('',(0.,-1.,0.));
#1915 = ORIENTED_EDGE('',*,*,#1916,.T.);
#1916 = EDGE_CURVE('',#1909,#1917,#1919,.T.);
#1917 = VERTEX_POINT('',#1918);
#1918 = CARTESIAN_POINT('',(0.725135072626,-0.565270145251,0.1));
#1919 = LINE('',#1920,#1921);
#1920 = CARTESIAN_POINT('',(0.790270145251,-0.500135072626,0.1));
#1921 = VECTOR('',#1922,1.);
#1922 = DIRECTION('',(-0.707106781187,-0.707106781187,0.));
#1923 = ORIENTED_EDGE('',*,*,#1924,.T.);
#1924 = EDGE_CURVE('',#1917,#1925,#1927,.T.);
#1925 = VERTEX_POINT('',#1926);
#1926 = CARTESIAN_POINT('',(-0.725135072626,-0.565270145251,0.1));
#1927 = LINE('',#1928,#1929);
#1928 = CARTESIAN_POINT('',(0.725135072626,-0.565270145251,0.1));
#1929 = VECTOR('',#1930,1.);
#1930 = DIRECTION('',(-1.,0.,0.));
#1931 = ORIENTED_EDGE('',*,*,#1932,.T.);
#1932 = EDGE_CURVE('',#1925,#1830,#1933,.T.);
#1933 = LINE('',#1934,#1935);
#1934 = CARTESIAN_POINT('',(-0.725135072626,-0.565270145251,0.1));
#1935 = VECTOR('',#1936,1.);
#1936 = DIRECTION('',(-0.707106781187,0.707106781187,0.));
#1937 = PLANE('',#1938);
#1938 = AXIS2_PLACEMENT_3D('',#1939,#1940,#1941);
#1939 = CARTESIAN_POINT('',(-0.790270145251,-0.500135072626,0.1));
#1940 = DIRECTION('',(0.,0.,1.));
#1941 = DIRECTION('',(0.844997546083,0.534770181587,-0.));
#1942 = ADVANCED_FACE('',(#1943),#1960,.F.);
#1943 = FACE_BOUND('',#1944,.F.);
#1944 = EDGE_LOOP('',(#1945,#1946,#1953,#1959));
#1945 = ORIENTED_EDGE('',*,*,#1884,.T.);
#1946 = ORIENTED_EDGE('',*,*,#1947,.T.);
#1947 = EDGE_CURVE('',#1885,#1948,#1950,.T.);
#1948 = VERTEX_POINT('',#1949);
#1949 = CARTESIAN_POINT('',(-0.755,0.625,0.525));
#1950 = B_SPLINE_CURVE_WITH_KNOTS('',1,(#1951,#1952),.UNSPECIFIED.,.F.,
  .F.,(2,2),(0.,1.),.PIECEWISE_BEZIER_KNOTS.);
#1951 = CARTESIAN_POINT('',(-0.725135072626,0.565270145251,0.1));
#1952 = CARTESIAN_POINT('',(-0.755,0.625,0.525));
#1953 = ORIENTED_EDGE('',*,*,#1954,.F.);
#1954 = EDGE_CURVE('',#1840,#1948,#1955,.T.);
#1955 = LINE('',#1956,#1957);
#1956 = CARTESIAN_POINT('',(-0.85,0.53,0.525));
#1957 = VECTOR('',#1958,1.);
#1958 = DIRECTION('',(0.707106781187,0.707106781187,0.));
#1959 = ORIENTED_EDGE('',*,*,#1839,.F.);
#1960 = B_SPLINE_SURFACE_WITH_KNOTS('',1,1,(
    (#1961,#1962)
    ,(#1963,#1964
    )),.UNSPECIFIED.,.F.,.F.,.F.,(2,2),(2,2),(0.,0.134350288425),(0.,1.)
  ,.PIECEWISE_BEZIER_KNOTS.);
#1961 = CARTESIAN_POINT('',(-0.790270145251,0.500135072626,0.1));
#1962 = CARTESIAN_POINT('',(-0.85,0.53,0.525));
#1963 = CARTESIAN_POINT('',(-0.725135072626,0.565270145251,0.1));
#1964 = CARTESIAN_POINT('',(-0.755,0.625,0.525));
#1965 = ADVANCED_FACE('',(#1966),#1990,.F.);
#1966 = FACE_BOUND('',#1967,.F.);
#1967 = EDGE_LOOP('',(#1968,#1975,#1976,#1984));
#1968 = ORIENTED_EDGE('',*,*,#1969,.F.);
#1969 = EDGE_CURVE('',#1863,#1970,#1972,.T.);
#1970 = VERTEX_POINT('',#1971);
#1971 = CARTESIAN_POINT('',(-0.85,-0.53,0.675));
#1972 = B_SPLINE_CURVE_WITH_KNOTS('',1,(#1973,#1974),.UNSPECIFIED.,.F.,
  .F.,(2,2),(0.,1.),.PIECEWISE_BEZIER_KNOTS.);
#1973 = CARTESIAN_POINT('',(-0.85,-0.53,0.525));
#1974 = CARTESIAN_POINT('',(-0.85,-0.53,0.675));
#1975 = ORIENTED_EDGE('',*,*,#1862,.T.);
#1976 = ORIENTED_EDGE('',*,*,#1977,.T.);
#1977 = EDGE_CURVE('',#1855,#1978,#1980,.T.);
#1978 = VERTEX_POINT('',#1979);
#1979 = CARTESIAN_POINT('',(-0.85,-0.175,0.675));
#1980 = LINE('',#1981,#1982);
#1981 = CARTESIAN_POINT('',(-0.85,-0.175,0.503709028349));
#1982 = VECTOR('',#1983,1.);
#1983 = DIRECTION('',(0.,0.,1.));
#1984 = ORIENTED_EDGE('',*,*,#1985,.F.);
#1985 = EDGE_CURVE('',#1970,#1978,#1986,.T.);
#1986 = LINE('',#1987,#1988);
#1987 = CARTESIAN_POINT('',(-0.85,-0.53,0.675));
#1988 = VECTOR('',#1989,1.);
#1989 = DIRECTION('',(0.,1.,0.));
#1990 = PLANE('',#1991);
#1991 = AXIS2_PLACEMENT_3D('',#1992,#1993,#1994);
#1992 = CARTESIAN_POINT('',(-0.85,-0.53,0.675));
#1993 = DIRECTION('',(1.,0.,0.));
#1994 = DIRECTION('',(-0.,1.,0.));
#1995 = ADVANCED_FACE('',(#1996),#2023,.F.);
#1996 = FACE_BOUND('',#1997,.F.);
#1997 = EDGE_LOOP('',(#1998,#1999,#2008,#2016));
#1998 = ORIENTED_EDGE('',*,*,#1854,.T.);
#1999 = ORIENTED_EDGE('',*,*,#2000,.T.);
#2000 = EDGE_CURVE('',#1847,#2001,#2003,.T.);
#2001 = VERTEX_POINT('',#2002);
#2002 = CARTESIAN_POINT('',(-0.918936542711,0.175,0.467155372437));
#2003 = CIRCLE('',#2004,7.E-02);
#2004 = AXIS2_PLACEMENT_3D('',#2005,#2006,#2007);
#2005 = CARTESIAN_POINT('',(-0.85,0.175,0.455));
#2006 = DIRECTION('',(-1.110223024625E-16,-1.,0.));
#2007 = DIRECTION('',(0.,0.,1.));
#2008 = ORIENTED_EDGE('',*,*,#2009,.F.);
#2009 = EDGE_CURVE('',#2010,#2001,#2012,.T.);
#2010 = VERTEX_POINT('',#2011);
#2011 = CARTESIAN_POINT('',(-0.918936542711,-0.175,0.467155372437));
#2012 = LINE('',#2013,#2014);
#2013 = CARTESIAN_POINT('',(-0.918936542711,-0.175,0.467155372437));
#2014 = VECTOR('',#2015,1.);
#2015 = DIRECTION('',(1.110223024625E-16,1.,0.));
#2016 = ORIENTED_EDGE('',*,*,#2017,.F.);
#2017 = EDGE_CURVE('',#1855,#2010,#2018,.T.);
#2018 = CIRCLE('',#2019,7.E-02);
#2019 = AXIS2_PLACEMENT_3D('',#2020,#2021,#2022);
#2020 = CARTESIAN_POINT('',(-0.85,-0.175,0.455));
#2021 = DIRECTION('',(-1.110223024625E-16,-1.,0.));
#2022 = DIRECTION('',(0.,0.,1.));
#2023 = CYLINDRICAL_SURFACE('',#2024,7.E-02);
#2024 = AXIS2_PLACEMENT_3D('',#2025,#2026,#2027);
#2025 = CARTESIAN_POINT('',(-0.85,-0.175,0.455));
#2026 = DIRECTION('',(-1.110223024625E-16,-1.,0.));
#2027 = DIRECTION('',(0.,0.,1.));
#2028 = ADVANCED_FACE('',(#2029),#2053,.F.);
#2029 = FACE_BOUND('',#2030,.F.);
#2030 = EDGE_LOOP('',(#2031,#2039,#2040,#2047));
#2031 = ORIENTED_EDGE('',*,*,#2032,.F.);
#2032 = EDGE_CURVE('',#1847,#2033,#2035,.T.);
#2033 = VERTEX_POINT('',#2034);
#2034 = CARTESIAN_POINT('',(-0.85,0.175,0.675));
#2035 = LINE('',#2036,#2037);
#2036 = CARTESIAN_POINT('',(-0.85,0.175,0.503709028349));
#2037 = VECTOR('',#2038,1.);
#2038 = DIRECTION('',(0.,0.,1.));
#2039 = ORIENTED_EDGE('',*,*,#1846,.T.);
#2040 = ORIENTED_EDGE('',*,*,#2041,.T.);
#2041 = EDGE_CURVE('',#1840,#2042,#2044,.T.);
#2042 = VERTEX_POINT('',#2043);
#2043 = CARTESIAN_POINT('',(-0.85,0.53,0.675));
#2044 = B_SPLINE_CURVE_WITH_KNOTS('',1,(#2045,#2046),.UNSPECIFIED.,.F.,
  .F.,(2,2),(0.,1.),.PIECEWISE_BEZIER_KNOTS.);
#2045 = CARTESIAN_POINT('',(-0.85,0.53,0.525));
#2046 = CARTESIAN_POINT('',(-0.85,0.53,0.675));
#2047 = ORIENTED_EDGE('',*,*,#2048,.F.);
#2048 = EDGE_CURVE('',#2033,#2042,#2049,.T.);
#2049 = LINE('',#2050,#2051);
#2050 = CARTESIAN_POINT('',(-0.85,-0.53,0.675));
#2051 = VECTOR('',#2052,1.);
#2052 = DIRECTION('',(0.,1.,0.));
#2053 = PLANE('',#2054);
#2054 = AXIS2_PLACEMENT_3D('',#2055,#2056,#2057);
#2055 = CARTESIAN_POINT('',(-0.85,-0.53,0.675));
#2056 = DIRECTION('',(1.,0.,0.));
#2057 = DIRECTION('',(-0.,1.,0.));
#2058 = ADVANCED_FACE('',(#2059),#2076,.F.);
#2059 = FACE_BOUND('',#2060,.F.);
#2060 = EDGE_LOOP('',(#2061,#2062,#2063,#2071));
#2061 = ORIENTED_EDGE('',*,*,#1932,.T.);
#2062 = ORIENTED_EDGE('',*,*,#1870,.T.);
#2063 = ORIENTED_EDGE('',*,*,#2064,.F.);
#2064 = EDGE_CURVE('',#2065,#1863,#2067,.T.);
#2065 = VERTEX_POINT('',#2066);
#2066 = CARTESIAN_POINT('',(-0.755,-0.625,0.525));
#2067 = LINE('',#2068,#2069);
#2068 = CARTESIAN_POINT('',(-0.755,-0.625,0.525));
#2069 = VECTOR('',#2070,1.);
#2070 = DIRECTION('',(-0.707106781187,0.707106781187,0.));
#2071 = ORIENTED_EDGE('',*,*,#2072,.F.);
#2072 = EDGE_CURVE('',#1925,#2065,#2073,.T.);
#2073 = B_SPLINE_CURVE_WITH_KNOTS('',1,(#2074,#2075),.UNSPECIFIED.,.F.,
  .F.,(2,2),(0.,1.),.PIECEWISE_BEZIER_KNOTS.);
#2074 = CARTESIAN_POINT('',(-0.725135072626,-0.565270145251,0.1));
#2075 = CARTESIAN_POINT('',(-0.755,-0.625,0.525));
#2076 = B_SPLINE_SURFACE_WITH_KNOTS('',1,1,(
    (#2077,#2078)
    ,(#2079,#2080
    )),.UNSPECIFIED.,.F.,.F.,.F.,(2,2),(2,2),(0.,0.134350288425),(0.,1.)
  ,.PIECEWISE_BEZIER_KNOTS.);
#2077 = CARTESIAN_POINT('',(-0.725135072626,-0.565270145251,0.1));
#2078 = CARTESIAN_POINT('',(-0.755,-0.625,0.525));
#2079 = CARTESIAN_POINT('',(-0.790270145251,-0.500135072626,0.1));
#2080 = CARTESIAN_POINT('',(-0.85,-0.53,0.525));
#2081 = ADVANCED_FACE('',(#2082),#2099,.F.);
#2082 = FACE_BOUND('',#2083,.F.);
#2083 = EDGE_LOOP('',(#2084,#2085,#2086,#2094));
#2084 = ORIENTED_EDGE('',*,*,#1924,.T.);
#2085 = ORIENTED_EDGE('',*,*,#2072,.T.);
#2086 = ORIENTED_EDGE('',*,*,#2087,.F.);
#2087 = EDGE_CURVE('',#2088,#2065,#2090,.T.);
#2088 = VERTEX_POINT('',#2089);
#2089 = CARTESIAN_POINT('',(0.755,-0.625,0.525));
#2090 = LINE('',#2091,#2092);
#2091 = CARTESIAN_POINT('',(0.755,-0.625,0.525));
#2092 = VECTOR('',#2093,1.);
#2093 = DIRECTION('',(-1.,0.,0.));
#2094 = ORIENTED_EDGE('',*,*,#2095,.F.);
#2095 = EDGE_CURVE('',#1917,#2088,#2096,.T.);
#2096 = B_SPLINE_CURVE_WITH_KNOTS('',1,(#2097,#2098),.UNSPECIFIED.,.F.,
  .F.,(2,2),(0.,1.),.PIECEWISE_BEZIER_KNOTS.);
#2097 = CARTESIAN_POINT('',(0.725135072626,-0.565270145251,0.1));
#2098 = CARTESIAN_POINT('',(0.755,-0.625,0.525));
#2099 = B_SPLINE_SURFACE_WITH_KNOTS('',1,1,(
    (#2100,#2101)
    ,(#2102,#2103
    )),.UNSPECIFIED.,.F.,.F.,.F.,(2,2),(2,2),(0.,1.51),(0.,1.),
  .PIECEWISE_BEZIER_KNOTS.);
#2100 = CARTESIAN_POINT('',(0.725135072626,-0.565270145251,0.1));
#2101 = CARTESIAN_POINT('',(0.755,-0.625,0.525));
#2102 = CARTESIAN_POINT('',(-0.725135072626,-0.565270145251,0.1));
#2103 = CARTESIAN_POINT('',(-0.755,-0.625,0.525));
#2104 = ADVANCED_FACE('',(#2105),#2122,.F.);
#2105 = FACE_BOUND('',#2106,.F.);
#2106 = EDGE_LOOP('',(#2107,#2108,#2115,#2121));
#2107 = ORIENTED_EDGE('',*,*,#1892,.T.);
#2108 = ORIENTED_EDGE('',*,*,#2109,.T.);
#2109 = EDGE_CURVE('',#1893,#2110,#2112,.T.);
#2110 = VERTEX_POINT('',#2111);
#2111 = CARTESIAN_POINT('',(0.755,0.625,0.525));
#2112 = B_SPLINE_CURVE_WITH_KNOTS('',1,(#2113,#2114),.UNSPECIFIED.,.F.,
  .F.,(2,2),(0.,1.),.PIECEWISE_BEZIER_KNOTS.);
#2113 = CARTESIAN_POINT('',(0.725135072626,0.565270145251,0.1));
#2114 = CARTESIAN_POINT('',(0.755,0.625,0.525));
#2115 = ORIENTED_EDGE('',*,*,#2116,.F.);
#2116 = EDGE_CURVE('',#1948,#2110,#2117,.T.);
#2117 = LINE('',#2118,#2119);
#2118 = CARTESIAN_POINT('',(-0.755,0.625,0.525));
#2119 = VECTOR('',#2120,1.);
#2120 = DIRECTION('',(1.,0.,0.));
#2121 = ORIENTED_EDGE('',*,*,#1947,.F.);
#2122 = B_SPLINE_SURFACE_WITH_KNOTS('',1,1,(
    (#2123,#2124)
    ,(#2125,#2126
    )),.UNSPECIFIED.,.F.,.F.,.F.,(2,2),(2,2),(0.,1.51),(0.,1.),
  .PIECEWISE_BEZIER_KNOTS.);
#2123 = CARTESIAN_POINT('',(-0.725135072626,0.565270145251,0.1));
#2124 = CARTESIAN_POINT('',(-0.755,0.625,0.525));
#2125 = CARTESIAN_POINT('',(0.725135072626,0.565270145251,0.1));
#2126 = CARTESIAN_POINT('',(0.755,0.625,0.525));
#2127 = ADVANCED_FACE('',(#2128),#2145,.F.);
#2128 = FACE_BOUND('',#2129,.F.);
#2129 = EDGE_LOOP('',(#2130,#2131,#2132,#2140));
#2130 = ORIENTED_EDGE('',*,*,#1916,.T.);
#2131 = ORIENTED_EDGE('',*,*,#2095,.T.);
#2132 = ORIENTED_EDGE('',*,*,#2133,.F.);
#2133 = EDGE_CURVE('',#2134,#2088,#2136,.T.);
#2134 = VERTEX_POINT('',#2135);
#2135 = CARTESIAN_POINT('',(0.85,-0.53,0.525));
#2136 = LINE('',#2137,#2138);
#2137 = CARTESIAN_POINT('',(0.85,-0.53,0.525));
#2138 = VECTOR('',#2139,1.);
#2139 = DIRECTION('',(-0.707106781187,-0.707106781187,0.));
#2140 = ORIENTED_EDGE('',*,*,#2141,.F.);
#2141 = EDGE_CURVE('',#1909,#2134,#2142,.T.);
#2142 = B_SPLINE_CURVE_WITH_KNOTS('',1,(#2143,#2144),.UNSPECIFIED.,.F.,
  .F.,(2,2),(0.,1.),.PIECEWISE_BEZIER_KNOTS.);
#2143 = CARTESIAN_POINT('',(0.790270145251,-0.500135072626,0.1));
#2144 = CARTESIAN_POINT('',(0.85,-0.53,0.525));
#2145 = B_SPLINE_SURFACE_WITH_KNOTS('',1,1,(
    (#2146,#2147)
    ,(#2148,#2149
    )),.UNSPECIFIED.,.F.,.F.,.F.,(2,2),(2,2),(0.,0.134350288425),(0.,1.)
  ,.PIECEWISE_BEZIER_KNOTS.);
#2146 = CARTESIAN_POINT('',(0.790270145251,-0.500135072626,0.1));
#2147 = CARTESIAN_POINT('',(0.85,-0.53,0.525));
#2148 = CARTESIAN_POINT('',(0.725135072626,-0.565270145251,0.1));
#2149 = CARTESIAN_POINT('',(0.755,-0.625,0.525));
#2150 = ADVANCED_FACE('',(#2151),#2168,.F.);
#2151 = FACE_BOUND('',#2152,.F.);
#2152 = EDGE_LOOP('',(#2153,#2154,#2161,#2167));
#2153 = ORIENTED_EDGE('',*,*,#1900,.T.);
#2154 = ORIENTED_EDGE('',*,*,#2155,.T.);
#2155 = EDGE_CURVE('',#1901,#2156,#2158,.T.);
#2156 = VERTEX_POINT('',#2157);
#2157 = CARTESIAN_POINT('',(0.85,0.53,0.525));
#2158 = B_SPLINE_CURVE_WITH_KNOTS('',1,(#2159,#2160),.UNSPECIFIED.,.F.,
  .F.,(2,2),(0.,1.),.PIECEWISE_BEZIER_KNOTS.);
#2159 = CARTESIAN_POINT('',(0.790270145251,0.500135072626,0.1));
#2160 = CARTESIAN_POINT('',(0.85,0.53,0.525));
#2161 = ORIENTED_EDGE('',*,*,#2162,.F.);
#2162 = EDGE_CURVE('',#2110,#2156,#2163,.T.);
#2163 = LINE('',#2164,#2165);
#2164 = CARTESIAN_POINT('',(0.755,0.625,0.525));
#2165 = VECTOR('',#2166,1.);
#2166 = DIRECTION('',(0.707106781187,-0.707106781187,0.));
#2167 = ORIENTED_EDGE('',*,*,#2109,.F.);
#2168 = B_SPLINE_SURFACE_WITH_KNOTS('',1,1,(
    (#2169,#2170)
    ,(#2171,#2172
    )),.UNSPECIFIED.,.F.,.F.,.F.,(2,2),(2,2),(0.,0.134350288425),(0.,1.)
  ,.PIECEWISE_BEZIER_KNOTS.);
#2169 = CARTESIAN_POINT('',(0.725135072626,0.565270145251,0.1));
#2170 = CARTESIAN_POINT('',(0.755,0.625,0.525));
#2171 = CARTESIAN_POINT('',(0.790270145251,0.500135072626,0.1));
#2172 = CARTESIAN_POINT('',(0.85,0.53,0.525));
#2173 = ADVANCED_FACE('',(#2174),#2201,.F.);
#2174 = FACE_BOUND('',#2175,.F.);
#2175 = EDGE_LOOP('',(#2176,#2177,#2178,#2186,#2194,#2200));
#2176 = ORIENTED_EDGE('',*,*,#1908,.T.);
#2177 = ORIENTED_EDGE('',*,*,#2141,.T.);
#2178 = ORIENTED_EDGE('',*,*,#2179,.F.);
#2179 = EDGE_CURVE('',#2180,#2134,#2182,.T.);
#2180 = VERTEX_POINT('',#2181);
#2181 = CARTESIAN_POINT('',(0.85,-0.175,0.525));
#2182 = LINE('',#2183,#2184);
#2183 = CARTESIAN_POINT('',(0.85,0.53,0.525));
#2184 = VECTOR('',#2185,1.);
#2185 = DIRECTION('',(0.,-1.,0.));
#2186 = ORIENTED_EDGE('',*,*,#2187,.F.);
#2187 = EDGE_CURVE('',#2188,#2180,#2190,.T.);
#2188 = VERTEX_POINT('',#2189);
#2189 = CARTESIAN_POINT('',(0.85,0.175,0.525));
#2190 = LINE('',#2191,#2192);
#2191 = CARTESIAN_POINT('',(0.85,0.175,0.525));
#2192 = VECTOR('',#2193,1.);
#2193 = DIRECTION('',(-2.22044604925E-16,-1.,0.));
#2194 = ORIENTED_EDGE('',*,*,#2195,.F.);
#2195 = EDGE_CURVE('',#2156,#2188,#2196,.T.);
#2196 = LINE('',#2197,#2198);
#2197 = CARTESIAN_POINT('',(0.85,0.53,0.525));
#2198 = VECTOR('',#2199,1.);
#2199 = DIRECTION('',(0.,-1.,0.));
#2200 = ORIENTED_EDGE('',*,*,#2155,.F.);
#2201 = B_SPLINE_SURFACE_WITH_KNOTS('',1,1,(
    (#2202,#2203)
    ,(#2204,#2205
    )),.UNSPECIFIED.,.F.,.F.,.F.,(2,2),(2,2),(0.,1.06),(0.,1.),
  .PIECEWISE_BEZIER_KNOTS.);
#2202 = CARTESIAN_POINT('',(0.790270145251,0.500135072626,0.1));
#2203 = CARTESIAN_POINT('',(0.85,0.53,0.525));
#2204 = CARTESIAN_POINT('',(0.790270145251,-0.500135072626,0.1));
#2205 = CARTESIAN_POINT('',(0.85,-0.53,0.525));
#2206 = ADVANCED_FACE('',(#2207),#2224,.F.);
#2207 = FACE_BOUND('',#2208,.F.);
#2208 = EDGE_LOOP('',(#2209,#2210,#2217,#2223));
#2209 = ORIENTED_EDGE('',*,*,#1954,.T.);
#2210 = ORIENTED_EDGE('',*,*,#2211,.T.);
#2211 = EDGE_CURVE('',#1948,#2212,#2214,.T.);
#2212 = VERTEX_POINT('',#2213);
#2213 = CARTESIAN_POINT('',(-0.755,0.625,0.675));
#2214 = B_SPLINE_CURVE_WITH_KNOTS('',1,(#2215,#2216),.UNSPECIFIED.,.F.,
  .F.,(2,2),(0.,1.),.PIECEWISE_BEZIER_KNOTS.);
#2215 = CARTESIAN_POINT('',(-0.755,0.625,0.525));
#2216 = CARTESIAN_POINT('',(-0.755,0.625,0.675));
#2217 = ORIENTED_EDGE('',*,*,#2218,.F.);
#2218 = EDGE_CURVE('',#2042,#2212,#2219,.T.);
#2219 = LINE('',#2220,#2221);
#2220 = CARTESIAN_POINT('',(-0.85,0.53,0.675));
#2221 = VECTOR('',#2222,1.);
#2222 = DIRECTION('',(0.707106781187,0.707106781187,0.));
#2223 = ORIENTED_EDGE('',*,*,#2041,.F.);
#2224 = PLANE('',#2225);
#2225 = AXIS2_PLACEMENT_3D('',#2226,#2227,#2228);
#2226 = CARTESIAN_POINT('',(-0.85,0.53,0.675));
#2227 = DIRECTION('',(0.707106781187,-0.707106781187,0.));
#2228 = DIRECTION('',(0.707106781187,0.707106781187,0.));
#2229 = ADVANCED_FACE('',(#2230),#2247,.F.);
#2230 = FACE_BOUND('',#2231,.F.);
#2231 = EDGE_LOOP('',(#2232,#2233,#2234,#2242));
#2232 = ORIENTED_EDGE('',*,*,#2064,.T.);
#2233 = ORIENTED_EDGE('',*,*,#1969,.T.);
#2234 = ORIENTED_EDGE('',*,*,#2235,.F.);
#2235 = EDGE_CURVE('',#2236,#1970,#2238,.T.);
#2236 = VERTEX_POINT('',#2237);
#2237 = CARTESIAN_POINT('',(-0.755,-0.625,0.675));
#2238 = LINE('',#2239,#2240);
#2239 = CARTESIAN_POINT('',(-0.755,-0.625,0.675));
#2240 = VECTOR('',#2241,1.);
#2241 = DIRECTION('',(-0.707106781187,0.707106781187,0.));
#2242 = ORIENTED_EDGE('',*,*,#2243,.F.);
#2243 = EDGE_CURVE('',#2065,#2236,#2244,.T.);
#2244 = B_SPLINE_CURVE_WITH_KNOTS('',1,(#2245,#2246),.UNSPECIFIED.,.F.,
  .F.,(2,2),(0.,1.),.PIECEWISE_BEZIER_KNOTS.);
#2245 = CARTESIAN_POINT('',(-0.755,-0.625,0.525));
#2246 = CARTESIAN_POINT('',(-0.755,-0.625,0.675));
#2247 = PLANE('',#2248);
#2248 = AXIS2_PLACEMENT_3D('',#2249,#2250,#2251);
#2249 = CARTESIAN_POINT('',(-0.755,-0.625,0.675));
#2250 = DIRECTION('',(0.707106781187,0.707106781187,0.));
#2251 = DIRECTION('',(-0.707106781187,0.707106781187,0.));
#2252 = ADVANCED_FACE('',(#2253),#2335,.F.);
#2253 = FACE_BOUND('',#2254,.F.);
#2254 = EDGE_LOOP('',(#2255,#2256,#2257,#2265,#2273,#2281,#2289,#2297,
    #2305,#2313,#2321,#2329));
#2255 = ORIENTED_EDGE('',*,*,#2235,.T.);
#2256 = ORIENTED_EDGE('',*,*,#1985,.T.);
#2257 = ORIENTED_EDGE('',*,*,#2258,.T.);
#2258 = EDGE_CURVE('',#1978,#2259,#2261,.T.);
#2259 = VERTEX_POINT('',#2260);
#2260 = CARTESIAN_POINT('',(-0.825,-0.175,0.675));
#2261 = LINE('',#2262,#2263);
#2262 = CARTESIAN_POINT('',(-0.85,-0.175,0.675));
#2263 = VECTOR('',#2264,1.);
#2264 = DIRECTION('',(1.,-1.110223024625E-16,0.));
#2265 = ORIENTED_EDGE('',*,*,#2266,.F.);
#2266 = EDGE_CURVE('',#2267,#2259,#2269,.T.);
#2267 = VERTEX_POINT('',#2268);
#2268 = CARTESIAN_POINT('',(-0.825,-0.5175,0.675));
#2269 = LINE('',#2270,#2271);
#2270 = CARTESIAN_POINT('',(-0.825,-0.5175,0.675));
#2271 = VECTOR('',#2272,1.);
#2272 = DIRECTION('',(0.,1.,0.));
#2273 = ORIENTED_EDGE('',*,*,#2274,.F.);
#2274 = EDGE_CURVE('',#2275,#2267,#2277,.T.);
#2275 = VERTEX_POINT('',#2276);
#2276 = CARTESIAN_POINT('',(-0.7425,-0.6,0.675));
#2277 = LINE('',#2278,#2279);
#2278 = CARTESIAN_POINT('',(-0.7425,-0.6,0.675));
#2279 = VECTOR('',#2280,1.);
#2280 = DIRECTION('',(-0.707106781187,0.707106781187,0.));
#2281 = ORIENTED_EDGE('',*,*,#2282,.F.);
#2282 = EDGE_CURVE('',#2283,#2275,#2285,.T.);
#2283 = VERTEX_POINT('',#2284);
#2284 = CARTESIAN_POINT('',(0.7425,-0.6,0.675));
#2285 = LINE('',#2286,#2287);
#2286 = CARTESIAN_POINT('',(0.7425,-0.6,0.675));
#2287 = VECTOR('',#2288,1.);
#2288 = DIRECTION('',(-1.,0.,0.));
#2289 = ORIENTED_EDGE('',*,*,#2290,.F.);
#2290 = EDGE_CURVE('',#2291,#2283,#2293,.T.);
#2291 = VERTEX_POINT('',#2292);
#2292 = CARTESIAN_POINT('',(0.825,-0.5175,0.675));
#2293 = LINE('',#2294,#2295);
#2294 = CARTESIAN_POINT('',(0.825,-0.5175,0.675));
#2295 = VECTOR('',#2296,1.);
#2296 = DIRECTION('',(-0.707106781187,-0.707106781187,0.));
#2297 = ORIENTED_EDGE('',*,*,#2298,.F.);
#2298 = EDGE_CURVE('',#2299,#2291,#2301,.T.);
#2299 = VERTEX_POINT('',#2300);
#2300 = CARTESIAN_POINT('',(0.825,-0.175,0.675));
#2301 = LINE('',#2302,#2303);
#2302 = CARTESIAN_POINT('',(0.825,0.5175,0.675));
#2303 = VECTOR('',#2304,1.);
#2304 = DIRECTION('',(0.,-1.,0.));
#2305 = ORIENTED_EDGE('',*,*,#2306,.F.);
#2306 = EDGE_CURVE('',#2307,#2299,#2309,.T.);
#2307 = VERTEX_POINT('',#2308);
#2308 = CARTESIAN_POINT('',(0.85,-0.175,0.675));
#2309 = LINE('',#2310,#2311);
#2310 = CARTESIAN_POINT('',(0.85,-0.175,0.675));
#2311 = VECTOR('',#2312,1.);
#2312 = DIRECTION('',(-1.,2.22044604925E-16,0.));
#2313 = ORIENTED_EDGE('',*,*,#2314,.T.);
#2314 = EDGE_CURVE('',#2307,#2315,#2317,.T.);
#2315 = VERTEX_POINT('',#2316);
#2316 = CARTESIAN_POINT('',(0.85,-0.53,0.675));
#2317 = LINE('',#2318,#2319);
#2318 = CARTESIAN_POINT('',(0.85,0.53,0.675));
#2319 = VECTOR('',#2320,1.);
#2320 = DIRECTION('',(0.,-1.,0.));
#2321 = ORIENTED_EDGE('',*,*,#2322,.T.);
#2322 = EDGE_CURVE('',#2315,#2323,#2325,.T.);
#2323 = VERTEX_POINT('',#2324);
#2324 = CARTESIAN_POINT('',(0.755,-0.625,0.675));
#2325 = LINE('',#2326,#2327);
#2326 = CARTESIAN_POINT('',(0.85,-0.53,0.675));
#2327 = VECTOR('',#2328,1.);
#2328 = DIRECTION('',(-0.707106781187,-0.707106781187,0.));
#2329 = ORIENTED_EDGE('',*,*,#2330,.T.);
#2330 = EDGE_CURVE('',#2323,#2236,#2331,.T.);
#2331 = LINE('',#2332,#2333);
#2332 = CARTESIAN_POINT('',(0.755,-0.625,0.675));
#2333 = VECTOR('',#2334,1.);
#2334 = DIRECTION('',(-1.,0.,0.));
#2335 = PLANE('',#2336);
#2336 = AXIS2_PLACEMENT_3D('',#2337,#2338,#2339);
#2337 = CARTESIAN_POINT('',(-0.8375,1.101047627727E-17,0.675));
#2338 = DIRECTION('',(-4.586476420025E-27,1.633860438167E-31,-1.));
#2339 = DIRECTION('',(1.568703130043E-18,1.,1.633860438167E-31));
#2340 = ADVANCED_FACE('',(#2341),#2410,.F.);
#2341 = FACE_BOUND('',#2342,.F.);
#2342 = EDGE_LOOP('',(#2343,#2344,#2345,#2353,#2362,#2370,#2378,#2386,
    #2395,#2403));
#2343 = ORIENTED_EDGE('',*,*,#1977,.F.);
#2344 = ORIENTED_EDGE('',*,*,#2017,.T.);
#2345 = ORIENTED_EDGE('',*,*,#2346,.T.);
#2346 = EDGE_CURVE('',#2010,#2347,#2349,.T.);
#2347 = VERTEX_POINT('',#2348);
#2348 = CARTESIAN_POINT('',(-0.964779134804,-0.175,0.181797400913));
#2349 = LINE('',#2350,#2351);
#2350 = CARTESIAN_POINT('',(-0.918936542711,-0.175,0.467155372437));
#2351 = VECTOR('',#2352,1.);
#2352 = DIRECTION('',(-0.158615661317,1.760987592604E-17,-0.987340403298
    ));
#2353 = ORIENTED_EDGE('',*,*,#2354,.T.);
#2354 = EDGE_CURVE('',#2347,#2355,#2357,.T.);
#2355 = VERTEX_POINT('',#2356);
#2356 = CARTESIAN_POINT('',(-1.181436840466,-0.175,-5.551115123126E-17)
  );
#2357 = CIRCLE('',#2358,0.22);
#2358 = AXIS2_PLACEMENT_3D('',#2359,#2360,#2361);
#2359 = CARTESIAN_POINT('',(-1.181436840466,-0.175,0.22));
#2360 = DIRECTION('',(1.110223024625E-16,1.,0.));
#2361 = DIRECTION('',(0.984807753012,-1.093356242223E-16,-0.173648177667
    ));
#2362 = ORIENTED_EDGE('',*,*,#2363,.T.);
#2363 = EDGE_CURVE('',#2355,#2364,#2366,.T.);
#2364 = VERTEX_POINT('',#2365);
#2365 = CARTESIAN_POINT('',(-1.25,-0.175,-5.551115123126E-17));
#2366 = LINE('',#2367,#2368);
#2367 = CARTESIAN_POINT('',(-1.181436840466,-0.175,-5.551115123126E-17)
  );
#2368 = VECTOR('',#2369,1.);
#2369 = DIRECTION('',(-1.,1.110223024625E-16,0.));
#2370 = ORIENTED_EDGE('',*,*,#2371,.T.);
#2371 = EDGE_CURVE('',#2364,#2372,#2374,.T.);
#2372 = VERTEX_POINT('',#2373);
#2373 = CARTESIAN_POINT('',(-1.25,-0.175,0.15));
#2374 = LINE('',#2375,#2376);
#2375 = CARTESIAN_POINT('',(-1.25,-0.175,-5.551115123126E-17));
#2376 = VECTOR('',#2377,1.);
#2377 = DIRECTION('',(0.,0.,1.));
#2378 = ORIENTED_EDGE('',*,*,#2379,.T.);
#2379 = EDGE_CURVE('',#2372,#2380,#2382,.T.);
#2380 = VERTEX_POINT('',#2381);
#2381 = CARTESIAN_POINT('',(-1.181436840466,-0.175,0.15));
#2382 = LINE('',#2383,#2384);
#2383 = CARTESIAN_POINT('',(-1.25,-0.175,0.15));
#2384 = VECTOR('',#2385,1.);
#2385 = DIRECTION('',(1.,-1.110223024625E-16,0.));
#2386 = ORIENTED_EDGE('',*,*,#2387,.T.);
#2387 = EDGE_CURVE('',#2380,#2388,#2390,.T.);
#2388 = VERTEX_POINT('',#2389);
#2389 = CARTESIAN_POINT('',(-1.112500297756,-0.175,0.207844627563));
#2390 = CIRCLE('',#2391,7.E-02);
#2391 = AXIS2_PLACEMENT_3D('',#2392,#2393,#2394);
#2392 = CARTESIAN_POINT('',(-1.181436840466,-0.175,0.22));
#2393 = DIRECTION('',(-1.110223024625E-16,-1.,-0.));
#2394 = DIRECTION('',(0.,0.,-1.));
#2395 = ORIENTED_EDGE('',*,*,#2396,.T.);
#2396 = EDGE_CURVE('',#2388,#2397,#2399,.T.);
#2397 = VERTEX_POINT('',#2398);
#2398 = CARTESIAN_POINT('',(-1.066657705663,-0.175,0.493202599087));
#2399 = LINE('',#2400,#2401);
#2400 = CARTESIAN_POINT('',(-1.112500297756,-0.175,0.207844627563));
#2401 = VECTOR('',#2402,1.);
#2402 = DIRECTION('',(0.158615661317,-1.760987592604E-17,0.987340403298)
  );
#2403 = ORIENTED_EDGE('',*,*,#2404,.T.);
#2404 = EDGE_CURVE('',#2397,#1978,#2405,.T.);
#2405 = CIRCLE('',#2406,0.22);
#2406 = AXIS2_PLACEMENT_3D('',#2407,#2408,#2409);
#2407 = CARTESIAN_POINT('',(-0.85,-0.175,0.455));
#2408 = DIRECTION('',(1.110223024625E-16,1.,0.));
#2409 = DIRECTION('',(-0.984807753012,1.093356242223E-16,0.173648177667)
  );
#2410 = PLANE('',#2411);
#2411 = AXIS2_PLACEMENT_3D('',#2412,#2413,#2414);
#2412 = CARTESIAN_POINT('',(-1.021526355437,-0.175,0.332418056697));
#2413 = DIRECTION('',(1.110223024625E-16,1.,0.));
#2414 = DIRECTION('',(0.,-0.,1.));
#2415 = ADVANCED_FACE('',(#2416),#2434,.F.);
#2416 = FACE_BOUND('',#2417,.F.);
#2417 = EDGE_LOOP('',(#2418,#2419,#2427,#2433));
#2418 = ORIENTED_EDGE('',*,*,#2009,.T.);
#2419 = ORIENTED_EDGE('',*,*,#2420,.T.);
#2420 = EDGE_CURVE('',#2001,#2421,#2423,.T.);
#2421 = VERTEX_POINT('',#2422);
#2422 = CARTESIAN_POINT('',(-0.964779134804,0.175,0.181797400913));
#2423 = LINE('',#2424,#2425);
#2424 = CARTESIAN_POINT('',(-0.918936542711,0.175,0.467155372437));
#2425 = VECTOR('',#2426,1.);
#2426 = DIRECTION('',(-0.158615661317,1.760987592604E-17,-0.987340403298
    ));
#2427 = ORIENTED_EDGE('',*,*,#2428,.F.);
#2428 = EDGE_CURVE('',#2347,#2421,#2429,.T.);
#2429 = LINE('',#2430,#2431);
#2430 = CARTESIAN_POINT('',(-0.964779134804,-0.175,0.181797400913));
#2431 = VECTOR('',#2432,1.);
#2432 = DIRECTION('',(1.110223024625E-16,1.,0.));
#2433 = ORIENTED_EDGE('',*,*,#2346,.F.);
#2434 = PLANE('',#2435);
#2435 = AXIS2_PLACEMENT_3D('',#2436,#2437,#2438);
#2436 = CARTESIAN_POINT('',(-0.918936542711,-0.175,0.467155372437));
#2437 = DIRECTION('',(-0.987340403298,1.096168048884E-16,0.158615661317)
  );
#2438 = DIRECTION('',(-0.158615661317,1.760987592604E-17,-0.987340403298
    ));
#2439 = ADVANCED_FACE('',(#2440),#2502,.T.);
#2440 = FACE_BOUND('',#2441,.T.);
#2441 = EDGE_LOOP('',(#2442,#2443,#2444,#2445,#2454,#2462,#2470,#2478,
    #2487,#2495));
#2442 = ORIENTED_EDGE('',*,*,#2032,.F.);
#2443 = ORIENTED_EDGE('',*,*,#2000,.T.);
#2444 = ORIENTED_EDGE('',*,*,#2420,.T.);
#2445 = ORIENTED_EDGE('',*,*,#2446,.T.);
#2446 = EDGE_CURVE('',#2421,#2447,#2449,.T.);
#2447 = VERTEX_POINT('',#2448);
#2448 = CARTESIAN_POINT('',(-1.181436840466,0.175,-5.551115123126E-17));
#2449 = CIRCLE('',#2450,0.22);
#2450 = AXIS2_PLACEMENT_3D('',#2451,#2452,#2453);
#2451 = CARTESIAN_POINT('',(-1.181436840466,0.175,0.22));
#2452 = DIRECTION('',(1.110223024625E-16,1.,0.));
#2453 = DIRECTION('',(0.984807753012,-1.093356242223E-16,-0.173648177667
    ));
#2454 = ORIENTED_EDGE('',*,*,#2455,.T.);
#2455 = EDGE_CURVE('',#2447,#2456,#2458,.T.);
#2456 = VERTEX_POINT('',#2457);
#2457 = CARTESIAN_POINT('',(-1.25,0.175,-5.551115123126E-17));
#2458 = LINE('',#2459,#2460);
#2459 = CARTESIAN_POINT('',(-1.181436840466,0.175,-5.551115123126E-17));
#2460 = VECTOR('',#2461,1.);
#2461 = DIRECTION('',(-1.,1.110223024625E-16,0.));
#2462 = ORIENTED_EDGE('',*,*,#2463,.T.);
#2463 = EDGE_CURVE('',#2456,#2464,#2466,.T.);
#2464 = VERTEX_POINT('',#2465);
#2465 = CARTESIAN_POINT('',(-1.25,0.175,0.15));
#2466 = LINE('',#2467,#2468);
#2467 = CARTESIAN_POINT('',(-1.25,0.175,-5.551115123126E-17));
#2468 = VECTOR('',#2469,1.);
#2469 = DIRECTION('',(0.,0.,1.));
#2470 = ORIENTED_EDGE('',*,*,#2471,.T.);
#2471 = EDGE_CURVE('',#2464,#2472,#2474,.T.);
#2472 = VERTEX_POINT('',#2473);
#2473 = CARTESIAN_POINT('',(-1.181436840466,0.175,0.15));
#2474 = LINE('',#2475,#2476);
#2475 = CARTESIAN_POINT('',(-1.25,0.175,0.15));
#2476 = VECTOR('',#2477,1.);
#2477 = DIRECTION('',(1.,-1.110223024625E-16,0.));
#2478 = ORIENTED_EDGE('',*,*,#2479,.T.);
#2479 = EDGE_CURVE('',#2472,#2480,#2482,.T.);
#2480 = VERTEX_POINT('',#2481);
#2481 = CARTESIAN_POINT('',(-1.112500297756,0.175,0.207844627563));
#2482 = CIRCLE('',#2483,7.E-02);
#2483 = AXIS2_PLACEMENT_3D('',#2484,#2485,#2486);
#2484 = CARTESIAN_POINT('',(-1.181436840466,0.175,0.22));
#2485 = DIRECTION('',(-1.110223024625E-16,-1.,-0.));
#2486 = DIRECTION('',(0.,0.,-1.));
#2487 = ORIENTED_EDGE('',*,*,#2488,.T.);
#2488 = EDGE_CURVE('',#2480,#2489,#2491,.T.);
#2489 = VERTEX_POINT('',#2490);
#2490 = CARTESIAN_POINT('',(-1.066657705663,0.175,0.493202599087));
#2491 = LINE('',#2492,#2493);
#2492 = CARTESIAN_POINT('',(-1.112500297756,0.175,0.207844627563));
#2493 = VECTOR('',#2494,1.);
#2494 = DIRECTION('',(0.158615661317,-1.760987592604E-17,0.987340403298)
  );
#2495 = ORIENTED_EDGE('',*,*,#2496,.T.);
#2496 = EDGE_CURVE('',#2489,#2033,#2497,.T.);
#2497 = CIRCLE('',#2498,0.22);
#2498 = AXIS2_PLACEMENT_3D('',#2499,#2500,#2501);
#2499 = CARTESIAN_POINT('',(-0.85,0.175,0.455));
#2500 = DIRECTION('',(1.110223024625E-16,1.,0.));
#2501 = DIRECTION('',(-0.984807753012,1.093356242223E-16,0.173648177667)
  );
#2502 = PLANE('',#2503);
#2503 = AXIS2_PLACEMENT_3D('',#2504,#2505,#2506);
#2504 = CARTESIAN_POINT('',(-1.021526355437,0.175,0.332418056697));
#2505 = DIRECTION('',(1.110223024625E-16,1.,0.));
#2506 = DIRECTION('',(0.,-0.,1.));
#2507 = ADVANCED_FACE('',(#2508),#2590,.F.);
#2508 = FACE_BOUND('',#2509,.F.);
#2509 = EDGE_LOOP('',(#2510,#2518,#2519,#2520,#2528,#2536,#2544,#2552,
    #2560,#2568,#2576,#2584));
#2510 = ORIENTED_EDGE('',*,*,#2511,.F.);
#2511 = EDGE_CURVE('',#2033,#2512,#2514,.T.);
#2512 = VERTEX_POINT('',#2513);
#2513 = CARTESIAN_POINT('',(-0.825,0.175,0.675));
#2514 = LINE('',#2515,#2516);
#2515 = CARTESIAN_POINT('',(-0.85,0.175,0.675));
#2516 = VECTOR('',#2517,1.);
#2517 = DIRECTION('',(1.,-1.110223024625E-16,0.));
#2518 = ORIENTED_EDGE('',*,*,#2048,.T.);
#2519 = ORIENTED_EDGE('',*,*,#2218,.T.);
#2520 = ORIENTED_EDGE('',*,*,#2521,.T.);
#2521 = EDGE_CURVE('',#2212,#2522,#2524,.T.);
#2522 = VERTEX_POINT('',#2523);
#2523 = CARTESIAN_POINT('',(0.755,0.625,0.675));
#2524 = LINE('',#2525,#2526);
#2525 = CARTESIAN_POINT('',(-0.755,0.625,0.675));
#2526 = VECTOR('',#2527,1.);
#2527 = DIRECTION('',(1.,0.,0.));
#2528 = ORIENTED_EDGE('',*,*,#2529,.T.);
#2529 = EDGE_CURVE('',#2522,#2530,#2532,.T.);
#2530 = VERTEX_POINT('',#2531);
#2531 = CARTESIAN_POINT('',(0.85,0.53,0.675));
#2532 = LINE('',#2533,#2534);
#2533 = CARTESIAN_POINT('',(0.755,0.625,0.675));
#2534 = VECTOR('',#2535,1.);
#2535 = DIRECTION('',(0.707106781187,-0.707106781187,0.));
#2536 = ORIENTED_EDGE('',*,*,#2537,.T.);
#2537 = EDGE_CURVE('',#2530,#2538,#2540,.T.);
#2538 = VERTEX_POINT('',#2539);
#2539 = CARTESIAN_POINT('',(0.85,0.175,0.675));
#2540 = LINE('',#2541,#2542);
#2541 = CARTESIAN_POINT('',(0.85,0.53,0.675));
#2542 = VECTOR('',#2543,1.);
#2543 = DIRECTION('',(0.,-1.,0.));
#2544 = ORIENTED_EDGE('',*,*,#2545,.T.);
#2545 = EDGE_CURVE('',#2538,#2546,#2548,.T.);
#2546 = VERTEX_POINT('',#2547);
#2547 = CARTESIAN_POINT('',(0.825,0.175,0.675));
#2548 = LINE('',#2549,#2550);
#2549 = CARTESIAN_POINT('',(0.85,0.175,0.675));
#2550 = VECTOR('',#2551,1.);
#2551 = DIRECTION('',(-1.,2.22044604925E-16,0.));
#2552 = ORIENTED_EDGE('',*,*,#2553,.F.);
#2553 = EDGE_CURVE('',#2554,#2546,#2556,.T.);
#2554 = VERTEX_POINT('',#2555);
#2555 = CARTESIAN_POINT('',(0.825,0.5175,0.675));
#2556 = LINE('',#2557,#2558);
#2557 = CARTESIAN_POINT('',(0.825,0.5175,0.675));
#2558 = VECTOR('',#2559,1.);
#2559 = DIRECTION('',(0.,-1.,0.));
#2560 = ORIENTED_EDGE('',*,*,#2561,.F.);
#2561 = EDGE_CURVE('',#2562,#2554,#2564,.T.);
#2562 = VERTEX_POINT('',#2563);
#2563 = CARTESIAN_POINT('',(0.7425,0.6,0.675));
#2564 = LINE('',#2565,#2566);
#2565 = CARTESIAN_POINT('',(0.7425,0.6,0.675));
#2566 = VECTOR('',#2567,1.);
#2567 = DIRECTION('',(0.707106781187,-0.707106781187,0.));
#2568 = ORIENTED_EDGE('',*,*,#2569,.F.);
#2569 = EDGE_CURVE('',#2570,#2562,#2572,.T.);
#2570 = VERTEX_POINT('',#2571);
#2571 = CARTESIAN_POINT('',(-0.7425,0.6,0.675));
#2572 = LINE('',#2573,#2574);
#2573 = CARTESIAN_POINT('',(-0.7425,0.6,0.675));
#2574 = VECTOR('',#2575,1.);
#2575 = DIRECTION('',(1.,0.,0.));
#2576 = ORIENTED_EDGE('',*,*,#2577,.F.);
#2577 = EDGE_CURVE('',#2578,#2570,#2580,.T.);
#2578 = VERTEX_POINT('',#2579);
#2579 = CARTESIAN_POINT('',(-0.825,0.5175,0.675));
#2580 = LINE('',#2581,#2582);
#2581 = CARTESIAN_POINT('',(-0.825,0.5175,0.675));
#2582 = VECTOR('',#2583,1.);
#2583 = DIRECTION('',(0.707106781187,0.707106781187,0.));
#2584 = ORIENTED_EDGE('',*,*,#2585,.F.);
#2585 = EDGE_CURVE('',#2512,#2578,#2586,.T.);
#2586 = LINE('',#2587,#2588);
#2587 = CARTESIAN_POINT('',(-0.825,-0.5175,0.675));
#2588 = VECTOR('',#2589,1.);
#2589 = DIRECTION('',(0.,1.,0.));
#2590 = PLANE('',#2591);
#2591 = AXIS2_PLACEMENT_3D('',#2592,#2593,#2594);
#2592 = CARTESIAN_POINT('',(-0.8375,1.101047627727E-17,0.675));
#2593 = DIRECTION('',(-4.586476420025E-27,1.633860438167E-31,-1.));
#2594 = DIRECTION('',(1.568703130043E-18,1.,1.633860438167E-31));
#2595 = ADVANCED_FACE('',(#2596),#2606,.F.);
#2596 = FACE_BOUND('',#2597,.F.);
#2597 = EDGE_LOOP('',(#2598,#2599,#2600,#2601));
#2598 = ORIENTED_EDGE('',*,*,#2087,.T.);
#2599 = ORIENTED_EDGE('',*,*,#2243,.T.);
#2600 = ORIENTED_EDGE('',*,*,#2330,.F.);
#2601 = ORIENTED_EDGE('',*,*,#2602,.F.);
#2602 = EDGE_CURVE('',#2088,#2323,#2603,.T.);
#2603 = B_SPLINE_CURVE_WITH_KNOTS('',1,(#2604,#2605),.UNSPECIFIED.,.F.,
  .F.,(2,2),(0.,1.),.PIECEWISE_BEZIER_KNOTS.);
#2604 = CARTESIAN_POINT('',(0.755,-0.625,0.525));
#2605 = CARTESIAN_POINT('',(0.755,-0.625,0.675));
#2606 = PLANE('',#2607);
#2607 = AXIS2_PLACEMENT_3D('',#2608,#2609,#2610);
#2608 = CARTESIAN_POINT('',(0.755,-0.625,0.675));
#2609 = DIRECTION('',(0.,1.,0.));
#2610 = DIRECTION('',(-1.,0.,0.));
#2611 = ADVANCED_FACE('',(#2612),#2622,.F.);
#2612 = FACE_BOUND('',#2613,.F.);
#2613 = EDGE_LOOP('',(#2614,#2615,#2620,#2621));
#2614 = ORIENTED_EDGE('',*,*,#2116,.T.);
#2615 = ORIENTED_EDGE('',*,*,#2616,.T.);
#2616 = EDGE_CURVE('',#2110,#2522,#2617,.T.);
#2617 = B_SPLINE_CURVE_WITH_KNOTS('',1,(#2618,#2619),.UNSPECIFIED.,.F.,
  .F.,(2,2),(0.,1.),.PIECEWISE_BEZIER_KNOTS.);
#2618 = CARTESIAN_POINT('',(0.755,0.625,0.525));
#2619 = CARTESIAN_POINT('',(0.755,0.625,0.675));
#2620 = ORIENTED_EDGE('',*,*,#2521,.F.);
#2621 = ORIENTED_EDGE('',*,*,#2211,.F.);
#2622 = PLANE('',#2623);
#2623 = AXIS2_PLACEMENT_3D('',#2624,#2625,#2626);
#2624 = CARTESIAN_POINT('',(-0.755,0.625,0.675));
#2625 = DIRECTION('',(0.,-1.,0.));
#2626 = DIRECTION('',(1.,0.,0.));
#2627 = ADVANCED_FACE('',(#2628),#2638,.F.);
#2628 = FACE_BOUND('',#2629,.F.);
#2629 = EDGE_LOOP('',(#2630,#2631,#2632,#2633));
#2630 = ORIENTED_EDGE('',*,*,#2133,.T.);
#2631 = ORIENTED_EDGE('',*,*,#2602,.T.);
#2632 = ORIENTED_EDGE('',*,*,#2322,.F.);
#2633 = ORIENTED_EDGE('',*,*,#2634,.F.);
#2634 = EDGE_CURVE('',#2134,#2315,#2635,.T.);
#2635 = B_SPLINE_CURVE_WITH_KNOTS('',1,(#2636,#2637),.UNSPECIFIED.,.F.,
  .F.,(2,2),(0.,1.),.PIECEWISE_BEZIER_KNOTS.);
#2636 = CARTESIAN_POINT('',(0.85,-0.53,0.525));
#2637 = CARTESIAN_POINT('',(0.85,-0.53,0.675));
#2638 = PLANE('',#2639);
#2639 = AXIS2_PLACEMENT_3D('',#2640,#2641,#2642);
#2640 = CARTESIAN_POINT('',(0.85,-0.53,0.675));
#2641 = DIRECTION('',(-0.707106781187,0.707106781187,0.));
#2642 = DIRECTION('',(-0.707106781187,-0.707106781187,0.));
#2643 = ADVANCED_FACE('',(#2644),#2654,.F.);
#2644 = FACE_BOUND('',#2645,.F.);
#2645 = EDGE_LOOP('',(#2646,#2647,#2652,#2653));
#2646 = ORIENTED_EDGE('',*,*,#2162,.T.);
#2647 = ORIENTED_EDGE('',*,*,#2648,.T.);
#2648 = EDGE_CURVE('',#2156,#2530,#2649,.T.);
#2649 = B_SPLINE_CURVE_WITH_KNOTS('',1,(#2650,#2651),.UNSPECIFIED.,.F.,
  .F.,(2,2),(0.,1.),.PIECEWISE_BEZIER_KNOTS.);
#2650 = CARTESIAN_POINT('',(0.85,0.53,0.525));
#2651 = CARTESIAN_POINT('',(0.85,0.53,0.675));
#2652 = ORIENTED_EDGE('',*,*,#2529,.F.);
#2653 = ORIENTED_EDGE('',*,*,#2616,.F.);
#2654 = PLANE('',#2655);
#2655 = AXIS2_PLACEMENT_3D('',#2656,#2657,#2658);
#2656 = CARTESIAN_POINT('',(0.755,0.625,0.675));
#2657 = DIRECTION('',(-0.707106781187,-0.707106781187,0.));
#2658 = DIRECTION('',(0.707106781187,-0.707106781187,0.));
#2659 = ADVANCED_FACE('',(#2660),#2671,.F.);
#2660 = FACE_BOUND('',#2661,.F.);
#2661 = EDGE_LOOP('',(#2662,#2663,#2664,#2670));
#2662 = ORIENTED_EDGE('',*,*,#2648,.F.);
#2663 = ORIENTED_EDGE('',*,*,#2195,.T.);
#2664 = ORIENTED_EDGE('',*,*,#2665,.T.);
#2665 = EDGE_CURVE('',#2188,#2538,#2666,.T.);
#2666 = LINE('',#2667,#2668);
#2667 = CARTESIAN_POINT('',(0.85,0.175,0.503709028349));
#2668 = VECTOR('',#2669,1.);
#2669 = DIRECTION('',(0.,0.,1.));
#2670 = ORIENTED_EDGE('',*,*,#2537,.F.);
#2671 = PLANE('',#2672);
#2672 = AXIS2_PLACEMENT_3D('',#2673,#2674,#2675);
#2673 = CARTESIAN_POINT('',(0.85,0.53,0.675));
#2674 = DIRECTION('',(-1.,0.,0.));
#2675 = DIRECTION('',(0.,-1.,0.));
#2676 = ADVANCED_FACE('',(#2677),#2704,.F.);
#2677 = FACE_BOUND('',#2678,.F.);
#2678 = EDGE_LOOP('',(#2679,#2680,#2689,#2697));
#2679 = ORIENTED_EDGE('',*,*,#2187,.T.);
#2680 = ORIENTED_EDGE('',*,*,#2681,.T.);
#2681 = EDGE_CURVE('',#2180,#2682,#2684,.T.);
#2682 = VERTEX_POINT('',#2683);
#2683 = CARTESIAN_POINT('',(0.918936542711,-0.175,0.467155372437));
#2684 = CIRCLE('',#2685,7.E-02);
#2685 = AXIS2_PLACEMENT_3D('',#2686,#2687,#2688);
#2686 = CARTESIAN_POINT('',(0.85,-0.175,0.455));
#2687 = DIRECTION('',(2.22044604925E-16,1.,-0.));
#2688 = DIRECTION('',(0.,0.,1.));
#2689 = ORIENTED_EDGE('',*,*,#2690,.F.);
#2690 = EDGE_CURVE('',#2691,#2682,#2693,.T.);
#2691 = VERTEX_POINT('',#2692);
#2692 = CARTESIAN_POINT('',(0.918936542711,0.175,0.467155372437));
#2693 = LINE('',#2694,#2695);
#2694 = CARTESIAN_POINT('',(0.918936542711,0.175,0.467155372437));
#2695 = VECTOR('',#2696,1.);
#2696 = DIRECTION('',(-2.22044604925E-16,-1.,0.));
#2697 = ORIENTED_EDGE('',*,*,#2698,.F.);
#2698 = EDGE_CURVE('',#2188,#2691,#2699,.T.);
#2699 = CIRCLE('',#2700,7.E-02);
#2700 = AXIS2_PLACEMENT_3D('',#2701,#2702,#2703);
#2701 = CARTESIAN_POINT('',(0.85,0.175,0.455));
#2702 = DIRECTION('',(2.22044604925E-16,1.,-0.));
#2703 = DIRECTION('',(0.,0.,1.));
#2704 = CYLINDRICAL_SURFACE('',#2705,7.E-02);
#2705 = AXIS2_PLACEMENT_3D('',#2706,#2707,#2708);
#2706 = CARTESIAN_POINT('',(0.85,0.175,0.455));
#2707 = DIRECTION('',(2.22044604925E-16,1.,0.));
#2708 = DIRECTION('',(0.,-0.,1.));
#2709 = ADVANCED_FACE('',(#2710),#2721,.F.);
#2710 = FACE_BOUND('',#2711,.F.);
#2711 = EDGE_LOOP('',(#2712,#2718,#2719,#2720));
#2712 = ORIENTED_EDGE('',*,*,#2713,.F.);
#2713 = EDGE_CURVE('',#2180,#2307,#2714,.T.);
#2714 = LINE('',#2715,#2716);
#2715 = CARTESIAN_POINT('',(0.85,-0.175,0.503709028349));
#2716 = VECTOR('',#2717,1.);
#2717 = DIRECTION('',(0.,0.,1.));
#2718 = ORIENTED_EDGE('',*,*,#2179,.T.);
#2719 = ORIENTED_EDGE('',*,*,#2634,.T.);
#2720 = ORIENTED_EDGE('',*,*,#2314,.F.);
#2721 = PLANE('',#2722);
#2722 = AXIS2_PLACEMENT_3D('',#2723,#2724,#2725);
#2723 = CARTESIAN_POINT('',(0.85,0.53,0.675));
#2724 = DIRECTION('',(-1.,0.,0.));
#2725 = DIRECTION('',(0.,-1.,0.));
#2726 = ADVANCED_FACE('',(#2727),#2743,.F.);
#2727 = FACE_BOUND('',#2728,.F.);
#2728 = EDGE_LOOP('',(#2729,#2730,#2736,#2737));
#2729 = ORIENTED_EDGE('',*,*,#2545,.F.);
#2730 = ORIENTED_EDGE('',*,*,#2731,.T.);
#2731 = EDGE_CURVE('',#2538,#2307,#2732,.T.);
#2732 = LINE('',#2733,#2734);
#2733 = CARTESIAN_POINT('',(0.85,0.175,0.675));
#2734 = VECTOR('',#2735,1.);
#2735 = DIRECTION('',(-2.22044604925E-16,-1.,0.));
#2736 = ORIENTED_EDGE('',*,*,#2306,.T.);
#2737 = ORIENTED_EDGE('',*,*,#2738,.F.);
#2738 = EDGE_CURVE('',#2546,#2299,#2739,.T.);
#2739 = LINE('',#2740,#2741);
#2740 = CARTESIAN_POINT('',(0.825,0.5175,0.675));
#2741 = VECTOR('',#2742,1.);
#2742 = DIRECTION('',(0.,-1.,0.));
#2743 = PLANE('',#2744);
#2744 = AXIS2_PLACEMENT_3D('',#2745,#2746,#2747);
#2745 = CARTESIAN_POINT('',(0.85,0.175,0.675));
#2746 = DIRECTION('',(0.,0.,-1.));
#2747 = DIRECTION('',(-1.,2.22044604925E-16,0.));
#2748 = ADVANCED_FACE('',(#2749),#2774,.F.);
#2749 = FACE_BOUND('',#2750,.F.);
#2750 = EDGE_LOOP('',(#2751,#2752,#2753,#2754,#2761,#2769));
#2751 = ORIENTED_EDGE('',*,*,#2553,.T.);
#2752 = ORIENTED_EDGE('',*,*,#2738,.T.);
#2753 = ORIENTED_EDGE('',*,*,#2298,.T.);
#2754 = ORIENTED_EDGE('',*,*,#2755,.T.);
#2755 = EDGE_CURVE('',#2291,#2756,#2758,.T.);
#2756 = VERTEX_POINT('',#2757);
#2757 = CARTESIAN_POINT('',(0.765270145251,-0.487635072626,1.1));
#2758 = B_SPLINE_CURVE_WITH_KNOTS('',1,(#2759,#2760),.UNSPECIFIED.,.F.,
  .F.,(2,2),(0.,1.),.PIECEWISE_BEZIER_KNOTS.);
#2759 = CARTESIAN_POINT('',(0.825,-0.5175,0.675));
#2760 = CARTESIAN_POINT('',(0.765270145251,-0.487635072626,1.1));
#2761 = ORIENTED_EDGE('',*,*,#2762,.F.);
#2762 = EDGE_CURVE('',#2763,#2756,#2765,.T.);
#2763 = VERTEX_POINT('',#2764);
#2764 = CARTESIAN_POINT('',(0.765270145251,0.487635072626,1.1));
#2765 = LINE('',#2766,#2767);
#2766 = CARTESIAN_POINT('',(0.765270145251,0.487635072626,1.1));
#2767 = VECTOR('',#2768,1.);
#2768 = DIRECTION('',(0.,-1.,0.));
#2769 = ORIENTED_EDGE('',*,*,#2770,.F.);
#2770 = EDGE_CURVE('',#2554,#2763,#2771,.T.);
#2771 = B_SPLINE_CURVE_WITH_KNOTS('',1,(#2772,#2773),.UNSPECIFIED.,.F.,
  .F.,(2,2),(0.,1.),.PIECEWISE_BEZIER_KNOTS.);
#2772 = CARTESIAN_POINT('',(0.825,0.5175,0.675));
#2773 = CARTESIAN_POINT('',(0.765270145251,0.487635072626,1.1));
#2774 = B_SPLINE_SURFACE_WITH_KNOTS('',1,1,(
    (#2775,#2776)
    ,(#2777,#2778
    )),.UNSPECIFIED.,.F.,.F.,.F.,(2,2),(2,2),(0.,1.035),(0.,1.),
  .PIECEWISE_BEZIER_KNOTS.);
#2775 = CARTESIAN_POINT('',(0.825,0.5175,0.675));
#2776 = CARTESIAN_POINT('',(0.765270145251,0.487635072626,1.1));
#2777 = CARTESIAN_POINT('',(0.825,-0.5175,0.675));
#2778 = CARTESIAN_POINT('',(0.765270145251,-0.487635072626,1.1));
#2779 = ADVANCED_FACE('',(#2780),#2797,.F.);
#2780 = FACE_BOUND('',#2781,.F.);
#2781 = EDGE_LOOP('',(#2782,#2783,#2790,#2796));
#2782 = ORIENTED_EDGE('',*,*,#2290,.T.);
#2783 = ORIENTED_EDGE('',*,*,#2784,.T.);
#2784 = EDGE_CURVE('',#2283,#2785,#2787,.T.);
#2785 = VERTEX_POINT('',#2786);
#2786 = CARTESIAN_POINT('',(0.712635072626,-0.540270145251,1.1));
#2787 = B_SPLINE_CURVE_WITH_KNOTS('',1,(#2788,#2789),.UNSPECIFIED.,.F.,
  .F.,(2,2),(0.,1.),.PIECEWISE_BEZIER_KNOTS.);
#2788 = CARTESIAN_POINT('',(0.7425,-0.6,0.675));
#2789 = CARTESIAN_POINT('',(0.712635072626,-0.540270145251,1.1));
#2790 = ORIENTED_EDGE('',*,*,#2791,.F.);
#2791 = EDGE_CURVE('',#2756,#2785,#2792,.T.);
#2792 = LINE('',#2793,#2794);
#2793 = CARTESIAN_POINT('',(0.765270145251,-0.487635072626,1.1));
#2794 = VECTOR('',#2795,1.);
#2795 = DIRECTION('',(-0.707106781187,-0.707106781187,0.));
#2796 = ORIENTED_EDGE('',*,*,#2755,.F.);
#2797 = B_SPLINE_SURFACE_WITH_KNOTS('',1,1,(
    (#2798,#2799)
    ,(#2800,#2801
    )),.UNSPECIFIED.,.F.,.F.,.F.,(2,2),(2,2),(0.,0.116672618896),(0.,1.)
  ,.PIECEWISE_BEZIER_KNOTS.);
#2798 = CARTESIAN_POINT('',(0.825,-0.5175,0.675));
#2799 = CARTESIAN_POINT('',(0.765270145251,-0.487635072626,1.1));
#2800 = CARTESIAN_POINT('',(0.7425,-0.6,0.675));
#2801 = CARTESIAN_POINT('',(0.712635072626,-0.540270145251,1.1));
#2802 = ADVANCED_FACE('',(#2803),#2820,.F.);
#2803 = FACE_BOUND('',#2804,.F.);
#2804 = EDGE_LOOP('',(#2805,#2806,#2813,#2819));
#2805 = ORIENTED_EDGE('',*,*,#2282,.T.);
#2806 = ORIENTED_EDGE('',*,*,#2807,.T.);
#2807 = EDGE_CURVE('',#2275,#2808,#2810,.T.);
#2808 = VERTEX_POINT('',#2809);
#2809 = CARTESIAN_POINT('',(-0.712635072626,-0.540270145251,1.1));
#2810 = B_SPLINE_CURVE_WITH_KNOTS('',1,(#2811,#2812),.UNSPECIFIED.,.F.,
  .F.,(2,2),(0.,1.),.PIECEWISE_BEZIER_KNOTS.);
#2811 = CARTESIAN_POINT('',(-0.7425,-0.6,0.675));
#2812 = CARTESIAN_POINT('',(-0.712635072626,-0.540270145251,1.1));
#2813 = ORIENTED_EDGE('',*,*,#2814,.F.);
#2814 = EDGE_CURVE('',#2785,#2808,#2815,.T.);
#2815 = LINE('',#2816,#2817);
#2816 = CARTESIAN_POINT('',(0.712635072626,-0.540270145251,1.1));
#2817 = VECTOR('',#2818,1.);
#2818 = DIRECTION('',(-1.,0.,0.));
#2819 = ORIENTED_EDGE('',*,*,#2784,.F.);
#2820 = B_SPLINE_SURFACE_WITH_KNOTS('',1,1,(
    (#2821,#2822)
    ,(#2823,#2824
    )),.UNSPECIFIED.,.F.,.F.,.F.,(2,2),(2,2),(0.,1.485),(0.,1.),
  .PIECEWISE_BEZIER_KNOTS.);
#2821 = CARTESIAN_POINT('',(0.7425,-0.6,0.675));
#2822 = CARTESIAN_POINT('',(0.712635072626,-0.540270145251,1.1));
#2823 = CARTESIAN_POINT('',(-0.7425,-0.6,0.675));
#2824 = CARTESIAN_POINT('',(-0.712635072626,-0.540270145251,1.1));
#2825 = ADVANCED_FACE('',(#2826),#2843,.F.);
#2826 = FACE_BOUND('',#2827,.F.);
#2827 = EDGE_LOOP('',(#2828,#2829,#2836,#2842));
#2828 = ORIENTED_EDGE('',*,*,#2274,.T.);
#2829 = ORIENTED_EDGE('',*,*,#2830,.T.);
#2830 = EDGE_CURVE('',#2267,#2831,#2833,.T.);
#2831 = VERTEX_POINT('',#2832);
#2832 = CARTESIAN_POINT('',(-0.765270145251,-0.487635072626,1.1));
#2833 = B_SPLINE_CURVE_WITH_KNOTS('',1,(#2834,#2835),.UNSPECIFIED.,.F.,
  .F.,(2,2),(0.,1.),.PIECEWISE_BEZIER_KNOTS.);
#2834 = CARTESIAN_POINT('',(-0.825,-0.5175,0.675));
#2835 = CARTESIAN_POINT('',(-0.765270145251,-0.487635072626,1.1));
#2836 = ORIENTED_EDGE('',*,*,#2837,.F.);
#2837 = EDGE_CURVE('',#2808,#2831,#2838,.T.);
#2838 = LINE('',#2839,#2840);
#2839 = CARTESIAN_POINT('',(-0.712635072626,-0.540270145251,1.1));
#2840 = VECTOR('',#2841,1.);
#2841 = DIRECTION('',(-0.707106781187,0.707106781187,0.));
#2842 = ORIENTED_EDGE('',*,*,#2807,.F.);
#2843 = B_SPLINE_SURFACE_WITH_KNOTS('',1,1,(
    (#2844,#2845)
    ,(#2846,#2847
    )),.UNSPECIFIED.,.F.,.F.,.F.,(2,2),(2,2),(0.,0.116672618896),(0.,1.)
  ,.PIECEWISE_BEZIER_KNOTS.);
#2844 = CARTESIAN_POINT('',(-0.7425,-0.6,0.675));
#2845 = CARTESIAN_POINT('',(-0.712635072626,-0.540270145251,1.1));
#2846 = CARTESIAN_POINT('',(-0.825,-0.5175,0.675));
#2847 = CARTESIAN_POINT('',(-0.765270145251,-0.487635072626,1.1));
#2848 = ADVANCED_FACE('',(#2849),#2873,.F.);
#2849 = FACE_BOUND('',#2850,.F.);
#2850 = EDGE_LOOP('',(#2851,#2852,#2858,#2859,#2866,#2872));
#2851 = ORIENTED_EDGE('',*,*,#2266,.T.);
#2852 = ORIENTED_EDGE('',*,*,#2853,.T.);
#2853 = EDGE_CURVE('',#2259,#2512,#2854,.T.);
#2854 = LINE('',#2855,#2856);
#2855 = CARTESIAN_POINT('',(-0.825,-0.5175,0.675));
#2856 = VECTOR('',#2857,1.);
#2857 = DIRECTION('',(0.,1.,0.));
#2858 = ORIENTED_EDGE('',*,*,#2585,.T.);
#2859 = ORIENTED_EDGE('',*,*,#2860,.T.);
#2860 = EDGE_CURVE('',#2578,#2861,#2863,.T.);
#2861 = VERTEX_POINT('',#2862);
#2862 = CARTESIAN_POINT('',(-0.765270145251,0.487635072626,1.1));
#2863 = B_SPLINE_CURVE_WITH_KNOTS('',1,(#2864,#2865),.UNSPECIFIED.,.F.,
  .F.,(2,2),(0.,1.),.PIECEWISE_BEZIER_KNOTS.);
#2864 = CARTESIAN_POINT('',(-0.825,0.5175,0.675));
#2865 = CARTESIAN_POINT('',(-0.765270145251,0.487635072626,1.1));
#2866 = ORIENTED_EDGE('',*,*,#2867,.F.);
#2867 = EDGE_CURVE('',#2831,#2861,#2868,.T.);
#2868 = LINE('',#2869,#2870);
#2869 = CARTESIAN_POINT('',(-0.765270145251,-0.487635072626,1.1));
#2870 = VECTOR('',#2871,1.);
#2871 = DIRECTION('',(0.,1.,0.));
#2872 = ORIENTED_EDGE('',*,*,#2830,.F.);
#2873 = B_SPLINE_SURFACE_WITH_KNOTS('',1,1,(
    (#2874,#2875)
    ,(#2876,#2877
    )),.UNSPECIFIED.,.F.,.F.,.F.,(2,2),(2,2),(0.,1.035),(0.,1.),
  .PIECEWISE_BEZIER_KNOTS.);
#2874 = CARTESIAN_POINT('',(-0.825,-0.5175,0.675));
#2875 = CARTESIAN_POINT('',(-0.765270145251,-0.487635072626,1.1));
#2876 = CARTESIAN_POINT('',(-0.825,0.5175,0.675));
#2877 = CARTESIAN_POINT('',(-0.765270145251,0.487635072626,1.1));
#2878 = ADVANCED_FACE('',(#2879),#2890,.F.);
#2879 = FACE_BOUND('',#2880,.F.);
#2880 = EDGE_LOOP('',(#2881,#2882,#2888,#2889));
#2881 = ORIENTED_EDGE('',*,*,#2258,.F.);
#2882 = ORIENTED_EDGE('',*,*,#2883,.T.);
#2883 = EDGE_CURVE('',#1978,#2033,#2884,.T.);
#2884 = LINE('',#2885,#2886);
#2885 = CARTESIAN_POINT('',(-0.85,-0.175,0.675));
#2886 = VECTOR('',#2887,1.);
#2887 = DIRECTION('',(1.110223024625E-16,1.,0.));
#2888 = ORIENTED_EDGE('',*,*,#2511,.T.);
#2889 = ORIENTED_EDGE('',*,*,#2853,.F.);
#2890 = PLANE('',#2891);
#2891 = AXIS2_PLACEMENT_3D('',#2892,#2893,#2894);
#2892 = CARTESIAN_POINT('',(-0.85,-0.175,0.675));
#2893 = DIRECTION('',(0.,0.,-1.));
#2894 = DIRECTION('',(1.,-1.110223024625E-16,0.));
#2895 = ADVANCED_FACE('',(#2896),#2907,.T.);
#2896 = FACE_BOUND('',#2897,.T.);
#2897 = EDGE_LOOP('',(#2898,#2899,#2900,#2901));
#2898 = ORIENTED_EDGE('',*,*,#2404,.T.);
#2899 = ORIENTED_EDGE('',*,*,#2883,.T.);
#2900 = ORIENTED_EDGE('',*,*,#2496,.F.);
#2901 = ORIENTED_EDGE('',*,*,#2902,.F.);
#2902 = EDGE_CURVE('',#2397,#2489,#2903,.T.);
#2903 = LINE('',#2904,#2905);
#2904 = CARTESIAN_POINT('',(-1.066657705663,-0.175,0.493202599087));
#2905 = VECTOR('',#2906,1.);
#2906 = DIRECTION('',(1.110223024625E-16,1.,0.));
#2907 = CYLINDRICAL_SURFACE('',#2908,0.22);
#2908 = AXIS2_PLACEMENT_3D('',#2909,#2910,#2911);
#2909 = CARTESIAN_POINT('',(-0.85,-0.175,0.455));
#2910 = DIRECTION('',(-1.110223024625E-16,-1.,-0.));
#2911 = DIRECTION('',(-0.984807753012,1.093356242223E-16,0.173648177667)
  );
#2912 = ADVANCED_FACE('',(#2913),#2924,.F.);
#2913 = FACE_BOUND('',#2914,.F.);
#2914 = EDGE_LOOP('',(#2915,#2921,#2922,#2923));
#2915 = ORIENTED_EDGE('',*,*,#2916,.T.);
#2916 = EDGE_CURVE('',#2388,#2480,#2917,.T.);
#2917 = LINE('',#2918,#2919);
#2918 = CARTESIAN_POINT('',(-1.112500297756,-0.175,0.207844627563));
#2919 = VECTOR('',#2920,1.);
#2920 = DIRECTION('',(1.110223024625E-16,1.,0.));
#2921 = ORIENTED_EDGE('',*,*,#2488,.T.);
#2922 = ORIENTED_EDGE('',*,*,#2902,.F.);
#2923 = ORIENTED_EDGE('',*,*,#2396,.F.);
#2924 = PLANE('',#2925);
#2925 = AXIS2_PLACEMENT_3D('',#2926,#2927,#2928);
#2926 = CARTESIAN_POINT('',(-1.112500297756,-0.175,0.207844627563));
#2927 = DIRECTION('',(0.987340403298,-1.096168048884E-16,-0.158615661317
    ));
#2928 = DIRECTION('',(0.158615661317,-1.760987592604E-17,0.987340403298)
  );
#2929 = ADVANCED_FACE('',(#2930),#2941,.F.);
#2930 = FACE_BOUND('',#2931,.F.);
#2931 = EDGE_LOOP('',(#2932,#2938,#2939,#2940));
#2932 = ORIENTED_EDGE('',*,*,#2933,.T.);
#2933 = EDGE_CURVE('',#2380,#2472,#2934,.T.);
#2934 = LINE('',#2935,#2936);
#2935 = CARTESIAN_POINT('',(-1.181436840466,-0.175,0.15));
#2936 = VECTOR('',#2937,1.);
#2937 = DIRECTION('',(1.110223024625E-16,1.,0.));
#2938 = ORIENTED_EDGE('',*,*,#2479,.T.);
#2939 = ORIENTED_EDGE('',*,*,#2916,.F.);
#2940 = ORIENTED_EDGE('',*,*,#2387,.F.);
#2941 = CYLINDRICAL_SURFACE('',#2942,7.E-02);
#2942 = AXIS2_PLACEMENT_3D('',#2943,#2944,#2945);
#2943 = CARTESIAN_POINT('',(-1.181436840466,-0.175,0.22));
#2944 = DIRECTION('',(-1.110223024625E-16,-1.,0.));
#2945 = DIRECTION('',(-0.,0.,-1.));
#2946 = ADVANCED_FACE('',(#2947),#2958,.F.);
#2947 = FACE_BOUND('',#2948,.F.);
#2948 = EDGE_LOOP('',(#2949,#2955,#2956,#2957));
#2949 = ORIENTED_EDGE('',*,*,#2950,.T.);
#2950 = EDGE_CURVE('',#2372,#2464,#2951,.T.);
#2951 = LINE('',#2952,#2953);
#2952 = CARTESIAN_POINT('',(-1.25,-0.175,0.15));
#2953 = VECTOR('',#2954,1.);
#2954 = DIRECTION('',(1.110223024625E-16,1.,0.));
#2955 = ORIENTED_EDGE('',*,*,#2471,.T.);
#2956 = ORIENTED_EDGE('',*,*,#2933,.F.);
#2957 = ORIENTED_EDGE('',*,*,#2379,.F.);
#2958 = PLANE('',#2959);
#2959 = AXIS2_PLACEMENT_3D('',#2960,#2961,#2962);
#2960 = CARTESIAN_POINT('',(-1.25,-0.175,0.15));
#2961 = DIRECTION('',(0.,0.,-1.));
#2962 = DIRECTION('',(1.,-1.110223024625E-16,0.));
#2963 = ADVANCED_FACE('',(#2964),#2975,.F.);
#2964 = FACE_BOUND('',#2965,.F.);
#2965 = EDGE_LOOP('',(#2966,#2972,#2973,#2974));
#2966 = ORIENTED_EDGE('',*,*,#2967,.T.);
#2967 = EDGE_CURVE('',#2364,#2456,#2968,.T.);
#2968 = LINE('',#2969,#2970);
#2969 = CARTESIAN_POINT('',(-1.25,-0.175,-5.551115123126E-17));
#2970 = VECTOR('',#2971,1.);
#2971 = DIRECTION('',(1.110223024625E-16,1.,0.));
#2972 = ORIENTED_EDGE('',*,*,#2463,.T.);
#2973 = ORIENTED_EDGE('',*,*,#2950,.F.);
#2974 = ORIENTED_EDGE('',*,*,#2371,.F.);
#2975 = PLANE('',#2976);
#2976 = AXIS2_PLACEMENT_3D('',#2977,#2978,#2979);
#2977 = CARTESIAN_POINT('',(-1.25,-0.175,-5.551115123126E-17));
#2978 = DIRECTION('',(1.,-1.110223024625E-16,0.));
#2979 = DIRECTION('',(0.,0.,1.));
#2980 = ADVANCED_FACE('',(#2981),#2992,.F.);
#2981 = FACE_BOUND('',#2982,.F.);
#2982 = EDGE_LOOP('',(#2983,#2989,#2990,#2991));
#2983 = ORIENTED_EDGE('',*,*,#2984,.T.);
#2984 = EDGE_CURVE('',#2355,#2447,#2985,.T.);
#2985 = LINE('',#2986,#2987);
#2986 = CARTESIAN_POINT('',(-1.181436840466,-0.175,-5.551115123126E-17)
  );
#2987 = VECTOR('',#2988,1.);
#2988 = DIRECTION('',(1.110223024625E-16,1.,0.));
#2989 = ORIENTED_EDGE('',*,*,#2455,.T.);
#2990 = ORIENTED_EDGE('',*,*,#2967,.F.);
#2991 = ORIENTED_EDGE('',*,*,#2363,.F.);
#2992 = PLANE('',#2993);
#2993 = AXIS2_PLACEMENT_3D('',#2994,#2995,#2996);
#2994 = CARTESIAN_POINT('',(-1.181436840466,-0.175,-5.551115123126E-17)
  );
#2995 = DIRECTION('',(0.,0.,1.));
#2996 = DIRECTION('',(-1.,1.110223024625E-16,0.));
#2997 = ADVANCED_FACE('',(#2998),#3004,.T.);
#2998 = FACE_BOUND('',#2999,.T.);
#2999 = EDGE_LOOP('',(#3000,#3001,#3002,#3003));
#3000 = ORIENTED_EDGE('',*,*,#2354,.T.);
#3001 = ORIENTED_EDGE('',*,*,#2984,.T.);
#3002 = ORIENTED_EDGE('',*,*,#2446,.F.);
#3003 = ORIENTED_EDGE('',*,*,#2428,.F.);
#3004 = CYLINDRICAL_SURFACE('',#3005,0.22);
#3005 = AXIS2_PLACEMENT_3D('',#3006,#3007,#3008);
#3006 = CARTESIAN_POINT('',(-1.181436840466,-0.175,0.22));
#3007 = DIRECTION('',(-1.110223024625E-16,-1.,-0.));
#3008 = DIRECTION('',(0.984807753012,-1.093356242223E-16,-0.173648177667
    ));
#3009 = ADVANCED_FACE('',(#3010),#3027,.F.);
#3010 = FACE_BOUND('',#3011,.F.);
#3011 = EDGE_LOOP('',(#3012,#3013,#3020,#3026));
#3012 = ORIENTED_EDGE('',*,*,#2577,.T.);
#3013 = ORIENTED_EDGE('',*,*,#3014,.T.);
#3014 = EDGE_CURVE('',#2570,#3015,#3017,.T.);
#3015 = VERTEX_POINT('',#3016);
#3016 = CARTESIAN_POINT('',(-0.712635072626,0.540270145251,1.1));
#3017 = B_SPLINE_CURVE_WITH_KNOTS('',1,(#3018,#3019),.UNSPECIFIED.,.F.,
  .F.,(2,2),(0.,1.),.PIECEWISE_BEZIER_KNOTS.);
#3018 = CARTESIAN_POINT('',(-0.7425,0.6,0.675));
#3019 = CARTESIAN_POINT('',(-0.712635072626,0.540270145251,1.1));
#3020 = ORIENTED_EDGE('',*,*,#3021,.F.);
#3021 = EDGE_CURVE('',#2861,#3015,#3022,.T.);
#3022 = LINE('',#3023,#3024);
#3023 = CARTESIAN_POINT('',(-0.765270145251,0.487635072626,1.1));
#3024 = VECTOR('',#3025,1.);
#3025 = DIRECTION('',(0.707106781187,0.707106781187,0.));
#3026 = ORIENTED_EDGE('',*,*,#2860,.F.);
#3027 = B_SPLINE_SURFACE_WITH_KNOTS('',1,1,(
    (#3028,#3029)
    ,(#3030,#3031
    )),.UNSPECIFIED.,.F.,.F.,.F.,(2,2),(2,2),(0.,0.116672618896),(0.,1.)
  ,.PIECEWISE_BEZIER_KNOTS.);
#3028 = CARTESIAN_POINT('',(-0.825,0.5175,0.675));
#3029 = CARTESIAN_POINT('',(-0.765270145251,0.487635072626,1.1));
#3030 = CARTESIAN_POINT('',(-0.7425,0.6,0.675));
#3031 = CARTESIAN_POINT('',(-0.712635072626,0.540270145251,1.1));
#3032 = ADVANCED_FACE('',(#3033),#3050,.F.);
#3033 = FACE_BOUND('',#3034,.F.);
#3034 = EDGE_LOOP('',(#3035,#3036,#3043,#3049));
#3035 = ORIENTED_EDGE('',*,*,#2569,.T.);
#3036 = ORIENTED_EDGE('',*,*,#3037,.T.);
#3037 = EDGE_CURVE('',#2562,#3038,#3040,.T.);
#3038 = VERTEX_POINT('',#3039);
#3039 = CARTESIAN_POINT('',(0.712635072626,0.540270145251,1.1));
#3040 = B_SPLINE_CURVE_WITH_KNOTS('',1,(#3041,#3042),.UNSPECIFIED.,.F.,
  .F.,(2,2),(0.,1.),.PIECEWISE_BEZIER_KNOTS.);
#3041 = CARTESIAN_POINT('',(0.7425,0.6,0.675));
#3042 = CARTESIAN_POINT('',(0.712635072626,0.540270145251,1.1));
#3043 = ORIENTED_EDGE('',*,*,#3044,.F.);
#3044 = EDGE_CURVE('',#3015,#3038,#3045,.T.);
#3045 = LINE('',#3046,#3047);
#3046 = CARTESIAN_POINT('',(-0.712635072626,0.540270145251,1.1));
#3047 = VECTOR('',#3048,1.);
#3048 = DIRECTION('',(1.,0.,0.));
#3049 = ORIENTED_EDGE('',*,*,#3014,.F.);
#3050 = B_SPLINE_SURFACE_WITH_KNOTS('',1,1,(
    (#3051,#3052)
    ,(#3053,#3054
    )),.UNSPECIFIED.,.F.,.F.,.F.,(2,2),(2,2),(0.,1.485),(0.,1.),
  .PIECEWISE_BEZIER_KNOTS.);
#3051 = CARTESIAN_POINT('',(-0.7425,0.6,0.675));
#3052 = CARTESIAN_POINT('',(-0.712635072626,0.540270145251,1.1));
#3053 = CARTESIAN_POINT('',(0.7425,0.6,0.675));
#3054 = CARTESIAN_POINT('',(0.712635072626,0.540270145251,1.1));
#3055 = ADVANCED_FACE('',(#3056),#3067,.F.);
#3056 = FACE_BOUND('',#3057,.F.);
#3057 = EDGE_LOOP('',(#3058,#3059,#3060,#3066));
#3058 = ORIENTED_EDGE('',*,*,#2561,.T.);
#3059 = ORIENTED_EDGE('',*,*,#2770,.T.);
#3060 = ORIENTED_EDGE('',*,*,#3061,.F.);
#3061 = EDGE_CURVE('',#3038,#2763,#3062,.T.);
#3062 = LINE('',#3063,#3064);
#3063 = CARTESIAN_POINT('',(0.712635072626,0.540270145251,1.1));
#3064 = VECTOR('',#3065,1.);
#3065 = DIRECTION('',(0.707106781187,-0.707106781187,0.));
#3066 = ORIENTED_EDGE('',*,*,#3037,.F.);
#3067 = B_SPLINE_SURFACE_WITH_KNOTS('',1,1,(
    (#3068,#3069)
    ,(#3070,#3071
    )),.UNSPECIFIED.,.F.,.F.,.F.,(2,2),(2,2),(0.,0.116672618896),(0.,1.)
  ,.PIECEWISE_BEZIER_KNOTS.);
#3068 = CARTESIAN_POINT('',(0.7425,0.6,0.675));
#3069 = CARTESIAN_POINT('',(0.712635072626,0.540270145251,1.1));
#3070 = CARTESIAN_POINT('',(0.825,0.5175,0.675));
#3071 = CARTESIAN_POINT('',(0.765270145251,0.487635072626,1.1));
#3072 = ADVANCED_FACE('',(#3073),#3142,.F.);
#3073 = FACE_BOUND('',#3074,.F.);
#3074 = EDGE_LOOP('',(#3075,#3076,#3077,#3085,#3094,#3102,#3110,#3118,
    #3127,#3135));
#3075 = ORIENTED_EDGE('',*,*,#2665,.F.);
#3076 = ORIENTED_EDGE('',*,*,#2698,.T.);
#3077 = ORIENTED_EDGE('',*,*,#3078,.T.);
#3078 = EDGE_CURVE('',#2691,#3079,#3081,.T.);
#3079 = VERTEX_POINT('',#3080);
#3080 = CARTESIAN_POINT('',(0.964779134804,0.175,0.181797400913));
#3081 = LINE('',#3082,#3083);
#3082 = CARTESIAN_POINT('',(0.918936542711,0.175,0.467155372437));
#3083 = VECTOR('',#3084,1.);
#3084 = DIRECTION('',(0.158615661317,-3.521975185208E-17,-0.987340403298
    ));
#3085 = ORIENTED_EDGE('',*,*,#3086,.T.);
#3086 = EDGE_CURVE('',#3079,#3087,#3089,.T.);
#3087 = VERTEX_POINT('',#3088);
#3088 = CARTESIAN_POINT('',(1.181436840466,0.175,-5.551115123126E-17));
#3089 = CIRCLE('',#3090,0.22);
#3090 = AXIS2_PLACEMENT_3D('',#3091,#3092,#3093);
#3091 = CARTESIAN_POINT('',(1.181436840466,0.175,0.22));
#3092 = DIRECTION('',(-2.22044604925E-16,-1.,0.));
#3093 = DIRECTION('',(-0.984807753012,2.186712484447E-16,-0.173648177667
    ));
#3094 = ORIENTED_EDGE('',*,*,#3095,.T.);
#3095 = EDGE_CURVE('',#3087,#3096,#3098,.T.);
#3096 = VERTEX_POINT('',#3097);
#3097 = CARTESIAN_POINT('',(1.25,0.175,-5.551115123126E-17));
#3098 = LINE('',#3099,#3100);
#3099 = CARTESIAN_POINT('',(1.181436840466,0.175,-5.551115123126E-17));
#3100 = VECTOR('',#3101,1.);
#3101 = DIRECTION('',(1.,-2.22044604925E-16,0.));
#3102 = ORIENTED_EDGE('',*,*,#3103,.T.);
#3103 = EDGE_CURVE('',#3096,#3104,#3106,.T.);
#3104 = VERTEX_POINT('',#3105);
#3105 = CARTESIAN_POINT('',(1.25,0.175,0.15));
#3106 = LINE('',#3107,#3108);
#3107 = CARTESIAN_POINT('',(1.25,0.175,-5.551115123126E-17));
#3108 = VECTOR('',#3109,1.);
#3109 = DIRECTION('',(0.,0.,1.));
#3110 = ORIENTED_EDGE('',*,*,#3111,.T.);
#3111 = EDGE_CURVE('',#3104,#3112,#3114,.T.);
#3112 = VERTEX_POINT('',#3113);
#3113 = CARTESIAN_POINT('',(1.181436840466,0.175,0.15));
#3114 = LINE('',#3115,#3116);
#3115 = CARTESIAN_POINT('',(1.25,0.175,0.15));
#3116 = VECTOR('',#3117,1.);
#3117 = DIRECTION('',(-1.,2.22044604925E-16,0.));
#3118 = ORIENTED_EDGE('',*,*,#3119,.T.);
#3119 = EDGE_CURVE('',#3112,#3120,#3122,.T.);
#3120 = VERTEX_POINT('',#3121);
#3121 = CARTESIAN_POINT('',(1.112500297756,0.175,0.207844627563));
#3122 = CIRCLE('',#3123,7.E-02);
#3123 = AXIS2_PLACEMENT_3D('',#3124,#3125,#3126);
#3124 = CARTESIAN_POINT('',(1.181436840466,0.175,0.22));
#3125 = DIRECTION('',(2.22044604925E-16,1.,0.));
#3126 = DIRECTION('',(0.,0.,-1.));
#3127 = ORIENTED_EDGE('',*,*,#3128,.T.);
#3128 = EDGE_CURVE('',#3120,#3129,#3131,.T.);
#3129 = VERTEX_POINT('',#3130);
#3130 = CARTESIAN_POINT('',(1.066657705663,0.175,0.493202599087));
#3131 = LINE('',#3132,#3133);
#3132 = CARTESIAN_POINT('',(1.112500297756,0.175,0.207844627563));
#3133 = VECTOR('',#3134,1.);
#3134 = DIRECTION('',(-0.158615661317,3.521975185208E-17,0.987340403298)
  );
#3135 = ORIENTED_EDGE('',*,*,#3136,.T.);
#3136 = EDGE_CURVE('',#3129,#2538,#3137,.T.);
#3137 = CIRCLE('',#3138,0.22);
#3138 = AXIS2_PLACEMENT_3D('',#3139,#3140,#3141);
#3139 = CARTESIAN_POINT('',(0.85,0.175,0.455));
#3140 = DIRECTION('',(-2.22044604925E-16,-1.,0.));
#3141 = DIRECTION('',(0.984807753012,-2.186712484447E-16,0.173648177667)
  );
#3142 = PLANE('',#3143);
#3143 = AXIS2_PLACEMENT_3D('',#3144,#3145,#3146);
#3144 = CARTESIAN_POINT('',(1.021526355437,0.175,0.332418056697));
#3145 = DIRECTION('',(-2.22044604925E-16,-1.,0.));
#3146 = DIRECTION('',(0.,0.,1.));
#3147 = ADVANCED_FACE('',(#3148),#3166,.F.);
#3148 = FACE_BOUND('',#3149,.F.);
#3149 = EDGE_LOOP('',(#3150,#3151,#3159,#3165));
#3150 = ORIENTED_EDGE('',*,*,#2690,.T.);
#3151 = ORIENTED_EDGE('',*,*,#3152,.T.);
#3152 = EDGE_CURVE('',#2682,#3153,#3155,.T.);
#3153 = VERTEX_POINT('',#3154);
#3154 = CARTESIAN_POINT('',(0.964779134804,-0.175,0.181797400913));
#3155 = LINE('',#3156,#3157);
#3156 = CARTESIAN_POINT('',(0.918936542711,-0.175,0.467155372437));
#3157 = VECTOR('',#3158,1.);
#3158 = DIRECTION('',(0.158615661317,-3.521975185208E-17,-0.987340403298
    ));
#3159 = ORIENTED_EDGE('',*,*,#3160,.F.);
#3160 = EDGE_CURVE('',#3079,#3153,#3161,.T.);
#3161 = LINE('',#3162,#3163);
#3162 = CARTESIAN_POINT('',(0.964779134804,0.175,0.181797400913));
#3163 = VECTOR('',#3164,1.);
#3164 = DIRECTION('',(-2.22044604925E-16,-1.,0.));
#3165 = ORIENTED_EDGE('',*,*,#3078,.F.);
#3166 = PLANE('',#3167);
#3167 = AXIS2_PLACEMENT_3D('',#3168,#3169,#3170);
#3168 = CARTESIAN_POINT('',(0.918936542711,0.175,0.467155372437));
#3169 = DIRECTION('',(0.987340403298,-2.192336097769E-16,0.158615661317)
  );
#3170 = DIRECTION('',(0.158615661317,-3.521975185208E-17,-0.987340403298
    ));
#3171 = ADVANCED_FACE('',(#3172),#3234,.T.);
#3172 = FACE_BOUND('',#3173,.T.);
#3173 = EDGE_LOOP('',(#3174,#3175,#3176,#3177,#3186,#3194,#3202,#3210,
    #3219,#3227));
#3174 = ORIENTED_EDGE('',*,*,#2713,.F.);
#3175 = ORIENTED_EDGE('',*,*,#2681,.T.);
#3176 = ORIENTED_EDGE('',*,*,#3152,.T.);
#3177 = ORIENTED_EDGE('',*,*,#3178,.T.);
#3178 = EDGE_CURVE('',#3153,#3179,#3181,.T.);
#3179 = VERTEX_POINT('',#3180);
#3180 = CARTESIAN_POINT('',(1.181436840466,-0.175,-5.551115123126E-17));
#3181 = CIRCLE('',#3182,0.22);
#3182 = AXIS2_PLACEMENT_3D('',#3183,#3184,#3185);
#3183 = CARTESIAN_POINT('',(1.181436840466,-0.175,0.22));
#3184 = DIRECTION('',(-2.22044604925E-16,-1.,0.));
#3185 = DIRECTION('',(-0.984807753012,2.186712484447E-16,-0.173648177667
    ));
#3186 = ORIENTED_EDGE('',*,*,#3187,.T.);
#3187 = EDGE_CURVE('',#3179,#3188,#3190,.T.);
#3188 = VERTEX_POINT('',#3189);
#3189 = CARTESIAN_POINT('',(1.25,-0.175,-5.551115123126E-17));
#3190 = LINE('',#3191,#3192);
#3191 = CARTESIAN_POINT('',(1.181436840466,-0.175,-5.551115123126E-17));
#3192 = VECTOR('',#3193,1.);
#3193 = DIRECTION('',(1.,-2.22044604925E-16,0.));
#3194 = ORIENTED_EDGE('',*,*,#3195,.T.);
#3195 = EDGE_CURVE('',#3188,#3196,#3198,.T.);
#3196 = VERTEX_POINT('',#3197);
#3197 = CARTESIAN_POINT('',(1.25,-0.175,0.15));
#3198 = LINE('',#3199,#3200);
#3199 = CARTESIAN_POINT('',(1.25,-0.175,-5.551115123126E-17));
#3200 = VECTOR('',#3201,1.);
#3201 = DIRECTION('',(0.,0.,1.));
#3202 = ORIENTED_EDGE('',*,*,#3203,.T.);
#3203 = EDGE_CURVE('',#3196,#3204,#3206,.T.);
#3204 = VERTEX_POINT('',#3205);
#3205 = CARTESIAN_POINT('',(1.181436840466,-0.175,0.15));
#3206 = LINE('',#3207,#3208);
#3207 = CARTESIAN_POINT('',(1.25,-0.175,0.15));
#3208 = VECTOR('',#3209,1.);
#3209 = DIRECTION('',(-1.,2.22044604925E-16,0.));
#3210 = ORIENTED_EDGE('',*,*,#3211,.T.);
#3211 = EDGE_CURVE('',#3204,#3212,#3214,.T.);
#3212 = VERTEX_POINT('',#3213);
#3213 = CARTESIAN_POINT('',(1.112500297756,-0.175,0.207844627563));
#3214 = CIRCLE('',#3215,7.E-02);
#3215 = AXIS2_PLACEMENT_3D('',#3216,#3217,#3218);
#3216 = CARTESIAN_POINT('',(1.181436840466,-0.175,0.22));
#3217 = DIRECTION('',(2.22044604925E-16,1.,0.));
#3218 = DIRECTION('',(0.,0.,-1.));
#3219 = ORIENTED_EDGE('',*,*,#3220,.T.);
#3220 = EDGE_CURVE('',#3212,#3221,#3223,.T.);
#3221 = VERTEX_POINT('',#3222);
#3222 = CARTESIAN_POINT('',(1.066657705663,-0.175,0.493202599087));
#3223 = LINE('',#3224,#3225);
#3224 = CARTESIAN_POINT('',(1.112500297756,-0.175,0.207844627563));
#3225 = VECTOR('',#3226,1.);
#3226 = DIRECTION('',(-0.158615661317,3.521975185208E-17,0.987340403298)
  );
#3227 = ORIENTED_EDGE('',*,*,#3228,.T.);
#3228 = EDGE_CURVE('',#3221,#2307,#3229,.T.);
#3229 = CIRCLE('',#3230,0.22);
#3230 = AXIS2_PLACEMENT_3D('',#3231,#3232,#3233);
#3231 = CARTESIAN_POINT('',(0.85,-0.175,0.455));
#3232 = DIRECTION('',(-2.22044604925E-16,-1.,0.));
#3233 = DIRECTION('',(0.984807753012,-2.186712484447E-16,0.173648177667)
  );
#3234 = PLANE('',#3235);
#3235 = AXIS2_PLACEMENT_3D('',#3236,#3237,#3238);
#3236 = CARTESIAN_POINT('',(1.021526355437,-0.175,0.332418056697));
#3237 = DIRECTION('',(-2.22044604925E-16,-1.,0.));
#3238 = DIRECTION('',(0.,0.,1.));
#3239 = ADVANCED_FACE('',(#3240),#3251,.T.);
#3240 = FACE_BOUND('',#3241,.T.);
#3241 = EDGE_LOOP('',(#3242,#3243,#3244,#3245));
#3242 = ORIENTED_EDGE('',*,*,#3136,.T.);
#3243 = ORIENTED_EDGE('',*,*,#2731,.T.);
#3244 = ORIENTED_EDGE('',*,*,#3228,.F.);
#3245 = ORIENTED_EDGE('',*,*,#3246,.F.);
#3246 = EDGE_CURVE('',#3129,#3221,#3247,.T.);
#3247 = LINE('',#3248,#3249);
#3248 = CARTESIAN_POINT('',(1.066657705663,0.175,0.493202599087));
#3249 = VECTOR('',#3250,1.);
#3250 = DIRECTION('',(-2.22044604925E-16,-1.,0.));
#3251 = CYLINDRICAL_SURFACE('',#3252,0.22);
#3252 = AXIS2_PLACEMENT_3D('',#3253,#3254,#3255);
#3253 = CARTESIAN_POINT('',(0.85,0.175,0.455));
#3254 = DIRECTION('',(2.22044604925E-16,1.,0.));
#3255 = DIRECTION('',(0.984807753012,-2.186712484447E-16,0.173648177667)
  );
#3256 = ADVANCED_FACE('',(#3257,#3267),#3301,.T.);
#3257 = FACE_BOUND('',#3258,.T.);
#3258 = EDGE_LOOP('',(#3259,#3260,#3261,#3262,#3263,#3264,#3265,#3266));
#3259 = ORIENTED_EDGE('',*,*,#2867,.F.);
#3260 = ORIENTED_EDGE('',*,*,#2837,.F.);
#3261 = ORIENTED_EDGE('',*,*,#2814,.F.);
#3262 = ORIENTED_EDGE('',*,*,#2791,.F.);
#3263 = ORIENTED_EDGE('',*,*,#2762,.F.);
#3264 = ORIENTED_EDGE('',*,*,#3061,.F.);
#3265 = ORIENTED_EDGE('',*,*,#3044,.F.);
#3266 = ORIENTED_EDGE('',*,*,#3021,.F.);
#3267 = FACE_BOUND('',#3268,.T.);
#3268 = EDGE_LOOP('',(#3269,#3279,#3287,#3295));
#3269 = ORIENTED_EDGE('',*,*,#3270,.T.);
#3270 = EDGE_CURVE('',#3271,#3273,#3275,.T.);
#3271 = VERTEX_POINT('',#3272);
#3272 = CARTESIAN_POINT('',(-0.315270145251,-0.490270145251,1.1));
#3273 = VERTEX_POINT('',#3274);
#3274 = CARTESIAN_POINT('',(-0.715270145251,-0.490270145251,1.1));
#3275 = LINE('',#3276,#3277);
#3276 = CARTESIAN_POINT('',(-0.740270145251,-0.490270145251,1.1));
#3277 = VECTOR('',#3278,1.);
#3278 = DIRECTION('',(-1.,0.,0.));
#3279 = ORIENTED_EDGE('',*,*,#3280,.T.);
#3280 = EDGE_CURVE('',#3273,#3281,#3283,.T.);
#3281 = VERTEX_POINT('',#3282);
#3282 = CARTESIAN_POINT('',(-0.715270145251,0.490270145251,1.1));
#3283 = LINE('',#3284,#3285);
#3284 = CARTESIAN_POINT('',(-0.715270145251,-0.488952608939,1.1));
#3285 = VECTOR('',#3286,1.);
#3286 = DIRECTION('',(0.,1.,0.));
#3287 = ORIENTED_EDGE('',*,*,#3288,.F.);
#3288 = EDGE_CURVE('',#3289,#3281,#3291,.T.);
#3289 = VERTEX_POINT('',#3290);
#3290 = CARTESIAN_POINT('',(-0.315270145251,0.490270145251,1.1));
#3291 = LINE('',#3292,#3293);
#3292 = CARTESIAN_POINT('',(-0.740270145251,0.490270145251,1.1));
#3293 = VECTOR('',#3294,1.);
#3294 = DIRECTION('',(-1.,0.,0.));
#3295 = ORIENTED_EDGE('',*,*,#3296,.F.);
#3296 = EDGE_CURVE('',#3271,#3289,#3297,.T.);
#3297 = LINE('',#3298,#3299);
#3298 = CARTESIAN_POINT('',(-0.315270145251,-0.488952608939,1.1));
#3299 = VECTOR('',#3300,1.);
#3300 = DIRECTION('',(0.,1.,0.));
#3301 = PLANE('',#3302);
#3302 = AXIS2_PLACEMENT_3D('',#3303,#3304,#3305);
#3303 = CARTESIAN_POINT('',(-0.765270145251,-0.487635072626,1.1));
#3304 = DIRECTION('',(0.,0.,1.));
#3305 = DIRECTION('',(0.84333939541,0.537381302382,-0.));
#3306 = ADVANCED_FACE('',(#3307),#3318,.F.);
#3307 = FACE_BOUND('',#3308,.F.);
#3308 = EDGE_LOOP('',(#3309,#3315,#3316,#3317));
#3309 = ORIENTED_EDGE('',*,*,#3310,.T.);
#3310 = EDGE_CURVE('',#3120,#3212,#3311,.T.);
#3311 = LINE('',#3312,#3313);
#3312 = CARTESIAN_POINT('',(1.112500297756,0.175,0.207844627563));
#3313 = VECTOR('',#3314,1.);
#3314 = DIRECTION('',(-2.22044604925E-16,-1.,0.));
#3315 = ORIENTED_EDGE('',*,*,#3220,.T.);
#3316 = ORIENTED_EDGE('',*,*,#3246,.F.);
#3317 = ORIENTED_EDGE('',*,*,#3128,.F.);
#3318 = PLANE('',#3319);
#3319 = AXIS2_PLACEMENT_3D('',#3320,#3321,#3322);
#3320 = CARTESIAN_POINT('',(1.112500297756,0.175,0.207844627563));
#3321 = DIRECTION('',(-0.987340403298,2.192336097769E-16,-0.158615661317
    ));
#3322 = DIRECTION('',(-0.158615661317,3.521975185208E-17,0.987340403298)
  );
#3323 = ADVANCED_FACE('',(#3324),#3335,.F.);
#3324 = FACE_BOUND('',#3325,.F.);
#3325 = EDGE_LOOP('',(#3326,#3332,#3333,#3334));
#3326 = ORIENTED_EDGE('',*,*,#3327,.T.);
#3327 = EDGE_CURVE('',#3112,#3204,#3328,.T.);
#3328 = LINE('',#3329,#3330);
#3329 = CARTESIAN_POINT('',(1.181436840466,0.175,0.15));
#3330 = VECTOR('',#3331,1.);
#3331 = DIRECTION('',(-2.22044604925E-16,-1.,0.));
#3332 = ORIENTED_EDGE('',*,*,#3211,.T.);
#3333 = ORIENTED_EDGE('',*,*,#3310,.F.);
#3334 = ORIENTED_EDGE('',*,*,#3119,.F.);
#3335 = CYLINDRICAL_SURFACE('',#3336,7.E-02);
#3336 = AXIS2_PLACEMENT_3D('',#3337,#3338,#3339);
#3337 = CARTESIAN_POINT('',(1.181436840466,0.175,0.22));
#3338 = DIRECTION('',(2.22044604925E-16,1.,0.));
#3339 = DIRECTION('',(0.,0.,-1.));
#3340 = ADVANCED_FACE('',(#3341),#3352,.F.);
#3341 = FACE_BOUND('',#3342,.F.);
#3342 = EDGE_LOOP('',(#3343,#3349,#3350,#3351));
#3343 = ORIENTED_EDGE('',*,*,#3344,.T.);
#3344 = EDGE_CURVE('',#3104,#3196,#3345,.T.);
#3345 = LINE('',#3346,#3347);
#3346 = CARTESIAN_POINT('',(1.25,0.175,0.15));
#3347 = VECTOR('',#3348,1.);
#3348 = DIRECTION('',(-2.22044604925E-16,-1.,0.));
#3349 = ORIENTED_EDGE('',*,*,#3203,.T.);
#3350 = ORIENTED_EDGE('',*,*,#3327,.F.);
#3351 = ORIENTED_EDGE('',*,*,#3111,.F.);
#3352 = PLANE('',#3353);
#3353 = AXIS2_PLACEMENT_3D('',#3354,#3355,#3356);
#3354 = CARTESIAN_POINT('',(1.25,0.175,0.15));
#3355 = DIRECTION('',(0.,0.,-1.));
#3356 = DIRECTION('',(-1.,2.22044604925E-16,0.));
#3357 = ADVANCED_FACE('',(#3358),#3369,.F.);
#3358 = FACE_BOUND('',#3359,.F.);
#3359 = EDGE_LOOP('',(#3360,#3366,#3367,#3368));
#3360 = ORIENTED_EDGE('',*,*,#3361,.T.);
#3361 = EDGE_CURVE('',#3096,#3188,#3362,.T.);
#3362 = LINE('',#3363,#3364);
#3363 = CARTESIAN_POINT('',(1.25,0.175,-5.551115123126E-17));
#3364 = VECTOR('',#3365,1.);
#3365 = DIRECTION('',(-2.22044604925E-16,-1.,0.));
#3366 = ORIENTED_EDGE('',*,*,#3195,.T.);
#3367 = ORIENTED_EDGE('',*,*,#3344,.F.);
#3368 = ORIENTED_EDGE('',*,*,#3103,.F.);
#3369 = PLANE('',#3370);
#3370 = AXIS2_PLACEMENT_3D('',#3371,#3372,#3373);
#3371 = CARTESIAN_POINT('',(1.25,0.175,-5.551115123126E-17));
#3372 = DIRECTION('',(-1.,2.22044604925E-16,0.));
#3373 = DIRECTION('',(0.,0.,1.));
#3374 = ADVANCED_FACE('',(#3375),#3386,.F.);
#3375 = FACE_BOUND('',#3376,.F.);
#3376 = EDGE_LOOP('',(#3377,#3383,#3384,#3385));
#3377 = ORIENTED_EDGE('',*,*,#3378,.T.);
#3378 = EDGE_CURVE('',#3087,#3179,#3379,.T.);
#3379 = LINE('',#3380,#3381);
#3380 = CARTESIAN_POINT('',(1.181436840466,0.175,-5.551115123126E-17));
#3381 = VECTOR('',#3382,1.);
#3382 = DIRECTION('',(-2.22044604925E-16,-1.,0.));
#3383 = ORIENTED_EDGE('',*,*,#3187,.T.);
#3384 = ORIENTED_EDGE('',*,*,#3361,.F.);
#3385 = ORIENTED_EDGE('',*,*,#3095,.F.);
#3386 = PLANE('',#3387);
#3387 = AXIS2_PLACEMENT_3D('',#3388,#3389,#3390);
#3388 = CARTESIAN_POINT('',(1.181436840466,0.175,-5.551115123126E-17));
#3389 = DIRECTION('',(0.,0.,1.));
#3390 = DIRECTION('',(1.,-2.22044604925E-16,0.));
#3391 = ADVANCED_FACE('',(#3392),#3398,.T.);
#3392 = FACE_BOUND('',#3393,.T.);
#3393 = EDGE_LOOP('',(#3394,#3395,#3396,#3397));
#3394 = ORIENTED_EDGE('',*,*,#3086,.T.);
#3395 = ORIENTED_EDGE('',*,*,#3378,.T.);
#3396 = ORIENTED_EDGE('',*,*,#3178,.F.);
#3397 = ORIENTED_EDGE('',*,*,#3160,.F.);
#3398 = CYLINDRICAL_SURFACE('',#3399,0.22);
#3399 = AXIS2_PLACEMENT_3D('',#3400,#3401,#3402);
#3400 = CARTESIAN_POINT('',(1.181436840466,0.175,0.22));
#3401 = DIRECTION('',(2.22044604925E-16,1.,0.));
#3402 = DIRECTION('',(-0.984807753012,2.186712484447E-16,-0.173648177667
    ));
#3403 = ADVANCED_FACE('',(#3404),#3429,.F.);
#3404 = FACE_BOUND('',#3405,.F.);
#3405 = EDGE_LOOP('',(#3406,#3407,#3415,#3423));
#3406 = ORIENTED_EDGE('',*,*,#3270,.T.);
#3407 = ORIENTED_EDGE('',*,*,#3408,.T.);
#3408 = EDGE_CURVE('',#3273,#3409,#3411,.T.);
#3409 = VERTEX_POINT('',#3410);
#3410 = CARTESIAN_POINT('',(-0.715270145251,-0.490270145251,1.11));
#3411 = LINE('',#3412,#3413);
#3412 = CARTESIAN_POINT('',(-0.715270145251,-0.490270145251,1.09));
#3413 = VECTOR('',#3414,1.);
#3414 = DIRECTION('',(0.,0.,1.));
#3415 = ORIENTED_EDGE('',*,*,#3416,.T.);
#3416 = EDGE_CURVE('',#3409,#3417,#3419,.T.);
#3417 = VERTEX_POINT('',#3418);
#3418 = CARTESIAN_POINT('',(-0.315270145251,-0.490270145251,1.11));
#3419 = LINE('',#3420,#3421);
#3420 = CARTESIAN_POINT('',(-0.715270145251,-0.490270145251,1.11));
#3421 = VECTOR('',#3422,1.);
#3422 = DIRECTION('',(1.,0.,0.));
#3423 = ORIENTED_EDGE('',*,*,#3424,.F.);
#3424 = EDGE_CURVE('',#3271,#3417,#3425,.T.);
#3425 = LINE('',#3426,#3427);
#3426 = CARTESIAN_POINT('',(-0.315270145251,-0.490270145251,1.09));
#3427 = VECTOR('',#3428,1.);
#3428 = DIRECTION('',(0.,0.,1.));
#3429 = PLANE('',#3430);
#3430 = AXIS2_PLACEMENT_3D('',#3431,#3432,#3433);
#3431 = CARTESIAN_POINT('',(-0.715270145251,-0.490270145251,1.09));
#3432 = DIRECTION('',(0.,1.,0.));
#3433 = DIRECTION('',(0.,-0.,1.));
#3434 = ADVANCED_FACE('',(#3435),#3453,.T.);
#3435 = FACE_BOUND('',#3436,.T.);
#3436 = EDGE_LOOP('',(#3437,#3438,#3439,#3447));
#3437 = ORIENTED_EDGE('',*,*,#3424,.F.);
#3438 = ORIENTED_EDGE('',*,*,#3296,.T.);
#3439 = ORIENTED_EDGE('',*,*,#3440,.T.);
#3440 = EDGE_CURVE('',#3289,#3441,#3443,.T.);
#3441 = VERTEX_POINT('',#3442);
#3442 = CARTESIAN_POINT('',(-0.315270145251,0.490270145251,1.11));
#3443 = LINE('',#3444,#3445);
#3444 = CARTESIAN_POINT('',(-0.315270145251,0.490270145251,1.09));
#3445 = VECTOR('',#3446,1.);
#3446 = DIRECTION('',(0.,0.,1.));
#3447 = ORIENTED_EDGE('',*,*,#3448,.F.);
#3448 = EDGE_CURVE('',#3417,#3441,#3449,.T.);
#3449 = LINE('',#3450,#3451);
#3450 = CARTESIAN_POINT('',(-0.315270145251,-0.490270145251,1.11));
#3451 = VECTOR('',#3452,1.);
#3452 = DIRECTION('',(0.,1.,0.));
#3453 = PLANE('',#3454);
#3454 = AXIS2_PLACEMENT_3D('',#3455,#3456,#3457);
#3455 = CARTESIAN_POINT('',(-0.315270145251,-0.490270145251,1.09));
#3456 = DIRECTION('',(1.,0.,0.));
#3457 = DIRECTION('',(0.,0.,1.));
#3458 = ADVANCED_FACE('',(#3459),#3477,.T.);
#3459 = FACE_BOUND('',#3460,.T.);
#3460 = EDGE_LOOP('',(#3461,#3462,#3470,#3476));
#3461 = ORIENTED_EDGE('',*,*,#3288,.T.);
#3462 = ORIENTED_EDGE('',*,*,#3463,.T.);
#3463 = EDGE_CURVE('',#3281,#3464,#3466,.T.);
#3464 = VERTEX_POINT('',#3465);
#3465 = CARTESIAN_POINT('',(-0.715270145251,0.490270145251,1.11));
#3466 = LINE('',#3467,#3468);
#3467 = CARTESIAN_POINT('',(-0.715270145251,0.490270145251,1.09));
#3468 = VECTOR('',#3469,1.);
#3469 = DIRECTION('',(0.,0.,1.));
#3470 = ORIENTED_EDGE('',*,*,#3471,.T.);
#3471 = EDGE_CURVE('',#3464,#3441,#3472,.T.);
#3472 = LINE('',#3473,#3474);
#3473 = CARTESIAN_POINT('',(-0.715270145251,0.490270145251,1.11));
#3474 = VECTOR('',#3475,1.);
#3475 = DIRECTION('',(1.,0.,0.));
#3476 = ORIENTED_EDGE('',*,*,#3440,.F.);
#3477 = PLANE('',#3478);
#3478 = AXIS2_PLACEMENT_3D('',#3479,#3480,#3481);
#3479 = CARTESIAN_POINT('',(-0.715270145251,0.490270145251,1.09));
#3480 = DIRECTION('',(0.,1.,0.));
#3481 = DIRECTION('',(0.,-0.,1.));
#3482 = ADVANCED_FACE('',(#3483),#3494,.F.);
#3483 = FACE_BOUND('',#3484,.F.);
#3484 = EDGE_LOOP('',(#3485,#3486,#3487,#3488));
#3485 = ORIENTED_EDGE('',*,*,#3408,.F.);
#3486 = ORIENTED_EDGE('',*,*,#3280,.T.);
#3487 = ORIENTED_EDGE('',*,*,#3463,.T.);
#3488 = ORIENTED_EDGE('',*,*,#3489,.F.);
#3489 = EDGE_CURVE('',#3409,#3464,#3490,.T.);
#3490 = LINE('',#3491,#3492);
#3491 = CARTESIAN_POINT('',(-0.715270145251,-0.490270145251,1.11));
#3492 = VECTOR('',#3493,1.);
#3493 = DIRECTION('',(0.,1.,0.));
#3494 = PLANE('',#3495);
#3495 = AXIS2_PLACEMENT_3D('',#3496,#3497,#3498);
#3496 = CARTESIAN_POINT('',(-0.715270145251,-0.490270145251,1.09));
#3497 = DIRECTION('',(1.,0.,0.));
#3498 = DIRECTION('',(0.,0.,1.));
#3499 = ADVANCED_FACE('',(#3500),#3506,.T.);
#3500 = FACE_BOUND('',#3501,.T.);
#3501 = EDGE_LOOP('',(#3502,#3503,#3504,#3505));
#3502 = ORIENTED_EDGE('',*,*,#3489,.F.);
#3503 = ORIENTED_EDGE('',*,*,#3416,.T.);
#3504 = ORIENTED_EDGE('',*,*,#3448,.T.);
#3505 = ORIENTED_EDGE('',*,*,#3471,.F.);
#3506 = PLANE('',#3507);
#3507 = AXIS2_PLACEMENT_3D('',#3508,#3509,#3510);
#3508 = CARTESIAN_POINT('',(-0.715270145251,-0.490270145251,1.11));
#3509 = DIRECTION('',(0.,0.,1.));
#3510 = DIRECTION('',(1.,0.,-0.));
#3511 = ( GEOMETRIC_REPRESENTATION_CONTEXT(3) 
GLOBAL_UNCERTAINTY_ASSIGNED_CONTEXT((#3515)) 
GLOBAL_UNIT_ASSIGNED_CONTEXT((#3512,#3513,#3514)) REPRESENTATION_CONTEXT
('Context #1','3D Context with UNIT and UNCERTAINTY') );
#3512 = ( LENGTH_UNIT() NAMED_UNIT(*) SI_UNIT(.MILLI.,.METRE.) );
#3513 = ( NAMED_UNIT(*) PLANE_ANGLE_UNIT() SI_UNIT($,.RADIAN.) );
#3514 = ( NAMED_UNIT(*) SI_UNIT($,.STERADIAN.) SOLID_ANGLE_UNIT() );
#3515 = UNCERTAINTY_MEASURE_WITH_UNIT(LENGTH_MEASURE(1.E-07),#3512,
  'distance_accuracy_value','confusion accuracy');
#3516 = CONTEXT_DEPENDENT_SHAPE_REPRESENTATION(#3517,#3519);
#3517 = ( REPRESENTATION_RELATIONSHIP('','',#1822,#10) 
REPRESENTATION_RELATIONSHIP_WITH_TRANSFORMATION(#3518) 
SHAPE_REPRESENTATION_RELATIONSHIP() );
#3518 = ITEM_DEFINED_TRANSFORMATION('','',#11,#23);
#3519 = PRODUCT_DEFINITION_SHAPE('Placement','Placement of an item',
  #3520);
#3520 = NEXT_ASSEMBLY_USAGE_OCCURRENCE('3','D2','',#5,#1817,$);
#3521 = PRODUCT_RELATED_PRODUCT_CATEGORY('part',$,(#1819));
#3522 = CONTEXT_DEPENDENT_SHAPE_REPRESENTATION(#3523,#3525);
#3523 = ( REPRESENTATION_RELATIONSHIP('','',#140,#10) 
REPRESENTATION_RELATIONSHIP_WITH_TRANSFORMATION(#3524) 
SHAPE_REPRESENTATION_RELATIONSHIP() );
#3524 = ITEM_DEFINED_TRANSFORMATION('','',#11,#27);
#3525 = PRODUCT_DEFINITION_SHAPE('Placement','Placement of an item',
  #3526);
#3526 = NEXT_ASSEMBLY_USAGE_OCCURRENCE('4','R10','',#5,#135,$);
#3527 = CONTEXT_DEPENDENT_SHAPE_REPRESENTATION(#3528,#3530);
#3528 = ( REPRESENTATION_RELATIONSHIP('','',#949,#10) 
REPRESENTATION_RELATIONSHIP_WITH_TRANSFORMATION(#3529) 
SHAPE_REPRESENTATION_RELATIONSHIP() );
#3529 = ITEM_DEFINED_TRANSFORMATION('','',#11,#31);
#3530 = PRODUCT_DEFINITION_SHAPE('Placement','Placement of an item',
  #3531);
#3531 = NEXT_ASSEMBLY_USAGE_OCCURRENCE('5','C8','',#5,#944,$);
#3532 = CONTEXT_DEPENDENT_SHAPE_REPRESENTATION(#3533,#3535);
#3533 = ( REPRESENTATION_RELATIONSHIP('','',#140,#10) 
REPRESENTATION_RELATIONSHIP_WITH_TRANSFORMATION(#3534) 
SHAPE_REPRESENTATION_RELATIONSHIP() );
#3534 = ITEM_DEFINED_TRANSFORMATION('','',#11,#35);
#3535 = PRODUCT_DEFINITION_SHAPE('Placement','Placement of an item',
  #3536);
#3536 = NEXT_ASSEMBLY_USAGE_OCCURRENCE('6','R14','',#5,#135,$);
#3537 = CONTEXT_DEPENDENT_SHAPE_REPRESENTATION(#3538,#3540);
#3538 = ( REPRESENTATION_RELATIONSHIP('','',#140,#10) 
REPRESENTATION_RELATIONSHIP_WITH_TRANSFORMATION(#3539) 
SHAPE_REPRESENTATION_RELATIONSHIP() );
#3539 = ITEM_DEFINED_TRANSFORMATION('','',#11,#39);
#3540 = PRODUCT_DEFINITION_SHAPE('Placement','Placement of an item',
  #3541);
#3541 = NEXT_ASSEMBLY_USAGE_OCCURRENCE('7','R7','',#5,#135,$);
#3542 = CONTEXT_DEPENDENT_SHAPE_REPRESENTATION(#3543,#3545);
#3543 = ( REPRESENTATION_RELATIONSHIP('','',#140,#10) 
REPRESENTATION_RELATIONSHIP_WITH_TRANSFORMATION(#3544) 
SHAPE_REPRESENTATION_RELATIONSHIP() );
#3544 = ITEM_DEFINED_TRANSFORMATION('','',#11,#43);
#3545 = PRODUCT_DEFINITION_SHAPE('Placement','Placement of an item',
  #3546);
#3546 = NEXT_ASSEMBLY_USAGE_OCCURRENCE('8','R12','',#5,#135,$);
#3547 = SHAPE_DEFINITION_REPRESENTATION(#3548,#3554);
#3548 = PRODUCT_DEFINITION_SHAPE('','',#3549);
#3549 = PRODUCT_DEFINITION('design','',#3550,#3553);
#3550 = PRODUCT_DEFINITION_FORMATION('','',#3551);
#3551 = PRODUCT('LED_0402_1005Metric','LED_0402_1005Metric','',(#3552));
#3552 = PRODUCT_CONTEXT('',#2,'mechanical');
#3553 = PRODUCT_DEFINITION_CONTEXT('part definition',#2,'design');
#3554 = ADVANCED_BREP_SHAPE_REPRESENTATION('',(#11,#3555),#5078);
#3555 = MANIFOLD_SOLID_BREP('',#3556);
#3556 = CLOSED_SHELL('',(#3557,#3597,#3644,#3723,#3747,#3787,#3818,#3835
    ,#3868,#3892,#3959,#4080,#4147,#4171,#4202,#4235,#4291,#4315,#4339,
    #4363,#4396,#4408,#4471,#4496,#4513,#4537,#4555,#4573,#4591,#4608,
    #4625,#4656,#4681,#4706,#4730,#4747,#4778,#4802,#4819,#4847,#4872,
    #4896,#4921,#4968,#4985,#4997,#5019,#5031,#5049,#5067));
#3557 = ADVANCED_FACE('',(#3558),#3592,.F.);
#3558 = FACE_BOUND('',#3559,.F.);
#3559 = EDGE_LOOP('',(#3560,#3570,#3578,#3586));
#3560 = ORIENTED_EDGE('',*,*,#3561,.T.);
#3561 = EDGE_CURVE('',#3562,#3564,#3566,.T.);
#3562 = VERTEX_POINT('',#3563);
#3563 = CARTESIAN_POINT('',(-0.35,-0.25,0.185));
#3564 = VERTEX_POINT('',#3565);
#3565 = CARTESIAN_POINT('',(-0.315,-0.25,0.5));
#3566 = LINE('',#3567,#3568);
#3567 = CARTESIAN_POINT('',(-0.35,-0.25,0.185));
#3568 = VECTOR('',#3569,1.);
#3569 = DIRECTION('',(0.110431526075,0.,0.993883734674));
#3570 = ORIENTED_EDGE('',*,*,#3571,.T.);
#3571 = EDGE_CURVE('',#3564,#3572,#3574,.T.);
#3572 = VERTEX_POINT('',#3573);
#3573 = CARTESIAN_POINT('',(0.315,-0.25,0.5));
#3574 = LINE('',#3575,#3576);
#3575 = CARTESIAN_POINT('',(-0.315,-0.25,0.5));
#3576 = VECTOR('',#3577,1.);
#3577 = DIRECTION('',(1.,0.,0.));
#3578 = ORIENTED_EDGE('',*,*,#3579,.T.);
#3579 = EDGE_CURVE('',#3572,#3580,#3582,.T.);
#3580 = VERTEX_POINT('',#3581);
#3581 = CARTESIAN_POINT('',(0.35,-0.25,0.185));
#3582 = LINE('',#3583,#3584);
#3583 = CARTESIAN_POINT('',(0.315,-0.25,0.5));
#3584 = VECTOR('',#3585,1.);
#3585 = DIRECTION('',(0.110431526075,0.,-0.993883734674));
#3586 = ORIENTED_EDGE('',*,*,#3587,.T.);
#3587 = EDGE_CURVE('',#3580,#3562,#3588,.T.);
#3588 = LINE('',#3589,#3590);
#3589 = CARTESIAN_POINT('',(0.35,-0.25,0.185));
#3590 = VECTOR('',#3591,1.);
#3591 = DIRECTION('',(-1.,0.,0.));
#3592 = PLANE('',#3593);
#3593 = AXIS2_PLACEMENT_3D('',#3594,#3595,#3596);
#3594 = CARTESIAN_POINT('',(0.,-0.25,0.336886104513));
#3595 = DIRECTION('',(0.,1.,0.));
#3596 = DIRECTION('',(0.,-0.,1.));
#3597 = ADVANCED_FACE('',(#3598),#3639,.T.);
#3598 = FACE_BOUND('',#3599,.T.);
#3599 = EDGE_LOOP('',(#3600,#3610,#3618,#3624,#3625,#3633));
#3600 = ORIENTED_EDGE('',*,*,#3601,.T.);
#3601 = EDGE_CURVE('',#3602,#3604,#3606,.T.);
#3602 = VERTEX_POINT('',#3603);
#3603 = CARTESIAN_POINT('',(-0.35,0.25,0.185));
#3604 = VERTEX_POINT('',#3605);
#3605 = CARTESIAN_POINT('',(-0.35,0.1875,0.185));
#3606 = LINE('',#3607,#3608);
#3607 = CARTESIAN_POINT('',(-0.35,0.25,0.185));
#3608 = VECTOR('',#3609,1.);
#3609 = DIRECTION('',(0.,-1.,0.));
#3610 = ORIENTED_EDGE('',*,*,#3611,.F.);
#3611 = EDGE_CURVE('',#3612,#3604,#3614,.T.);
#3612 = VERTEX_POINT('',#3613);
#3613 = CARTESIAN_POINT('',(-0.35,-0.1875,0.185));
#3614 = LINE('',#3615,#3616);
#3615 = CARTESIAN_POINT('',(-0.35,-0.25,0.185));
#3616 = VECTOR('',#3617,1.);
#3617 = DIRECTION('',(0.,1.,0.));
#3618 = ORIENTED_EDGE('',*,*,#3619,.T.);
#3619 = EDGE_CURVE('',#3612,#3562,#3620,.T.);
#3620 = LINE('',#3621,#3622);
#3621 = CARTESIAN_POINT('',(-0.35,0.25,0.185));
#3622 = VECTOR('',#3623,1.);
#3623 = DIRECTION('',(0.,-1.,0.));
#3624 = ORIENTED_EDGE('',*,*,#3561,.T.);
#3625 = ORIENTED_EDGE('',*,*,#3626,.F.);
#3626 = EDGE_CURVE('',#3627,#3564,#3629,.T.);
#3627 = VERTEX_POINT('',#3628);
#3628 = CARTESIAN_POINT('',(-0.315,0.25,0.5));
#3629 = LINE('',#3630,#3631);
#3630 = CARTESIAN_POINT('',(-0.315,0.25,0.5));
#3631 = VECTOR('',#3632,1.);
#3632 = DIRECTION('',(0.,-1.,0.));
#3633 = ORIENTED_EDGE('',*,*,#3634,.F.);
#3634 = EDGE_CURVE('',#3602,#3627,#3635,.T.);
#3635 = LINE('',#3636,#3637);
#3636 = CARTESIAN_POINT('',(-0.35,0.25,0.185));
#3637 = VECTOR('',#3638,1.);
#3638 = DIRECTION('',(0.110431526075,0.,0.993883734674));
#3639 = PLANE('',#3640);
#3640 = AXIS2_PLACEMENT_3D('',#3641,#3642,#3643);
#3641 = CARTESIAN_POINT('',(-0.35,0.25,0.185));
#3642 = DIRECTION('',(-0.993883734674,0.,0.110431526075));
#3643 = DIRECTION('',(0.110431526075,0.,0.993883734674));
#3644 = ADVANCED_FACE('',(#3645),#3718,.F.);
#3645 = FACE_BOUND('',#3646,.F.);
#3646 = EDGE_LOOP('',(#3647,#3657,#3665,#3673,#3679,#3680,#3688,#3696,
    #3704,#3712));
#3647 = ORIENTED_EDGE('',*,*,#3648,.F.);
#3648 = EDGE_CURVE('',#3649,#3651,#3653,.T.);
#3649 = VERTEX_POINT('',#3650);
#3650 = CARTESIAN_POINT('',(-0.485,-0.25,1.5E-02));
#3651 = VERTEX_POINT('',#3652);
#3652 = CARTESIAN_POINT('',(-0.4625,-0.25,1.5E-02));
#3653 = LINE('',#3654,#3655);
#3654 = CARTESIAN_POINT('',(-0.485,-0.25,1.5E-02));
#3655 = VECTOR('',#3656,1.);
#3656 = DIRECTION('',(1.,0.,0.));
#3657 = ORIENTED_EDGE('',*,*,#3658,.T.);
#3658 = EDGE_CURVE('',#3649,#3659,#3661,.T.);
#3659 = VERTEX_POINT('',#3660);
#3660 = CARTESIAN_POINT('',(-0.485,-0.25,0.185));
#3661 = LINE('',#3662,#3663);
#3662 = CARTESIAN_POINT('',(-0.485,-0.25,1.5E-02));
#3663 = VECTOR('',#3664,1.);
#3664 = DIRECTION('',(0.,0.,1.));
#3665 = ORIENTED_EDGE('',*,*,#3666,.T.);
#3666 = EDGE_CURVE('',#3659,#3667,#3669,.T.);
#3667 = VERTEX_POINT('',#3668);
#3668 = CARTESIAN_POINT('',(-0.4625,-0.25,0.185));
#3669 = LINE('',#3670,#3671);
#3670 = CARTESIAN_POINT('',(-0.485,-0.25,0.185));
#3671 = VECTOR('',#3672,1.);
#3672 = DIRECTION('',(1.,0.,0.));
#3673 = ORIENTED_EDGE('',*,*,#3674,.T.);
#3674 = EDGE_CURVE('',#3667,#3562,#3675,.T.);
#3675 = LINE('',#3676,#3677);
#3676 = CARTESIAN_POINT('',(-0.485,-0.25,0.185));
#3677 = VECTOR('',#3678,1.);
#3678 = DIRECTION('',(1.,0.,0.));
#3679 = ORIENTED_EDGE('',*,*,#3587,.F.);
#3680 = ORIENTED_EDGE('',*,*,#3681,.T.);
#3681 = EDGE_CURVE('',#3580,#3682,#3684,.T.);
#3682 = VERTEX_POINT('',#3683);
#3683 = CARTESIAN_POINT('',(0.4625,-0.25,0.185));
#3684 = LINE('',#3685,#3686);
#3685 = CARTESIAN_POINT('',(-0.485,-0.25,0.185));
#3686 = VECTOR('',#3687,1.);
#3687 = DIRECTION('',(1.,0.,0.));
#3688 = ORIENTED_EDGE('',*,*,#3689,.T.);
#3689 = EDGE_CURVE('',#3682,#3690,#3692,.T.);
#3690 = VERTEX_POINT('',#3691);
#3691 = CARTESIAN_POINT('',(0.485,-0.25,0.185));
#3692 = LINE('',#3693,#3694);
#3693 = CARTESIAN_POINT('',(-0.485,-0.25,0.185));
#3694 = VECTOR('',#3695,1.);
#3695 = DIRECTION('',(1.,0.,0.));
#3696 = ORIENTED_EDGE('',*,*,#3697,.F.);
#3697 = EDGE_CURVE('',#3698,#3690,#3700,.T.);
#3698 = VERTEX_POINT('',#3699);
#3699 = CARTESIAN_POINT('',(0.485,-0.25,1.5E-02));
#3700 = LINE('',#3701,#3702);
#3701 = CARTESIAN_POINT('',(0.485,-0.25,1.5E-02));
#3702 = VECTOR('',#3703,1.);
#3703 = DIRECTION('',(0.,0.,1.));
#3704 = ORIENTED_EDGE('',*,*,#3705,.F.);
#3705 = EDGE_CURVE('',#3706,#3698,#3708,.T.);
#3706 = VERTEX_POINT('',#3707);
#3707 = CARTESIAN_POINT('',(0.4625,-0.25,1.5E-02));
#3708 = LINE('',#3709,#3710);
#3709 = CARTESIAN_POINT('',(-0.485,-0.25,1.5E-02));
#3710 = VECTOR('',#3711,1.);
#3711 = DIRECTION('',(1.,0.,0.));
#3712 = ORIENTED_EDGE('',*,*,#3713,.F.);
#3713 = EDGE_CURVE('',#3651,#3706,#3714,.T.);
#3714 = LINE('',#3715,#3716);
#3715 = CARTESIAN_POINT('',(-0.485,-0.25,1.5E-02));
#3716 = VECTOR('',#3717,1.);
#3717 = DIRECTION('',(1.,0.,0.));
#3718 = PLANE('',#3719);
#3719 = AXIS2_PLACEMENT_3D('',#3720,#3721,#3722);
#3720 = CARTESIAN_POINT('',(-0.485,-0.25,1.5E-02));
#3721 = DIRECTION('',(0.,1.,0.));
#3722 = DIRECTION('',(0.,-0.,1.));
#3723 = ADVANCED_FACE('',(#3724),#3742,.T.);
#3724 = FACE_BOUND('',#3725,.T.);
#3725 = EDGE_LOOP('',(#3726,#3727,#3728,#3736));
#3726 = ORIENTED_EDGE('',*,*,#3626,.T.);
#3727 = ORIENTED_EDGE('',*,*,#3571,.T.);
#3728 = ORIENTED_EDGE('',*,*,#3729,.F.);
#3729 = EDGE_CURVE('',#3730,#3572,#3732,.T.);
#3730 = VERTEX_POINT('',#3731);
#3731 = CARTESIAN_POINT('',(0.315,0.25,0.5));
#3732 = LINE('',#3733,#3734);
#3733 = CARTESIAN_POINT('',(0.315,0.25,0.5));
#3734 = VECTOR('',#3735,1.);
#3735 = DIRECTION('',(0.,-1.,0.));
#3736 = ORIENTED_EDGE('',*,*,#3737,.F.);
#3737 = EDGE_CURVE('',#3627,#3730,#3738,.T.);
#3738 = LINE('',#3739,#3740);
#3739 = CARTESIAN_POINT('',(-0.315,0.25,0.5));
#3740 = VECTOR('',#3741,1.);
#3741 = DIRECTION('',(1.,0.,0.));
#3742 = PLANE('',#3743);
#3743 = AXIS2_PLACEMENT_3D('',#3744,#3745,#3746);
#3744 = CARTESIAN_POINT('',(-0.315,0.25,0.5));
#3745 = DIRECTION('',(0.,0.,1.));
#3746 = DIRECTION('',(1.,0.,-0.));
#3747 = ADVANCED_FACE('',(#3748),#3782,.T.);
#3748 = FACE_BOUND('',#3749,.T.);
#3749 = EDGE_LOOP('',(#3750,#3751,#3752,#3760,#3768,#3776));
#3750 = ORIENTED_EDGE('',*,*,#3729,.T.);
#3751 = ORIENTED_EDGE('',*,*,#3579,.T.);
#3752 = ORIENTED_EDGE('',*,*,#3753,.F.);
#3753 = EDGE_CURVE('',#3754,#3580,#3756,.T.);
#3754 = VERTEX_POINT('',#3755);
#3755 = CARTESIAN_POINT('',(0.35,-0.1875,0.185));
#3756 = LINE('',#3757,#3758);
#3757 = CARTESIAN_POINT('',(0.35,0.25,0.185));
#3758 = VECTOR('',#3759,1.);
#3759 = DIRECTION('',(0.,-1.,0.));
#3760 = ORIENTED_EDGE('',*,*,#3761,.T.);
#3761 = EDGE_CURVE('',#3754,#3762,#3764,.T.);
#3762 = VERTEX_POINT('',#3763);
#3763 = CARTESIAN_POINT('',(0.35,0.1875,0.185));
#3764 = LINE('',#3765,#3766);
#3765 = CARTESIAN_POINT('',(0.35,-0.25,0.185));
#3766 = VECTOR('',#3767,1.);
#3767 = DIRECTION('',(0.,1.,0.));
#3768 = ORIENTED_EDGE('',*,*,#3769,.F.);
#3769 = EDGE_CURVE('',#3770,#3762,#3772,.T.);
#3770 = VERTEX_POINT('',#3771);
#3771 = CARTESIAN_POINT('',(0.35,0.25,0.185));
#3772 = LINE('',#3773,#3774);
#3773 = CARTESIAN_POINT('',(0.35,0.25,0.185));
#3774 = VECTOR('',#3775,1.);
#3775 = DIRECTION('',(0.,-1.,0.));
#3776 = ORIENTED_EDGE('',*,*,#3777,.F.);
#3777 = EDGE_CURVE('',#3730,#3770,#3778,.T.);
#3778 = LINE('',#3779,#3780);
#3779 = CARTESIAN_POINT('',(0.315,0.25,0.5));
#3780 = VECTOR('',#3781,1.);
#3781 = DIRECTION('',(0.110431526075,0.,-0.993883734674));
#3782 = PLANE('',#3783);
#3783 = AXIS2_PLACEMENT_3D('',#3784,#3785,#3786);
#3784 = CARTESIAN_POINT('',(0.315,0.25,0.5));
#3785 = DIRECTION('',(0.993883734674,0.,0.110431526075));
#3786 = DIRECTION('',(0.110431526075,0.,-0.993883734674));
#3787 = ADVANCED_FACE('',(#3788),#3813,.T.);
#3788 = FACE_BOUND('',#3789,.T.);
#3789 = EDGE_LOOP('',(#3790,#3798,#3806,#3812));
#3790 = ORIENTED_EDGE('',*,*,#3791,.F.);
#3791 = EDGE_CURVE('',#3792,#3602,#3794,.T.);
#3792 = VERTEX_POINT('',#3793);
#3793 = CARTESIAN_POINT('',(-0.4625,0.25,0.185));
#3794 = LINE('',#3795,#3796);
#3795 = CARTESIAN_POINT('',(-0.485,0.25,0.185));
#3796 = VECTOR('',#3797,1.);
#3797 = DIRECTION('',(1.,0.,0.));
#3798 = ORIENTED_EDGE('',*,*,#3799,.F.);
#3799 = EDGE_CURVE('',#3800,#3792,#3802,.T.);
#3800 = VERTEX_POINT('',#3801);
#3801 = CARTESIAN_POINT('',(-0.4625,0.1875,0.185));
#3802 = LINE('',#3803,#3804);
#3803 = CARTESIAN_POINT('',(-0.4625,3.125E-02,0.185));
#3804 = VECTOR('',#3805,1.);
#3805 = DIRECTION('',(0.,1.,0.));
#3806 = ORIENTED_EDGE('',*,*,#3807,.F.);
#3807 = EDGE_CURVE('',#3604,#3800,#3808,.T.);
#3808 = LINE('',#3809,#3810);
#3809 = CARTESIAN_POINT('',(-0.47375,0.1875,0.185));
#3810 = VECTOR('',#3811,1.);
#3811 = DIRECTION('',(-1.,0.,0.));
#3812 = ORIENTED_EDGE('',*,*,#3601,.F.);
#3813 = PLANE('',#3814);
#3814 = AXIS2_PLACEMENT_3D('',#3815,#3816,#3817);
#3815 = CARTESIAN_POINT('',(-0.485,-0.25,0.185));
#3816 = DIRECTION('',(0.,0.,1.));
#3817 = DIRECTION('',(1.,0.,-0.));
#3818 = ADVANCED_FACE('',(#3819),#3830,.T.);
#3819 = FACE_BOUND('',#3820,.T.);
#3820 = EDGE_LOOP('',(#3821,#3822,#3823,#3824));
#3821 = ORIENTED_EDGE('',*,*,#3634,.T.);
#3822 = ORIENTED_EDGE('',*,*,#3737,.T.);
#3823 = ORIENTED_EDGE('',*,*,#3777,.T.);
#3824 = ORIENTED_EDGE('',*,*,#3825,.T.);
#3825 = EDGE_CURVE('',#3770,#3602,#3826,.T.);
#3826 = LINE('',#3827,#3828);
#3827 = CARTESIAN_POINT('',(0.35,0.25,0.185));
#3828 = VECTOR('',#3829,1.);
#3829 = DIRECTION('',(-1.,0.,0.));
#3830 = PLANE('',#3831);
#3831 = AXIS2_PLACEMENT_3D('',#3832,#3833,#3834);
#3832 = CARTESIAN_POINT('',(0.,0.25,0.336886104513));
#3833 = DIRECTION('',(0.,1.,0.));
#3834 = DIRECTION('',(0.,-0.,1.));
#3835 = ADVANCED_FACE('',(#3836),#3863,.T.);
#3836 = FACE_BOUND('',#3837,.T.);
#3837 = EDGE_LOOP('',(#3838,#3847,#3855,#3862));
#3838 = ORIENTED_EDGE('',*,*,#3839,.F.);
#3839 = EDGE_CURVE('',#3840,#3604,#3842,.T.);
#3840 = VERTEX_POINT('',#3841);
#3841 = CARTESIAN_POINT('',(-0.365,0.1875,0.2));
#3842 = CIRCLE('',#3843,1.5E-02);
#3843 = AXIS2_PLACEMENT_3D('',#3844,#3845,#3846);
#3844 = CARTESIAN_POINT('',(-0.365,0.1875,0.185));
#3845 = DIRECTION('',(-0.,1.,0.));
#3846 = DIRECTION('',(1.,0.,0.));
#3847 = ORIENTED_EDGE('',*,*,#3848,.F.);
#3848 = EDGE_CURVE('',#3849,#3840,#3851,.T.);
#3849 = VERTEX_POINT('',#3850);
#3850 = CARTESIAN_POINT('',(-0.365,-0.1875,0.2));
#3851 = LINE('',#3852,#3853);
#3852 = CARTESIAN_POINT('',(-0.365,-0.25,0.2));
#3853 = VECTOR('',#3854,1.);
#3854 = DIRECTION('',(0.,1.,0.));
#3855 = ORIENTED_EDGE('',*,*,#3856,.T.);
#3856 = EDGE_CURVE('',#3849,#3612,#3857,.T.);
#3857 = CIRCLE('',#3858,1.5E-02);
#3858 = AXIS2_PLACEMENT_3D('',#3859,#3860,#3861);
#3859 = CARTESIAN_POINT('',(-0.365,-0.1875,0.185));
#3860 = DIRECTION('',(-0.,1.,0.));
#3861 = DIRECTION('',(1.,0.,0.));
#3862 = ORIENTED_EDGE('',*,*,#3611,.T.);
#3863 = CYLINDRICAL_SURFACE('',#3864,1.5E-02);
#3864 = AXIS2_PLACEMENT_3D('',#3865,#3866,#3867);
#3865 = CARTESIAN_POINT('',(-0.365,-0.25,0.185));
#3866 = DIRECTION('',(0.,1.,0.));
#3867 = DIRECTION('',(1.,0.,0.));
#3868 = ADVANCED_FACE('',(#3869),#3887,.T.);
#3869 = FACE_BOUND('',#3870,.T.);
#3870 = EDGE_LOOP('',(#3871,#3879,#3880,#3881));
#3871 = ORIENTED_EDGE('',*,*,#3872,.F.);
#3872 = EDGE_CURVE('',#3667,#3873,#3875,.T.);
#3873 = VERTEX_POINT('',#3874);
#3874 = CARTESIAN_POINT('',(-0.4625,-0.1875,0.185));
#3875 = LINE('',#3876,#3877);
#3876 = CARTESIAN_POINT('',(-0.4625,-0.21875,0.185));
#3877 = VECTOR('',#3878,1.);
#3878 = DIRECTION('',(0.,1.,0.));
#3879 = ORIENTED_EDGE('',*,*,#3674,.T.);
#3880 = ORIENTED_EDGE('',*,*,#3619,.F.);
#3881 = ORIENTED_EDGE('',*,*,#3882,.F.);
#3882 = EDGE_CURVE('',#3873,#3612,#3883,.T.);
#3883 = LINE('',#3884,#3885);
#3884 = CARTESIAN_POINT('',(-1.125E-02,-0.1875,0.185));
#3885 = VECTOR('',#3886,1.);
#3886 = DIRECTION('',(1.,0.,0.));
#3887 = PLANE('',#3888);
#3888 = AXIS2_PLACEMENT_3D('',#3889,#3890,#3891);
#3889 = CARTESIAN_POINT('',(-0.485,-0.25,0.185));
#3890 = DIRECTION('',(0.,0.,1.));
#3891 = DIRECTION('',(1.,0.,-0.));
#3892 = ADVANCED_FACE('',(#3893),#3954,.F.);
#3893 = FACE_BOUND('',#3894,.F.);
#3894 = EDGE_LOOP('',(#3895,#3905,#3914,#3922,#3931,#3939,#3945,#3946,
    #3947,#3948));
#3895 = ORIENTED_EDGE('',*,*,#3896,.F.);
#3896 = EDGE_CURVE('',#3897,#3899,#3901,.T.);
#3897 = VERTEX_POINT('',#3898);
#3898 = CARTESIAN_POINT('',(-0.485,-0.25,-1.734723475977E-18));
#3899 = VERTEX_POINT('',#3900);
#3900 = CARTESIAN_POINT('',(-0.4625,-0.25,0.));
#3901 = LINE('',#3902,#3903);
#3902 = CARTESIAN_POINT('',(-0.5,-0.25,0.));
#3903 = VECTOR('',#3904,1.);
#3904 = DIRECTION('',(1.,0.,0.));
#3905 = ORIENTED_EDGE('',*,*,#3906,.F.);
#3906 = EDGE_CURVE('',#3907,#3897,#3909,.T.);
#3907 = VERTEX_POINT('',#3908);
#3908 = CARTESIAN_POINT('',(-0.5,-0.25,1.5E-02));
#3909 = CIRCLE('',#3910,1.5E-02);
#3910 = AXIS2_PLACEMENT_3D('',#3911,#3912,#3913);
#3911 = CARTESIAN_POINT('',(-0.485,-0.25,1.5E-02));
#3912 = DIRECTION('',(0.,-1.,0.));
#3913 = DIRECTION('',(0.,0.,1.));
#3914 = ORIENTED_EDGE('',*,*,#3915,.T.);
#3915 = EDGE_CURVE('',#3907,#3916,#3918,.T.);
#3916 = VERTEX_POINT('',#3917);
#3917 = CARTESIAN_POINT('',(-0.5,-0.25,0.185));
#3918 = LINE('',#3919,#3920);
#3919 = CARTESIAN_POINT('',(-0.5,-0.25,0.));
#3920 = VECTOR('',#3921,1.);
#3921 = DIRECTION('',(0.,0.,1.));
#3922 = ORIENTED_EDGE('',*,*,#3923,.T.);
#3923 = EDGE_CURVE('',#3916,#3924,#3926,.T.);
#3924 = VERTEX_POINT('',#3925);
#3925 = CARTESIAN_POINT('',(-0.485,-0.25,0.2));
#3926 = CIRCLE('',#3927,1.5E-02);
#3927 = AXIS2_PLACEMENT_3D('',#3928,#3929,#3930);
#3928 = CARTESIAN_POINT('',(-0.485,-0.25,0.185));
#3929 = DIRECTION('',(0.,1.,0.));
#3930 = DIRECTION('',(0.,-0.,1.));
#3931 = ORIENTED_EDGE('',*,*,#3932,.T.);
#3932 = EDGE_CURVE('',#3924,#3933,#3935,.T.);
#3933 = VERTEX_POINT('',#3934);
#3934 = CARTESIAN_POINT('',(-0.4625,-0.25,0.2));
#3935 = LINE('',#3936,#3937);
#3936 = CARTESIAN_POINT('',(-0.5,-0.25,0.2));
#3937 = VECTOR('',#3938,1.);
#3938 = DIRECTION('',(1.,0.,0.));
#3939 = ORIENTED_EDGE('',*,*,#3940,.F.);
#3940 = EDGE_CURVE('',#3667,#3933,#3941,.T.);
#3941 = LINE('',#3942,#3943);
#3942 = CARTESIAN_POINT('',(-0.4625,-0.25,0.15));
#3943 = VECTOR('',#3944,1.);
#3944 = DIRECTION('',(0.,0.,1.));
#3945 = ORIENTED_EDGE('',*,*,#3666,.F.);
#3946 = ORIENTED_EDGE('',*,*,#3658,.F.);
#3947 = ORIENTED_EDGE('',*,*,#3648,.T.);
#3948 = ORIENTED_EDGE('',*,*,#3949,.F.);
#3949 = EDGE_CURVE('',#3899,#3651,#3950,.T.);
#3950 = LINE('',#3951,#3952);
#3951 = CARTESIAN_POINT('',(-0.4625,-0.25,0.15));
#3952 = VECTOR('',#3953,1.);
#3953 = DIRECTION('',(0.,0.,1.));
#3954 = PLANE('',#3955);
#3955 = AXIS2_PLACEMENT_3D('',#3956,#3957,#3958);
#3956 = CARTESIAN_POINT('',(-0.5,-0.25,0.));
#3957 = DIRECTION('',(0.,1.,0.));
#3958 = DIRECTION('',(0.,-0.,1.));
#3959 = ADVANCED_FACE('',(#3960,#4049),#4075,.F.);
#3960 = FACE_BOUND('',#3961,.F.);
#3961 = EDGE_LOOP('',(#3962,#3970,#3971,#3979,#3987,#3995,#4003,#4011,
    #4019,#4027,#4035,#4043));
#3962 = ORIENTED_EDGE('',*,*,#3963,.F.);
#3963 = EDGE_CURVE('',#3651,#3964,#3966,.T.);
#3964 = VERTEX_POINT('',#3965);
#3965 = CARTESIAN_POINT('',(-0.4625,-0.1875,1.5E-02));
#3966 = LINE('',#3967,#3968);
#3967 = CARTESIAN_POINT('',(-0.4625,-0.21875,1.5E-02));
#3968 = VECTOR('',#3969,1.);
#3969 = DIRECTION('',(0.,1.,0.));
#3970 = ORIENTED_EDGE('',*,*,#3713,.T.);
#3971 = ORIENTED_EDGE('',*,*,#3972,.F.);
#3972 = EDGE_CURVE('',#3973,#3706,#3975,.T.);
#3973 = VERTEX_POINT('',#3974);
#3974 = CARTESIAN_POINT('',(0.4625,-0.1875,1.5E-02));
#3975 = LINE('',#3976,#3977);
#3976 = CARTESIAN_POINT('',(0.4625,-0.28125,1.5E-02));
#3977 = VECTOR('',#3978,1.);
#3978 = DIRECTION('',(0.,-1.,0.));
#3979 = ORIENTED_EDGE('',*,*,#3980,.F.);
#3980 = EDGE_CURVE('',#3981,#3973,#3983,.T.);
#3981 = VERTEX_POINT('',#3982);
#3982 = CARTESIAN_POINT('',(0.35,-0.1875,1.5E-02));
#3983 = LINE('',#3984,#3985);
#3984 = CARTESIAN_POINT('',(-1.125E-02,-0.1875,1.5E-02));
#3985 = VECTOR('',#3986,1.);
#3986 = DIRECTION('',(1.,0.,0.));
#3987 = ORIENTED_EDGE('',*,*,#3988,.T.);
#3988 = EDGE_CURVE('',#3981,#3989,#3991,.T.);
#3989 = VERTEX_POINT('',#3990);
#3990 = CARTESIAN_POINT('',(0.35,0.1875,1.5E-02));
#3991 = LINE('',#3992,#3993);
#3992 = CARTESIAN_POINT('',(0.35,-0.25,1.5E-02));
#3993 = VECTOR('',#3994,1.);
#3994 = DIRECTION('',(0.,1.,0.));
#3995 = ORIENTED_EDGE('',*,*,#3996,.F.);
#3996 = EDGE_CURVE('',#3997,#3989,#3999,.T.);
#3997 = VERTEX_POINT('',#3998);
#3998 = CARTESIAN_POINT('',(0.4625,0.1875,1.5E-02));
#3999 = LINE('',#4000,#4001);
#4000 = CARTESIAN_POINT('',(-0.47375,0.1875,1.5E-02));
#4001 = VECTOR('',#4002,1.);
#4002 = DIRECTION('',(-1.,0.,0.));
#4003 = ORIENTED_EDGE('',*,*,#4004,.F.);
#4004 = EDGE_CURVE('',#4005,#3997,#4007,.T.);
#4005 = VERTEX_POINT('',#4006);
#4006 = CARTESIAN_POINT('',(0.4625,0.25,1.5E-02));
#4007 = LINE('',#4008,#4009);
#4008 = CARTESIAN_POINT('',(0.4625,-3.125E-02,1.5E-02));
#4009 = VECTOR('',#4010,1.);
#4010 = DIRECTION('',(0.,-1.,0.));
#4011 = ORIENTED_EDGE('',*,*,#4012,.F.);
#4012 = EDGE_CURVE('',#4013,#4005,#4015,.T.);
#4013 = VERTEX_POINT('',#4014);
#4014 = CARTESIAN_POINT('',(-0.4625,0.25,1.5E-02));
#4015 = LINE('',#4016,#4017);
#4016 = CARTESIAN_POINT('',(-0.485,0.25,1.5E-02));
#4017 = VECTOR('',#4018,1.);
#4018 = DIRECTION('',(1.,0.,0.));
#4019 = ORIENTED_EDGE('',*,*,#4020,.F.);
#4020 = EDGE_CURVE('',#4021,#4013,#4023,.T.);
#4021 = VERTEX_POINT('',#4022);
#4022 = CARTESIAN_POINT('',(-0.4625,0.1875,1.5E-02));
#4023 = LINE('',#4024,#4025);
#4024 = CARTESIAN_POINT('',(-0.4625,3.125E-02,1.5E-02));
#4025 = VECTOR('',#4026,1.);
#4026 = DIRECTION('',(0.,1.,0.));
#4027 = ORIENTED_EDGE('',*,*,#4028,.F.);
#4028 = EDGE_CURVE('',#4029,#4021,#4031,.T.);
#4029 = VERTEX_POINT('',#4030);
#4030 = CARTESIAN_POINT('',(-0.35,0.1875,1.5E-02));
#4031 = LINE('',#4032,#4033);
#4032 = CARTESIAN_POINT('',(-0.47375,0.1875,1.5E-02));
#4033 = VECTOR('',#4034,1.);
#4034 = DIRECTION('',(-1.,0.,0.));
#4035 = ORIENTED_EDGE('',*,*,#4036,.F.);
#4036 = EDGE_CURVE('',#4037,#4029,#4039,.T.);
#4037 = VERTEX_POINT('',#4038);
#4038 = CARTESIAN_POINT('',(-0.35,-0.1875,1.5E-02));
#4039 = LINE('',#4040,#4041);
#4040 = CARTESIAN_POINT('',(-0.35,-0.25,1.5E-02));
#4041 = VECTOR('',#4042,1.);
#4042 = DIRECTION('',(0.,1.,0.));
#4043 = ORIENTED_EDGE('',*,*,#4044,.F.);
#4044 = EDGE_CURVE('',#3964,#4037,#4045,.T.);
#4045 = LINE('',#4046,#4047);
#4046 = CARTESIAN_POINT('',(-1.125E-02,-0.1875,1.5E-02));
#4047 = VECTOR('',#4048,1.);
#4048 = DIRECTION('',(1.,0.,0.));
#4049 = FACE_BOUND('',#4050,.F.);
#4050 = EDGE_LOOP('',(#4051,#4061,#4069));
#4051 = ORIENTED_EDGE('',*,*,#4052,.T.);
#4052 = EDGE_CURVE('',#4053,#4055,#4057,.T.);
#4053 = VERTEX_POINT('',#4054);
#4054 = CARTESIAN_POINT('',(0.173205080757,0.2,1.5E-02));
#4055 = VERTEX_POINT('',#4056);
#4056 = CARTESIAN_POINT('',(0.173205080757,-0.2,1.5E-02));
#4057 = LINE('',#4058,#4059);
#4058 = CARTESIAN_POINT('',(0.173205080757,0.2,1.5E-02));
#4059 = VECTOR('',#4060,1.);
#4060 = DIRECTION('',(0.,-1.,0.));
#4061 = ORIENTED_EDGE('',*,*,#4062,.T.);
#4062 = EDGE_CURVE('',#4055,#4063,#4065,.T.);
#4063 = VERTEX_POINT('',#4064);
#4064 = CARTESIAN_POINT('',(-0.173205080757,0.,1.5E-02));
#4065 = LINE('',#4066,#4067);
#4066 = CARTESIAN_POINT('',(0.173205080757,-0.2,1.5E-02));
#4067 = VECTOR('',#4068,1.);
#4068 = DIRECTION('',(-0.866025403784,0.5,0.));
#4069 = ORIENTED_EDGE('',*,*,#4070,.T.);
#4070 = EDGE_CURVE('',#4063,#4053,#4071,.T.);
#4071 = LINE('',#4072,#4073);
#4072 = CARTESIAN_POINT('',(-0.173205080757,0.,1.5E-02));
#4073 = VECTOR('',#4074,1.);
#4074 = DIRECTION('',(0.866025403784,0.5,0.));
#4075 = PLANE('',#4076);
#4076 = AXIS2_PLACEMENT_3D('',#4077,#4078,#4079);
#4077 = CARTESIAN_POINT('',(-0.485,-0.25,1.5E-02));
#4078 = DIRECTION('',(0.,0.,1.));
#4079 = DIRECTION('',(1.,0.,-0.));
#4080 = ADVANCED_FACE('',(#4081),#4142,.F.);
#4081 = FACE_BOUND('',#4082,.F.);
#4082 = EDGE_LOOP('',(#4083,#4093,#4099,#4100,#4101,#4102,#4110,#4118,
    #4127,#4135));
#4083 = ORIENTED_EDGE('',*,*,#4084,.F.);
#4084 = EDGE_CURVE('',#4085,#4087,#4089,.T.);
#4085 = VERTEX_POINT('',#4086);
#4086 = CARTESIAN_POINT('',(0.4625,-0.25,0.));
#4087 = VERTEX_POINT('',#4088);
#4088 = CARTESIAN_POINT('',(0.485,-0.25,-1.734723475977E-18));
#4089 = LINE('',#4090,#4091);
#4090 = CARTESIAN_POINT('',(0.35,-0.25,0.));
#4091 = VECTOR('',#4092,1.);
#4092 = DIRECTION('',(1.,0.,0.));
#4093 = ORIENTED_EDGE('',*,*,#4094,.F.);
#4094 = EDGE_CURVE('',#3706,#4085,#4095,.T.);
#4095 = LINE('',#4096,#4097);
#4096 = CARTESIAN_POINT('',(0.4625,-0.25,0.15));
#4097 = VECTOR('',#4098,1.);
#4098 = DIRECTION('',(0.,0.,-1.));
#4099 = ORIENTED_EDGE('',*,*,#3705,.T.);
#4100 = ORIENTED_EDGE('',*,*,#3697,.T.);
#4101 = ORIENTED_EDGE('',*,*,#3689,.F.);
#4102 = ORIENTED_EDGE('',*,*,#4103,.F.);
#4103 = EDGE_CURVE('',#4104,#3682,#4106,.T.);
#4104 = VERTEX_POINT('',#4105);
#4105 = CARTESIAN_POINT('',(0.4625,-0.25,0.2));
#4106 = LINE('',#4107,#4108);
#4107 = CARTESIAN_POINT('',(0.4625,-0.25,0.15));
#4108 = VECTOR('',#4109,1.);
#4109 = DIRECTION('',(0.,0.,-1.));
#4110 = ORIENTED_EDGE('',*,*,#4111,.T.);
#4111 = EDGE_CURVE('',#4104,#4112,#4114,.T.);
#4112 = VERTEX_POINT('',#4113);
#4113 = CARTESIAN_POINT('',(0.485,-0.25,0.2));
#4114 = LINE('',#4115,#4116);
#4115 = CARTESIAN_POINT('',(0.35,-0.25,0.2));
#4116 = VECTOR('',#4117,1.);
#4117 = DIRECTION('',(1.,0.,0.));
#4118 = ORIENTED_EDGE('',*,*,#4119,.F.);
#4119 = EDGE_CURVE('',#4120,#4112,#4122,.T.);
#4120 = VERTEX_POINT('',#4121);
#4121 = CARTESIAN_POINT('',(0.5,-0.25,0.185));
#4122 = CIRCLE('',#4123,1.5E-02);
#4123 = AXIS2_PLACEMENT_3D('',#4124,#4125,#4126);
#4124 = CARTESIAN_POINT('',(0.485,-0.25,0.185));
#4125 = DIRECTION('',(0.,-1.,0.));
#4126 = DIRECTION('',(0.,0.,1.));
#4127 = ORIENTED_EDGE('',*,*,#4128,.F.);
#4128 = EDGE_CURVE('',#4129,#4120,#4131,.T.);
#4129 = VERTEX_POINT('',#4130);
#4130 = CARTESIAN_POINT('',(0.5,-0.25,1.5E-02));
#4131 = LINE('',#4132,#4133);
#4132 = CARTESIAN_POINT('',(0.5,-0.25,0.));
#4133 = VECTOR('',#4134,1.);
#4134 = DIRECTION('',(0.,0.,1.));
#4135 = ORIENTED_EDGE('',*,*,#4136,.T.);
#4136 = EDGE_CURVE('',#4129,#4087,#4137,.T.);
#4137 = CIRCLE('',#4138,1.5E-02);
#4138 = AXIS2_PLACEMENT_3D('',#4139,#4140,#4141);
#4139 = CARTESIAN_POINT('',(0.485,-0.25,1.5E-02));
#4140 = DIRECTION('',(0.,1.,0.));
#4141 = DIRECTION('',(0.,-0.,1.));
#4142 = PLANE('',#4143);
#4143 = AXIS2_PLACEMENT_3D('',#4144,#4145,#4146);
#4144 = CARTESIAN_POINT('',(0.35,-0.25,0.));
#4145 = DIRECTION('',(0.,1.,0.));
#4146 = DIRECTION('',(0.,-0.,1.));
#4147 = ADVANCED_FACE('',(#4148),#4166,.T.);
#4148 = FACE_BOUND('',#4149,.T.);
#4149 = EDGE_LOOP('',(#4150,#4158,#4159,#4160));
#4150 = ORIENTED_EDGE('',*,*,#4151,.F.);
#4151 = EDGE_CURVE('',#3754,#4152,#4154,.T.);
#4152 = VERTEX_POINT('',#4153);
#4153 = CARTESIAN_POINT('',(0.4625,-0.1875,0.185));
#4154 = LINE('',#4155,#4156);
#4155 = CARTESIAN_POINT('',(-1.125E-02,-0.1875,0.185));
#4156 = VECTOR('',#4157,1.);
#4157 = DIRECTION('',(1.,0.,0.));
#4158 = ORIENTED_EDGE('',*,*,#3753,.T.);
#4159 = ORIENTED_EDGE('',*,*,#3681,.T.);
#4160 = ORIENTED_EDGE('',*,*,#4161,.F.);
#4161 = EDGE_CURVE('',#4152,#3682,#4162,.T.);
#4162 = LINE('',#4163,#4164);
#4163 = CARTESIAN_POINT('',(0.4625,-0.28125,0.185));
#4164 = VECTOR('',#4165,1.);
#4165 = DIRECTION('',(0.,-1.,0.));
#4166 = PLANE('',#4167);
#4167 = AXIS2_PLACEMENT_3D('',#4168,#4169,#4170);
#4168 = CARTESIAN_POINT('',(-0.485,-0.25,0.185));
#4169 = DIRECTION('',(0.,0.,1.));
#4170 = DIRECTION('',(1.,0.,-0.));
#4171 = ADVANCED_FACE('',(#4172),#4197,.T.);
#4172 = FACE_BOUND('',#4173,.T.);
#4173 = EDGE_LOOP('',(#4174,#4182,#4183,#4191));
#4174 = ORIENTED_EDGE('',*,*,#4175,.F.);
#4175 = EDGE_CURVE('',#3770,#4176,#4178,.T.);
#4176 = VERTEX_POINT('',#4177);
#4177 = CARTESIAN_POINT('',(0.4625,0.25,0.185));
#4178 = LINE('',#4179,#4180);
#4179 = CARTESIAN_POINT('',(-0.485,0.25,0.185));
#4180 = VECTOR('',#4181,1.);
#4181 = DIRECTION('',(1.,0.,0.));
#4182 = ORIENTED_EDGE('',*,*,#3769,.T.);
#4183 = ORIENTED_EDGE('',*,*,#4184,.F.);
#4184 = EDGE_CURVE('',#4185,#3762,#4187,.T.);
#4185 = VERTEX_POINT('',#4186);
#4186 = CARTESIAN_POINT('',(0.4625,0.1875,0.185));
#4187 = LINE('',#4188,#4189);
#4188 = CARTESIAN_POINT('',(-0.47375,0.1875,0.185));
#4189 = VECTOR('',#4190,1.);
#4190 = DIRECTION('',(-1.,0.,0.));
#4191 = ORIENTED_EDGE('',*,*,#4192,.F.);
#4192 = EDGE_CURVE('',#4176,#4185,#4193,.T.);
#4193 = LINE('',#4194,#4195);
#4194 = CARTESIAN_POINT('',(0.4625,-3.125E-02,0.185));
#4195 = VECTOR('',#4196,1.);
#4196 = DIRECTION('',(0.,-1.,0.));
#4197 = PLANE('',#4198);
#4198 = AXIS2_PLACEMENT_3D('',#4199,#4200,#4201);
#4199 = CARTESIAN_POINT('',(-0.485,-0.25,0.185));
#4200 = DIRECTION('',(0.,0.,1.));
#4201 = DIRECTION('',(1.,0.,-0.));
#4202 = ADVANCED_FACE('',(#4203),#4230,.T.);
#4203 = FACE_BOUND('',#4204,.T.);
#4204 = EDGE_LOOP('',(#4205,#4206,#4215,#4223));
#4205 = ORIENTED_EDGE('',*,*,#3761,.F.);
#4206 = ORIENTED_EDGE('',*,*,#4207,.T.);
#4207 = EDGE_CURVE('',#3754,#4208,#4210,.T.);
#4208 = VERTEX_POINT('',#4209);
#4209 = CARTESIAN_POINT('',(0.365,-0.1875,0.2));
#4210 = CIRCLE('',#4211,1.5E-02);
#4211 = AXIS2_PLACEMENT_3D('',#4212,#4213,#4214);
#4212 = CARTESIAN_POINT('',(0.365,-0.1875,0.185));
#4213 = DIRECTION('',(0.,1.,-0.));
#4214 = DIRECTION('',(-1.,0.,0.));
#4215 = ORIENTED_EDGE('',*,*,#4216,.T.);
#4216 = EDGE_CURVE('',#4208,#4217,#4219,.T.);
#4217 = VERTEX_POINT('',#4218);
#4218 = CARTESIAN_POINT('',(0.365,0.1875,0.2));
#4219 = LINE('',#4220,#4221);
#4220 = CARTESIAN_POINT('',(0.365,-0.25,0.2));
#4221 = VECTOR('',#4222,1.);
#4222 = DIRECTION('',(0.,1.,0.));
#4223 = ORIENTED_EDGE('',*,*,#4224,.F.);
#4224 = EDGE_CURVE('',#3762,#4217,#4225,.T.);
#4225 = CIRCLE('',#4226,1.5E-02);
#4226 = AXIS2_PLACEMENT_3D('',#4227,#4228,#4229);
#4227 = CARTESIAN_POINT('',(0.365,0.1875,0.185));
#4228 = DIRECTION('',(0.,1.,-0.));
#4229 = DIRECTION('',(-1.,0.,0.));
#4230 = CYLINDRICAL_SURFACE('',#4231,1.5E-02);
#4231 = AXIS2_PLACEMENT_3D('',#4232,#4233,#4234);
#4232 = CARTESIAN_POINT('',(0.365,-0.25,0.185));
#4233 = DIRECTION('',(0.,1.,0.));
#4234 = DIRECTION('',(-1.,0.,0.));
#4235 = ADVANCED_FACE('',(#4236),#4286,.T.);
#4236 = FACE_BOUND('',#4237,.T.);
#4237 = EDGE_LOOP('',(#4238,#4246,#4254,#4260,#4261,#4262,#4263,#4271,
    #4279,#4285));
#4238 = ORIENTED_EDGE('',*,*,#4239,.F.);
#4239 = EDGE_CURVE('',#4240,#4013,#4242,.T.);
#4240 = VERTEX_POINT('',#4241);
#4241 = CARTESIAN_POINT('',(-0.485,0.25,1.5E-02));
#4242 = LINE('',#4243,#4244);
#4243 = CARTESIAN_POINT('',(-0.485,0.25,1.5E-02));
#4244 = VECTOR('',#4245,1.);
#4245 = DIRECTION('',(1.,0.,0.));
#4246 = ORIENTED_EDGE('',*,*,#4247,.T.);
#4247 = EDGE_CURVE('',#4240,#4248,#4250,.T.);
#4248 = VERTEX_POINT('',#4249);
#4249 = CARTESIAN_POINT('',(-0.485,0.25,0.185));
#4250 = LINE('',#4251,#4252);
#4251 = CARTESIAN_POINT('',(-0.485,0.25,1.5E-02));
#4252 = VECTOR('',#4253,1.);
#4253 = DIRECTION('',(0.,0.,1.));
#4254 = ORIENTED_EDGE('',*,*,#4255,.T.);
#4255 = EDGE_CURVE('',#4248,#3792,#4256,.T.);
#4256 = LINE('',#4257,#4258);
#4257 = CARTESIAN_POINT('',(-0.485,0.25,0.185));
#4258 = VECTOR('',#4259,1.);
#4259 = DIRECTION('',(1.,0.,0.));
#4260 = ORIENTED_EDGE('',*,*,#3791,.T.);
#4261 = ORIENTED_EDGE('',*,*,#3825,.F.);
#4262 = ORIENTED_EDGE('',*,*,#4175,.T.);
#4263 = ORIENTED_EDGE('',*,*,#4264,.T.);
#4264 = EDGE_CURVE('',#4176,#4265,#4267,.T.);
#4265 = VERTEX_POINT('',#4266);
#4266 = CARTESIAN_POINT('',(0.485,0.25,0.185));
#4267 = LINE('',#4268,#4269);
#4268 = CARTESIAN_POINT('',(-0.485,0.25,0.185));
#4269 = VECTOR('',#4270,1.);
#4270 = DIRECTION('',(1.,0.,0.));
#4271 = ORIENTED_EDGE('',*,*,#4272,.F.);
#4272 = EDGE_CURVE('',#4273,#4265,#4275,.T.);
#4273 = VERTEX_POINT('',#4274);
#4274 = CARTESIAN_POINT('',(0.485,0.25,1.5E-02));
#4275 = LINE('',#4276,#4277);
#4276 = CARTESIAN_POINT('',(0.485,0.25,1.5E-02));
#4277 = VECTOR('',#4278,1.);
#4278 = DIRECTION('',(0.,0.,1.));
#4279 = ORIENTED_EDGE('',*,*,#4280,.F.);
#4280 = EDGE_CURVE('',#4005,#4273,#4281,.T.);
#4281 = LINE('',#4282,#4283);
#4282 = CARTESIAN_POINT('',(-0.485,0.25,1.5E-02));
#4283 = VECTOR('',#4284,1.);
#4284 = DIRECTION('',(1.,0.,0.));
#4285 = ORIENTED_EDGE('',*,*,#4012,.F.);
#4286 = PLANE('',#4287);
#4287 = AXIS2_PLACEMENT_3D('',#4288,#4289,#4290);
#4288 = CARTESIAN_POINT('',(-0.485,0.25,1.5E-02));
#4289 = DIRECTION('',(0.,1.,0.));
#4290 = DIRECTION('',(0.,-0.,1.));
#4291 = ADVANCED_FACE('',(#4292),#4310,.F.);
#4292 = FACE_BOUND('',#4293,.F.);
#4293 = EDGE_LOOP('',(#4294,#4302,#4308,#4309));
#4294 = ORIENTED_EDGE('',*,*,#4295,.F.);
#4295 = EDGE_CURVE('',#4296,#3840,#4298,.T.);
#4296 = VERTEX_POINT('',#4297);
#4297 = CARTESIAN_POINT('',(-0.4625,0.1875,0.2));
#4298 = LINE('',#4299,#4300);
#4299 = CARTESIAN_POINT('',(-0.48125,0.1875,0.2));
#4300 = VECTOR('',#4301,1.);
#4301 = DIRECTION('',(1.,0.,0.));
#4302 = ORIENTED_EDGE('',*,*,#4303,.T.);
#4303 = EDGE_CURVE('',#4296,#3800,#4304,.T.);
#4304 = LINE('',#4305,#4306);
#4305 = CARTESIAN_POINT('',(-0.4625,0.1875,0.3));
#4306 = VECTOR('',#4307,1.);
#4307 = DIRECTION('',(-0.,-0.,-1.));
#4308 = ORIENTED_EDGE('',*,*,#3807,.F.);
#4309 = ORIENTED_EDGE('',*,*,#3839,.F.);
#4310 = PLANE('',#4311);
#4311 = AXIS2_PLACEMENT_3D('',#4312,#4313,#4314);
#4312 = CARTESIAN_POINT('',(-0.4625,0.1875,0.3));
#4313 = DIRECTION('',(0.,-1.,0.));
#4314 = DIRECTION('',(1.,0.,0.));
#4315 = ADVANCED_FACE('',(#4316),#4334,.F.);
#4316 = FACE_BOUND('',#4317,.F.);
#4317 = EDGE_LOOP('',(#4318,#4319,#4327,#4333));
#4318 = ORIENTED_EDGE('',*,*,#4303,.F.);
#4319 = ORIENTED_EDGE('',*,*,#4320,.F.);
#4320 = EDGE_CURVE('',#4321,#4296,#4323,.T.);
#4321 = VERTEX_POINT('',#4322);
#4322 = CARTESIAN_POINT('',(-0.4625,0.25,0.2));
#4323 = LINE('',#4324,#4325);
#4324 = CARTESIAN_POINT('',(-0.4625,3.125E-02,0.2));
#4325 = VECTOR('',#4326,1.);
#4326 = DIRECTION('',(0.,-1.,0.));
#4327 = ORIENTED_EDGE('',*,*,#4328,.F.);
#4328 = EDGE_CURVE('',#3792,#4321,#4329,.T.);
#4329 = LINE('',#4330,#4331);
#4330 = CARTESIAN_POINT('',(-0.4625,0.25,0.15));
#4331 = VECTOR('',#4332,1.);
#4332 = DIRECTION('',(0.,0.,1.));
#4333 = ORIENTED_EDGE('',*,*,#3799,.F.);
#4334 = PLANE('',#4335);
#4335 = AXIS2_PLACEMENT_3D('',#4336,#4337,#4338);
#4336 = CARTESIAN_POINT('',(-0.4625,0.3125,0.3));
#4337 = DIRECTION('',(-1.,0.,0.));
#4338 = DIRECTION('',(0.,-1.,0.));
#4339 = ADVANCED_FACE('',(#4340),#4358,.F.);
#4340 = FACE_BOUND('',#4341,.F.);
#4341 = EDGE_LOOP('',(#4342,#4350,#4356,#4357));
#4342 = ORIENTED_EDGE('',*,*,#4343,.F.);
#4343 = EDGE_CURVE('',#4344,#3873,#4346,.T.);
#4344 = VERTEX_POINT('',#4345);
#4345 = CARTESIAN_POINT('',(-0.4625,-0.1875,0.2));
#4346 = LINE('',#4347,#4348);
#4347 = CARTESIAN_POINT('',(-0.4625,-0.1875,0.3));
#4348 = VECTOR('',#4349,1.);
#4349 = DIRECTION('',(-0.,-0.,-1.));
#4350 = ORIENTED_EDGE('',*,*,#4351,.F.);
#4351 = EDGE_CURVE('',#3849,#4344,#4352,.T.);
#4352 = LINE('',#4353,#4354);
#4353 = CARTESIAN_POINT('',(-1.875E-02,-0.1875,0.2));
#4354 = VECTOR('',#4355,1.);
#4355 = DIRECTION('',(-1.,0.,0.));
#4356 = ORIENTED_EDGE('',*,*,#3856,.T.);
#4357 = ORIENTED_EDGE('',*,*,#3882,.F.);
#4358 = PLANE('',#4359);
#4359 = AXIS2_PLACEMENT_3D('',#4360,#4361,#4362);
#4360 = CARTESIAN_POINT('',(0.4625,-0.1875,0.3));
#4361 = DIRECTION('',(0.,1.,0.));
#4362 = DIRECTION('',(-1.,0.,0.));
#4363 = ADVANCED_FACE('',(#4364),#4391,.T.);
#4364 = FACE_BOUND('',#4365,.T.);
#4365 = EDGE_LOOP('',(#4366,#4374,#4380,#4381,#4387,#4388,#4389,#4390));
#4366 = ORIENTED_EDGE('',*,*,#4367,.F.);
#4367 = EDGE_CURVE('',#4368,#4321,#4370,.T.);
#4368 = VERTEX_POINT('',#4369);
#4369 = CARTESIAN_POINT('',(-0.485,0.25,0.2));
#4370 = LINE('',#4371,#4372);
#4371 = CARTESIAN_POINT('',(-0.5,0.25,0.2));
#4372 = VECTOR('',#4373,1.);
#4373 = DIRECTION('',(1.,0.,0.));
#4374 = ORIENTED_EDGE('',*,*,#4375,.F.);
#4375 = EDGE_CURVE('',#3924,#4368,#4376,.T.);
#4376 = LINE('',#4377,#4378);
#4377 = CARTESIAN_POINT('',(-0.485,-0.25,0.2));
#4378 = VECTOR('',#4379,1.);
#4379 = DIRECTION('',(0.,1.,0.));
#4380 = ORIENTED_EDGE('',*,*,#3932,.T.);
#4381 = ORIENTED_EDGE('',*,*,#4382,.F.);
#4382 = EDGE_CURVE('',#4344,#3933,#4383,.T.);
#4383 = LINE('',#4384,#4385);
#4384 = CARTESIAN_POINT('',(-0.4625,-0.21875,0.2));
#4385 = VECTOR('',#4386,1.);
#4386 = DIRECTION('',(0.,-1.,0.));
#4387 = ORIENTED_EDGE('',*,*,#4351,.F.);
#4388 = ORIENTED_EDGE('',*,*,#3848,.T.);
#4389 = ORIENTED_EDGE('',*,*,#4295,.F.);
#4390 = ORIENTED_EDGE('',*,*,#4320,.F.);
#4391 = PLANE('',#4392);
#4392 = AXIS2_PLACEMENT_3D('',#4393,#4394,#4395);
#4393 = CARTESIAN_POINT('',(-0.5,-0.25,0.2));
#4394 = DIRECTION('',(0.,0.,1.));
#4395 = DIRECTION('',(1.,0.,-0.));
#4396 = ADVANCED_FACE('',(#4397),#4403,.F.);
#4397 = FACE_BOUND('',#4398,.F.);
#4398 = EDGE_LOOP('',(#4399,#4400,#4401,#4402));
#4399 = ORIENTED_EDGE('',*,*,#4382,.F.);
#4400 = ORIENTED_EDGE('',*,*,#4343,.T.);
#4401 = ORIENTED_EDGE('',*,*,#3872,.F.);
#4402 = ORIENTED_EDGE('',*,*,#3940,.T.);
#4403 = PLANE('',#4404);
#4404 = AXIS2_PLACEMENT_3D('',#4405,#4406,#4407);
#4405 = CARTESIAN_POINT('',(-0.4625,-0.1875,0.3));
#4406 = DIRECTION('',(-1.,0.,0.));
#4407 = DIRECTION('',(0.,-1.,0.));
#4408 = ADVANCED_FACE('',(#4409),#4466,.F.);
#4409 = FACE_BOUND('',#4410,.F.);
#4410 = EDGE_LOOP('',(#4411,#4421,#4427,#4428,#4436,#4444,#4452,#4460));
#4411 = ORIENTED_EDGE('',*,*,#4412,.F.);
#4412 = EDGE_CURVE('',#4413,#4415,#4417,.T.);
#4413 = VERTEX_POINT('',#4414);
#4414 = CARTESIAN_POINT('',(-0.485,0.25,-1.734723475977E-18));
#4415 = VERTEX_POINT('',#4416);
#4416 = CARTESIAN_POINT('',(-0.4625,0.25,0.));
#4417 = LINE('',#4418,#4419);
#4418 = CARTESIAN_POINT('',(-0.5,0.25,0.));
#4419 = VECTOR('',#4420,1.);
#4420 = DIRECTION('',(1.,0.,0.));
#4421 = ORIENTED_EDGE('',*,*,#4422,.F.);
#4422 = EDGE_CURVE('',#3897,#4413,#4423,.T.);
#4423 = LINE('',#4424,#4425);
#4424 = CARTESIAN_POINT('',(-0.485,-0.25,-1.734723475977E-18));
#4425 = VECTOR('',#4426,1.);
#4426 = DIRECTION('',(0.,1.,0.));
#4427 = ORIENTED_EDGE('',*,*,#3896,.T.);
#4428 = ORIENTED_EDGE('',*,*,#4429,.F.);
#4429 = EDGE_CURVE('',#4430,#3899,#4432,.T.);
#4430 = VERTEX_POINT('',#4431);
#4431 = CARTESIAN_POINT('',(-0.4625,-0.1875,0.));
#4432 = LINE('',#4433,#4434);
#4433 = CARTESIAN_POINT('',(-0.4625,-0.21875,0.));
#4434 = VECTOR('',#4435,1.);
#4435 = DIRECTION('',(0.,-1.,0.));
#4436 = ORIENTED_EDGE('',*,*,#4437,.F.);
#4437 = EDGE_CURVE('',#4438,#4430,#4440,.T.);
#4438 = VERTEX_POINT('',#4439);
#4439 = CARTESIAN_POINT('',(-0.365,-0.1875,-1.734723475977E-18));
#4440 = LINE('',#4441,#4442);
#4441 = CARTESIAN_POINT('',(-1.875E-02,-0.1875,0.));
#4442 = VECTOR('',#4443,1.);
#4443 = DIRECTION('',(-1.,0.,0.));
#4444 = ORIENTED_EDGE('',*,*,#4445,.T.);
#4445 = EDGE_CURVE('',#4438,#4446,#4448,.T.);
#4446 = VERTEX_POINT('',#4447);
#4447 = CARTESIAN_POINT('',(-0.365,0.1875,-1.734723475977E-18));
#4448 = LINE('',#4449,#4450);
#4449 = CARTESIAN_POINT('',(-0.365,-0.25,-1.734723475977E-18));
#4450 = VECTOR('',#4451,1.);
#4451 = DIRECTION('',(0.,1.,0.));
#4452 = ORIENTED_EDGE('',*,*,#4453,.F.);
#4453 = EDGE_CURVE('',#4454,#4446,#4456,.T.);
#4454 = VERTEX_POINT('',#4455);
#4455 = CARTESIAN_POINT('',(-0.4625,0.1875,0.));
#4456 = LINE('',#4457,#4458);
#4457 = CARTESIAN_POINT('',(-0.48125,0.1875,0.));
#4458 = VECTOR('',#4459,1.);
#4459 = DIRECTION('',(1.,0.,0.));
#4460 = ORIENTED_EDGE('',*,*,#4461,.F.);
#4461 = EDGE_CURVE('',#4415,#4454,#4462,.T.);
#4462 = LINE('',#4463,#4464);
#4463 = CARTESIAN_POINT('',(-0.4625,3.125E-02,0.));
#4464 = VECTOR('',#4465,1.);
#4465 = DIRECTION('',(0.,-1.,0.));
#4466 = PLANE('',#4467);
#4467 = AXIS2_PLACEMENT_3D('',#4468,#4469,#4470);
#4468 = CARTESIAN_POINT('',(-0.5,-0.25,0.));
#4469 = DIRECTION('',(0.,0.,1.));
#4470 = DIRECTION('',(1.,0.,-0.));
#4471 = ADVANCED_FACE('',(#4472),#4491,.T.);
#4472 = FACE_BOUND('',#4473,.T.);
#4473 = EDGE_LOOP('',(#4474,#4482,#4489,#4490));
#4474 = ORIENTED_EDGE('',*,*,#4475,.T.);
#4475 = EDGE_CURVE('',#3907,#4476,#4478,.T.);
#4476 = VERTEX_POINT('',#4477);
#4477 = CARTESIAN_POINT('',(-0.5,0.25,1.5E-02));
#4478 = LINE('',#4479,#4480);
#4479 = CARTESIAN_POINT('',(-0.5,-0.25,1.5E-02));
#4480 = VECTOR('',#4481,1.);
#4481 = DIRECTION('',(0.,1.,0.));
#4482 = ORIENTED_EDGE('',*,*,#4483,.T.);
#4483 = EDGE_CURVE('',#4476,#4413,#4484,.T.);
#4484 = CIRCLE('',#4485,1.5E-02);
#4485 = AXIS2_PLACEMENT_3D('',#4486,#4487,#4488);
#4486 = CARTESIAN_POINT('',(-0.485,0.25,1.5E-02));
#4487 = DIRECTION('',(0.,-1.,0.));
#4488 = DIRECTION('',(0.,0.,1.));
#4489 = ORIENTED_EDGE('',*,*,#4422,.F.);
#4490 = ORIENTED_EDGE('',*,*,#3906,.F.);
#4491 = CYLINDRICAL_SURFACE('',#4492,1.5E-02);
#4492 = AXIS2_PLACEMENT_3D('',#4493,#4494,#4495);
#4493 = CARTESIAN_POINT('',(-0.485,-0.25,1.5E-02));
#4494 = DIRECTION('',(0.,1.,0.));
#4495 = DIRECTION('',(-1.,0.,0.));
#4496 = ADVANCED_FACE('',(#4497),#4508,.F.);
#4497 = FACE_BOUND('',#4498,.F.);
#4498 = EDGE_LOOP('',(#4499,#4500,#4506,#4507));
#4499 = ORIENTED_EDGE('',*,*,#3963,.T.);
#4500 = ORIENTED_EDGE('',*,*,#4501,.T.);
#4501 = EDGE_CURVE('',#3964,#4430,#4502,.T.);
#4502 = LINE('',#4503,#4504);
#4503 = CARTESIAN_POINT('',(-0.4625,-0.1875,0.3));
#4504 = VECTOR('',#4505,1.);
#4505 = DIRECTION('',(-0.,-0.,-1.));
#4506 = ORIENTED_EDGE('',*,*,#4429,.T.);
#4507 = ORIENTED_EDGE('',*,*,#3949,.T.);
#4508 = PLANE('',#4509);
#4509 = AXIS2_PLACEMENT_3D('',#4510,#4511,#4512);
#4510 = CARTESIAN_POINT('',(-0.4625,-0.1875,0.3));
#4511 = DIRECTION('',(-1.,0.,0.));
#4512 = DIRECTION('',(0.,-1.,0.));
#4513 = ADVANCED_FACE('',(#4514),#4532,.F.);
#4514 = FACE_BOUND('',#4515,.F.);
#4515 = EDGE_LOOP('',(#4516,#4517,#4518,#4526));
#4516 = ORIENTED_EDGE('',*,*,#3915,.F.);
#4517 = ORIENTED_EDGE('',*,*,#4475,.T.);
#4518 = ORIENTED_EDGE('',*,*,#4519,.T.);
#4519 = EDGE_CURVE('',#4476,#4520,#4522,.T.);
#4520 = VERTEX_POINT('',#4521);
#4521 = CARTESIAN_POINT('',(-0.5,0.25,0.185));
#4522 = LINE('',#4523,#4524);
#4523 = CARTESIAN_POINT('',(-0.5,0.25,0.));
#4524 = VECTOR('',#4525,1.);
#4525 = DIRECTION('',(0.,0.,1.));
#4526 = ORIENTED_EDGE('',*,*,#4527,.F.);
#4527 = EDGE_CURVE('',#3916,#4520,#4528,.T.);
#4528 = LINE('',#4529,#4530);
#4529 = CARTESIAN_POINT('',(-0.5,-0.25,0.185));
#4530 = VECTOR('',#4531,1.);
#4531 = DIRECTION('',(0.,1.,0.));
#4532 = PLANE('',#4533);
#4533 = AXIS2_PLACEMENT_3D('',#4534,#4535,#4536);
#4534 = CARTESIAN_POINT('',(-0.5,-0.25,0.));
#4535 = DIRECTION('',(1.,0.,0.));
#4536 = DIRECTION('',(0.,0.,1.));
#4537 = ADVANCED_FACE('',(#4538),#4550,.T.);
#4538 = FACE_BOUND('',#4539,.T.);
#4539 = EDGE_LOOP('',(#4540,#4541,#4542,#4549));
#4540 = ORIENTED_EDGE('',*,*,#3923,.T.);
#4541 = ORIENTED_EDGE('',*,*,#4375,.T.);
#4542 = ORIENTED_EDGE('',*,*,#4543,.F.);
#4543 = EDGE_CURVE('',#4520,#4368,#4544,.T.);
#4544 = CIRCLE('',#4545,1.5E-02);
#4545 = AXIS2_PLACEMENT_3D('',#4546,#4547,#4548);
#4546 = CARTESIAN_POINT('',(-0.485,0.25,0.185));
#4547 = DIRECTION('',(0.,1.,0.));
#4548 = DIRECTION('',(0.,-0.,1.));
#4549 = ORIENTED_EDGE('',*,*,#4527,.F.);
#4550 = CYLINDRICAL_SURFACE('',#4551,1.5E-02);
#4551 = AXIS2_PLACEMENT_3D('',#4552,#4553,#4554);
#4552 = CARTESIAN_POINT('',(-0.485,-0.25,0.185));
#4553 = DIRECTION('',(0.,1.,0.));
#4554 = DIRECTION('',(-1.,0.,0.));
#4555 = ADVANCED_FACE('',(#4556),#4568,.F.);
#4556 = FACE_BOUND('',#4557,.F.);
#4557 = EDGE_LOOP('',(#4558,#4559,#4560,#4567));
#4558 = ORIENTED_EDGE('',*,*,#4501,.F.);
#4559 = ORIENTED_EDGE('',*,*,#4044,.T.);
#4560 = ORIENTED_EDGE('',*,*,#4561,.T.);
#4561 = EDGE_CURVE('',#4037,#4438,#4562,.T.);
#4562 = CIRCLE('',#4563,1.5E-02);
#4563 = AXIS2_PLACEMENT_3D('',#4564,#4565,#4566);
#4564 = CARTESIAN_POINT('',(-0.365,-0.1875,1.5E-02));
#4565 = DIRECTION('',(-0.,1.,0.));
#4566 = DIRECTION('',(1.,0.,0.));
#4567 = ORIENTED_EDGE('',*,*,#4437,.T.);
#4568 = PLANE('',#4569);
#4569 = AXIS2_PLACEMENT_3D('',#4570,#4571,#4572);
#4570 = CARTESIAN_POINT('',(0.4625,-0.1875,0.3));
#4571 = DIRECTION('',(0.,1.,0.));
#4572 = DIRECTION('',(-1.,0.,0.));
#4573 = ADVANCED_FACE('',(#4574),#4586,.T.);
#4574 = FACE_BOUND('',#4575,.T.);
#4575 = EDGE_LOOP('',(#4576,#4577,#4578,#4579));
#4576 = ORIENTED_EDGE('',*,*,#4036,.F.);
#4577 = ORIENTED_EDGE('',*,*,#4561,.T.);
#4578 = ORIENTED_EDGE('',*,*,#4445,.T.);
#4579 = ORIENTED_EDGE('',*,*,#4580,.F.);
#4580 = EDGE_CURVE('',#4029,#4446,#4581,.T.);
#4581 = CIRCLE('',#4582,1.5E-02);
#4582 = AXIS2_PLACEMENT_3D('',#4583,#4584,#4585);
#4583 = CARTESIAN_POINT('',(-0.365,0.1875,1.5E-02));
#4584 = DIRECTION('',(-0.,1.,0.));
#4585 = DIRECTION('',(1.,0.,0.));
#4586 = CYLINDRICAL_SURFACE('',#4587,1.5E-02);
#4587 = AXIS2_PLACEMENT_3D('',#4588,#4589,#4590);
#4588 = CARTESIAN_POINT('',(-0.365,-0.25,1.5E-02));
#4589 = DIRECTION('',(0.,1.,0.));
#4590 = DIRECTION('',(1.,0.,0.));
#4591 = ADVANCED_FACE('',(#4592),#4603,.F.);
#4592 = FACE_BOUND('',#4593,.F.);
#4593 = EDGE_LOOP('',(#4594,#4595,#4601,#4602));
#4594 = ORIENTED_EDGE('',*,*,#4028,.T.);
#4595 = ORIENTED_EDGE('',*,*,#4596,.T.);
#4596 = EDGE_CURVE('',#4021,#4454,#4597,.T.);
#4597 = LINE('',#4598,#4599);
#4598 = CARTESIAN_POINT('',(-0.4625,0.1875,0.3));
#4599 = VECTOR('',#4600,1.);
#4600 = DIRECTION('',(-0.,-0.,-1.));
#4601 = ORIENTED_EDGE('',*,*,#4453,.T.);
#4602 = ORIENTED_EDGE('',*,*,#4580,.F.);
#4603 = PLANE('',#4604);
#4604 = AXIS2_PLACEMENT_3D('',#4605,#4606,#4607);
#4605 = CARTESIAN_POINT('',(-0.4625,0.1875,0.3));
#4606 = DIRECTION('',(0.,-1.,0.));
#4607 = DIRECTION('',(1.,0.,0.));
#4608 = ADVANCED_FACE('',(#4609),#4620,.F.);
#4609 = FACE_BOUND('',#4610,.F.);
#4610 = EDGE_LOOP('',(#4611,#4612,#4613,#4619));
#4611 = ORIENTED_EDGE('',*,*,#4596,.F.);
#4612 = ORIENTED_EDGE('',*,*,#4020,.T.);
#4613 = ORIENTED_EDGE('',*,*,#4614,.F.);
#4614 = EDGE_CURVE('',#4415,#4013,#4615,.T.);
#4615 = LINE('',#4616,#4617);
#4616 = CARTESIAN_POINT('',(-0.4625,0.25,0.15));
#4617 = VECTOR('',#4618,1.);
#4618 = DIRECTION('',(0.,0.,1.));
#4619 = ORIENTED_EDGE('',*,*,#4461,.T.);
#4620 = PLANE('',#4621);
#4621 = AXIS2_PLACEMENT_3D('',#4622,#4623,#4624);
#4622 = CARTESIAN_POINT('',(-0.4625,0.3125,0.3));
#4623 = DIRECTION('',(-1.,0.,0.));
#4624 = DIRECTION('',(0.,-1.,0.));
#4625 = ADVANCED_FACE('',(#4626),#4651,.F.);
#4626 = FACE_BOUND('',#4627,.F.);
#4627 = EDGE_LOOP('',(#4628,#4629,#4637,#4645));
#4628 = ORIENTED_EDGE('',*,*,#4004,.T.);
#4629 = ORIENTED_EDGE('',*,*,#4630,.T.);
#4630 = EDGE_CURVE('',#3997,#4631,#4633,.T.);
#4631 = VERTEX_POINT('',#4632);
#4632 = CARTESIAN_POINT('',(0.4625,0.1875,0.));
#4633 = LINE('',#4634,#4635);
#4634 = CARTESIAN_POINT('',(0.4625,0.1875,0.3));
#4635 = VECTOR('',#4636,1.);
#4636 = DIRECTION('',(-0.,-0.,-1.));
#4637 = ORIENTED_EDGE('',*,*,#4638,.T.);
#4638 = EDGE_CURVE('',#4631,#4639,#4641,.T.);
#4639 = VERTEX_POINT('',#4640);
#4640 = CARTESIAN_POINT('',(0.4625,0.25,0.));
#4641 = LINE('',#4642,#4643);
#4642 = CARTESIAN_POINT('',(0.4625,-3.125E-02,0.));
#4643 = VECTOR('',#4644,1.);
#4644 = DIRECTION('',(0.,1.,0.));
#4645 = ORIENTED_EDGE('',*,*,#4646,.F.);
#4646 = EDGE_CURVE('',#4005,#4639,#4647,.T.);
#4647 = LINE('',#4648,#4649);
#4648 = CARTESIAN_POINT('',(0.4625,0.25,0.15));
#4649 = VECTOR('',#4650,1.);
#4650 = DIRECTION('',(0.,0.,-1.));
#4651 = PLANE('',#4652);
#4652 = AXIS2_PLACEMENT_3D('',#4653,#4654,#4655);
#4653 = CARTESIAN_POINT('',(0.4625,0.1875,0.3));
#4654 = DIRECTION('',(1.,0.,0.));
#4655 = DIRECTION('',(-0.,1.,0.));
#4656 = ADVANCED_FACE('',(#4657),#4676,.F.);
#4657 = FACE_BOUND('',#4658,.F.);
#4658 = EDGE_LOOP('',(#4659,#4660,#4661,#4670));
#4659 = ORIENTED_EDGE('',*,*,#4630,.F.);
#4660 = ORIENTED_EDGE('',*,*,#3996,.T.);
#4661 = ORIENTED_EDGE('',*,*,#4662,.F.);
#4662 = EDGE_CURVE('',#4663,#3989,#4665,.T.);
#4663 = VERTEX_POINT('',#4664);
#4664 = CARTESIAN_POINT('',(0.365,0.1875,-1.734723475977E-18));
#4665 = CIRCLE('',#4666,1.5E-02);
#4666 = AXIS2_PLACEMENT_3D('',#4667,#4668,#4669);
#4667 = CARTESIAN_POINT('',(0.365,0.1875,1.5E-02));
#4668 = DIRECTION('',(0.,1.,-0.));
#4669 = DIRECTION('',(-1.,0.,0.));
#4670 = ORIENTED_EDGE('',*,*,#4671,.T.);
#4671 = EDGE_CURVE('',#4663,#4631,#4672,.T.);
#4672 = LINE('',#4673,#4674);
#4673 = CARTESIAN_POINT('',(-5.625E-02,0.1875,0.));
#4674 = VECTOR('',#4675,1.);
#4675 = DIRECTION('',(1.,0.,0.));
#4676 = PLANE('',#4677);
#4677 = AXIS2_PLACEMENT_3D('',#4678,#4679,#4680);
#4678 = CARTESIAN_POINT('',(-0.4625,0.1875,0.3));
#4679 = DIRECTION('',(0.,-1.,0.));
#4680 = DIRECTION('',(1.,0.,0.));
#4681 = ADVANCED_FACE('',(#4682),#4701,.T.);
#4682 = FACE_BOUND('',#4683,.T.);
#4683 = EDGE_LOOP('',(#4684,#4685,#4693,#4700));
#4684 = ORIENTED_EDGE('',*,*,#4662,.F.);
#4685 = ORIENTED_EDGE('',*,*,#4686,.F.);
#4686 = EDGE_CURVE('',#4687,#4663,#4689,.T.);
#4687 = VERTEX_POINT('',#4688);
#4688 = CARTESIAN_POINT('',(0.365,-0.1875,-1.734723475977E-18));
#4689 = LINE('',#4690,#4691);
#4690 = CARTESIAN_POINT('',(0.365,-0.25,-1.734723475977E-18));
#4691 = VECTOR('',#4692,1.);
#4692 = DIRECTION('',(0.,1.,0.));
#4693 = ORIENTED_EDGE('',*,*,#4694,.T.);
#4694 = EDGE_CURVE('',#4687,#3981,#4695,.T.);
#4695 = CIRCLE('',#4696,1.5E-02);
#4696 = AXIS2_PLACEMENT_3D('',#4697,#4698,#4699);
#4697 = CARTESIAN_POINT('',(0.365,-0.1875,1.5E-02));
#4698 = DIRECTION('',(0.,1.,-0.));
#4699 = DIRECTION('',(-1.,0.,0.));
#4700 = ORIENTED_EDGE('',*,*,#3988,.T.);
#4701 = CYLINDRICAL_SURFACE('',#4702,1.5E-02);
#4702 = AXIS2_PLACEMENT_3D('',#4703,#4704,#4705);
#4703 = CARTESIAN_POINT('',(0.365,-0.25,1.5E-02));
#4704 = DIRECTION('',(0.,1.,0.));
#4705 = DIRECTION('',(-1.,0.,0.));
#4706 = ADVANCED_FACE('',(#4707),#4725,.F.);
#4707 = FACE_BOUND('',#4708,.F.);
#4708 = EDGE_LOOP('',(#4709,#4710,#4718,#4724));
#4709 = ORIENTED_EDGE('',*,*,#3980,.T.);
#4710 = ORIENTED_EDGE('',*,*,#4711,.T.);
#4711 = EDGE_CURVE('',#3973,#4712,#4714,.T.);
#4712 = VERTEX_POINT('',#4713);
#4713 = CARTESIAN_POINT('',(0.4625,-0.1875,0.));
#4714 = LINE('',#4715,#4716);
#4715 = CARTESIAN_POINT('',(0.4625,-0.1875,0.3));
#4716 = VECTOR('',#4717,1.);
#4717 = DIRECTION('',(-0.,-0.,-1.));
#4718 = ORIENTED_EDGE('',*,*,#4719,.T.);
#4719 = EDGE_CURVE('',#4712,#4687,#4720,.T.);
#4720 = LINE('',#4721,#4722);
#4721 = CARTESIAN_POINT('',(0.40625,-0.1875,0.));
#4722 = VECTOR('',#4723,1.);
#4723 = DIRECTION('',(-1.,0.,0.));
#4724 = ORIENTED_EDGE('',*,*,#4694,.T.);
#4725 = PLANE('',#4726);
#4726 = AXIS2_PLACEMENT_3D('',#4727,#4728,#4729);
#4727 = CARTESIAN_POINT('',(0.4625,-0.1875,0.3));
#4728 = DIRECTION('',(0.,1.,0.));
#4729 = DIRECTION('',(-1.,0.,0.));
#4730 = ADVANCED_FACE('',(#4731),#4742,.F.);
#4731 = FACE_BOUND('',#4732,.F.);
#4732 = EDGE_LOOP('',(#4733,#4734,#4735,#4736));
#4733 = ORIENTED_EDGE('',*,*,#4711,.F.);
#4734 = ORIENTED_EDGE('',*,*,#3972,.T.);
#4735 = ORIENTED_EDGE('',*,*,#4094,.T.);
#4736 = ORIENTED_EDGE('',*,*,#4737,.T.);
#4737 = EDGE_CURVE('',#4085,#4712,#4738,.T.);
#4738 = LINE('',#4739,#4740);
#4739 = CARTESIAN_POINT('',(0.4625,-0.28125,0.));
#4740 = VECTOR('',#4741,1.);
#4741 = DIRECTION('',(0.,1.,0.));
#4742 = PLANE('',#4743);
#4743 = AXIS2_PLACEMENT_3D('',#4744,#4745,#4746);
#4744 = CARTESIAN_POINT('',(0.4625,-0.3125,0.3));
#4745 = DIRECTION('',(1.,0.,0.));
#4746 = DIRECTION('',(-0.,1.,0.));
#4747 = ADVANCED_FACE('',(#4748),#4773,.T.);
#4748 = FACE_BOUND('',#4749,.T.);
#4749 = EDGE_LOOP('',(#4750,#4758,#4759,#4767));
#4750 = ORIENTED_EDGE('',*,*,#4751,.T.);
#4751 = EDGE_CURVE('',#4752,#4053,#4754,.T.);
#4752 = VERTEX_POINT('',#4753);
#4753 = CARTESIAN_POINT('',(0.173205080757,0.2,7.5E-03));
#4754 = LINE('',#4755,#4756);
#4755 = CARTESIAN_POINT('',(0.173205080757,0.2,7.5E-03));
#4756 = VECTOR('',#4757,1.);
#4757 = DIRECTION('',(0.,0.,1.));
#4758 = ORIENTED_EDGE('',*,*,#4052,.T.);
#4759 = ORIENTED_EDGE('',*,*,#4760,.F.);
#4760 = EDGE_CURVE('',#4761,#4055,#4763,.T.);
#4761 = VERTEX_POINT('',#4762);
#4762 = CARTESIAN_POINT('',(0.173205080757,-0.2,7.5E-03));
#4763 = LINE('',#4764,#4765);
#4764 = CARTESIAN_POINT('',(0.173205080757,-0.2,7.5E-03));
#4765 = VECTOR('',#4766,1.);
#4766 = DIRECTION('',(0.,0.,1.));
#4767 = ORIENTED_EDGE('',*,*,#4768,.F.);
#4768 = EDGE_CURVE('',#4752,#4761,#4769,.T.);
#4769 = LINE('',#4770,#4771);
#4770 = CARTESIAN_POINT('',(0.173205080757,0.2,7.5E-03));
#4771 = VECTOR('',#4772,1.);
#4772 = DIRECTION('',(0.,-1.,0.));
#4773 = PLANE('',#4774);
#4774 = AXIS2_PLACEMENT_3D('',#4775,#4776,#4777);
#4775 = CARTESIAN_POINT('',(0.173205080757,0.2,7.5E-03));
#4776 = DIRECTION('',(1.,0.,0.));
#4777 = DIRECTION('',(0.,-1.,0.));
#4778 = ADVANCED_FACE('',(#4779),#4797,.T.);
#4779 = FACE_BOUND('',#4780,.T.);
#4780 = EDGE_LOOP('',(#4781,#4789,#4790,#4791));
#4781 = ORIENTED_EDGE('',*,*,#4782,.T.);
#4782 = EDGE_CURVE('',#4783,#4063,#4785,.T.);
#4783 = VERTEX_POINT('',#4784);
#4784 = CARTESIAN_POINT('',(-0.173205080757,0.,7.5E-03));
#4785 = LINE('',#4786,#4787);
#4786 = CARTESIAN_POINT('',(-0.173205080757,0.,7.5E-03));
#4787 = VECTOR('',#4788,1.);
#4788 = DIRECTION('',(0.,0.,1.));
#4789 = ORIENTED_EDGE('',*,*,#4070,.T.);
#4790 = ORIENTED_EDGE('',*,*,#4751,.F.);
#4791 = ORIENTED_EDGE('',*,*,#4792,.F.);
#4792 = EDGE_CURVE('',#4783,#4752,#4793,.T.);
#4793 = LINE('',#4794,#4795);
#4794 = CARTESIAN_POINT('',(-0.173205080757,0.,7.5E-03));
#4795 = VECTOR('',#4796,1.);
#4796 = DIRECTION('',(0.866025403784,0.5,0.));
#4797 = PLANE('',#4798);
#4798 = AXIS2_PLACEMENT_3D('',#4799,#4800,#4801);
#4799 = CARTESIAN_POINT('',(-0.173205080757,0.,7.5E-03));
#4800 = DIRECTION('',(-0.5,0.866025403784,0.));
#4801 = DIRECTION('',(0.866025403784,0.5,0.));
#4802 = ADVANCED_FACE('',(#4803),#4814,.T.);
#4803 = FACE_BOUND('',#4804,.T.);
#4804 = EDGE_LOOP('',(#4805,#4806,#4807,#4808));
#4805 = ORIENTED_EDGE('',*,*,#4760,.T.);
#4806 = ORIENTED_EDGE('',*,*,#4062,.T.);
#4807 = ORIENTED_EDGE('',*,*,#4782,.F.);
#4808 = ORIENTED_EDGE('',*,*,#4809,.F.);
#4809 = EDGE_CURVE('',#4761,#4783,#4810,.T.);
#4810 = LINE('',#4811,#4812);
#4811 = CARTESIAN_POINT('',(0.173205080757,-0.2,7.5E-03));
#4812 = VECTOR('',#4813,1.);
#4813 = DIRECTION('',(-0.866025403784,0.5,0.));
#4814 = PLANE('',#4815);
#4815 = AXIS2_PLACEMENT_3D('',#4816,#4817,#4818);
#4816 = CARTESIAN_POINT('',(0.173205080757,-0.2,7.5E-03));
#4817 = DIRECTION('',(-0.5,-0.866025403784,0.));
#4818 = DIRECTION('',(-0.866025403784,0.5,0.));
#4819 = ADVANCED_FACE('',(#4820),#4842,.F.);
#4820 = FACE_BOUND('',#4821,.F.);
#4821 = EDGE_LOOP('',(#4822,#4830,#4831,#4832,#4833,#4834,#4835,#4836));
#4822 = ORIENTED_EDGE('',*,*,#4823,.F.);
#4823 = EDGE_CURVE('',#4639,#4824,#4826,.T.);
#4824 = VERTEX_POINT('',#4825);
#4825 = CARTESIAN_POINT('',(0.485,0.25,-1.734723475977E-18));
#4826 = LINE('',#4827,#4828);
#4827 = CARTESIAN_POINT('',(0.35,0.25,0.));
#4828 = VECTOR('',#4829,1.);
#4829 = DIRECTION('',(1.,0.,0.));
#4830 = ORIENTED_EDGE('',*,*,#4638,.F.);
#4831 = ORIENTED_EDGE('',*,*,#4671,.F.);
#4832 = ORIENTED_EDGE('',*,*,#4686,.F.);
#4833 = ORIENTED_EDGE('',*,*,#4719,.F.);
#4834 = ORIENTED_EDGE('',*,*,#4737,.F.);
#4835 = ORIENTED_EDGE('',*,*,#4084,.T.);
#4836 = ORIENTED_EDGE('',*,*,#4837,.T.);
#4837 = EDGE_CURVE('',#4087,#4824,#4838,.T.);
#4838 = LINE('',#4839,#4840);
#4839 = CARTESIAN_POINT('',(0.485,-0.25,-1.734723475977E-18));
#4840 = VECTOR('',#4841,1.);
#4841 = DIRECTION('',(0.,1.,0.));
#4842 = PLANE('',#4843);
#4843 = AXIS2_PLACEMENT_3D('',#4844,#4845,#4846);
#4844 = CARTESIAN_POINT('',(0.35,-0.25,0.));
#4845 = DIRECTION('',(0.,0.,1.));
#4846 = DIRECTION('',(1.,0.,-0.));
#4847 = ADVANCED_FACE('',(#4848),#4867,.T.);
#4848 = FACE_BOUND('',#4849,.T.);
#4849 = EDGE_LOOP('',(#4850,#4851,#4852,#4861));
#4850 = ORIENTED_EDGE('',*,*,#4136,.T.);
#4851 = ORIENTED_EDGE('',*,*,#4837,.T.);
#4852 = ORIENTED_EDGE('',*,*,#4853,.F.);
#4853 = EDGE_CURVE('',#4854,#4824,#4856,.T.);
#4854 = VERTEX_POINT('',#4855);
#4855 = CARTESIAN_POINT('',(0.5,0.25,1.5E-02));
#4856 = CIRCLE('',#4857,1.5E-02);
#4857 = AXIS2_PLACEMENT_3D('',#4858,#4859,#4860);
#4858 = CARTESIAN_POINT('',(0.485,0.25,1.5E-02));
#4859 = DIRECTION('',(0.,1.,0.));
#4860 = DIRECTION('',(0.,-0.,1.));
#4861 = ORIENTED_EDGE('',*,*,#4862,.F.);
#4862 = EDGE_CURVE('',#4129,#4854,#4863,.T.);
#4863 = LINE('',#4864,#4865);
#4864 = CARTESIAN_POINT('',(0.5,-0.25,1.5E-02));
#4865 = VECTOR('',#4866,1.);
#4866 = DIRECTION('',(0.,1.,0.));
#4867 = CYLINDRICAL_SURFACE('',#4868,1.5E-02);
#4868 = AXIS2_PLACEMENT_3D('',#4869,#4870,#4871);
#4869 = CARTESIAN_POINT('',(0.485,-0.25,1.5E-02));
#4870 = DIRECTION('',(0.,1.,0.));
#4871 = DIRECTION('',(1.,0.,0.));
#4872 = ADVANCED_FACE('',(#4873),#4891,.T.);
#4873 = FACE_BOUND('',#4874,.T.);
#4874 = EDGE_LOOP('',(#4875,#4876,#4877,#4885));
#4875 = ORIENTED_EDGE('',*,*,#4128,.F.);
#4876 = ORIENTED_EDGE('',*,*,#4862,.T.);
#4877 = ORIENTED_EDGE('',*,*,#4878,.T.);
#4878 = EDGE_CURVE('',#4854,#4879,#4881,.T.);
#4879 = VERTEX_POINT('',#4880);
#4880 = CARTESIAN_POINT('',(0.5,0.25,0.185));
#4881 = LINE('',#4882,#4883);
#4882 = CARTESIAN_POINT('',(0.5,0.25,0.));
#4883 = VECTOR('',#4884,1.);
#4884 = DIRECTION('',(0.,0.,1.));
#4885 = ORIENTED_EDGE('',*,*,#4886,.F.);
#4886 = EDGE_CURVE('',#4120,#4879,#4887,.T.);
#4887 = LINE('',#4888,#4889);
#4888 = CARTESIAN_POINT('',(0.5,-0.25,0.185));
#4889 = VECTOR('',#4890,1.);
#4890 = DIRECTION('',(0.,1.,0.));
#4891 = PLANE('',#4892);
#4892 = AXIS2_PLACEMENT_3D('',#4893,#4894,#4895);
#4893 = CARTESIAN_POINT('',(0.5,-0.25,0.));
#4894 = DIRECTION('',(1.,0.,0.));
#4895 = DIRECTION('',(0.,0.,1.));
#4896 = ADVANCED_FACE('',(#4897),#4916,.T.);
#4897 = FACE_BOUND('',#4898,.T.);
#4898 = EDGE_LOOP('',(#4899,#4900,#4909,#4915));
#4899 = ORIENTED_EDGE('',*,*,#4886,.T.);
#4900 = ORIENTED_EDGE('',*,*,#4901,.T.);
#4901 = EDGE_CURVE('',#4879,#4902,#4904,.T.);
#4902 = VERTEX_POINT('',#4903);
#4903 = CARTESIAN_POINT('',(0.485,0.25,0.2));
#4904 = CIRCLE('',#4905,1.5E-02);
#4905 = AXIS2_PLACEMENT_3D('',#4906,#4907,#4908);
#4906 = CARTESIAN_POINT('',(0.485,0.25,0.185));
#4907 = DIRECTION('',(0.,-1.,0.));
#4908 = DIRECTION('',(0.,0.,1.));
#4909 = ORIENTED_EDGE('',*,*,#4910,.F.);
#4910 = EDGE_CURVE('',#4112,#4902,#4911,.T.);
#4911 = LINE('',#4912,#4913);
#4912 = CARTESIAN_POINT('',(0.485,-0.25,0.2));
#4913 = VECTOR('',#4914,1.);
#4914 = DIRECTION('',(0.,1.,0.));
#4915 = ORIENTED_EDGE('',*,*,#4119,.F.);
#4916 = CYLINDRICAL_SURFACE('',#4917,1.5E-02);
#4917 = AXIS2_PLACEMENT_3D('',#4918,#4919,#4920);
#4918 = CARTESIAN_POINT('',(0.485,-0.25,0.185));
#4919 = DIRECTION('',(0.,1.,0.));
#4920 = DIRECTION('',(1.,0.,0.));
#4921 = ADVANCED_FACE('',(#4922),#4963,.T.);
#4922 = FACE_BOUND('',#4923,.T.);
#4923 = EDGE_LOOP('',(#4924,#4932,#4940,#4946,#4947,#4955,#4961,#4962));
#4924 = ORIENTED_EDGE('',*,*,#4925,.F.);
#4925 = EDGE_CURVE('',#4926,#4902,#4928,.T.);
#4926 = VERTEX_POINT('',#4927);
#4927 = CARTESIAN_POINT('',(0.4625,0.25,0.2));
#4928 = LINE('',#4929,#4930);
#4929 = CARTESIAN_POINT('',(0.35,0.25,0.2));
#4930 = VECTOR('',#4931,1.);
#4931 = DIRECTION('',(1.,0.,0.));
#4932 = ORIENTED_EDGE('',*,*,#4933,.F.);
#4933 = EDGE_CURVE('',#4934,#4926,#4936,.T.);
#4934 = VERTEX_POINT('',#4935);
#4935 = CARTESIAN_POINT('',(0.4625,0.1875,0.2));
#4936 = LINE('',#4937,#4938);
#4937 = CARTESIAN_POINT('',(0.4625,-3.125E-02,0.2));
#4938 = VECTOR('',#4939,1.);
#4939 = DIRECTION('',(0.,1.,0.));
#4940 = ORIENTED_EDGE('',*,*,#4941,.F.);
#4941 = EDGE_CURVE('',#4217,#4934,#4942,.T.);
#4942 = LINE('',#4943,#4944);
#4943 = CARTESIAN_POINT('',(-5.625E-02,0.1875,0.2));
#4944 = VECTOR('',#4945,1.);
#4945 = DIRECTION('',(1.,0.,0.));
#4946 = ORIENTED_EDGE('',*,*,#4216,.F.);
#4947 = ORIENTED_EDGE('',*,*,#4948,.F.);
#4948 = EDGE_CURVE('',#4949,#4208,#4951,.T.);
#4949 = VERTEX_POINT('',#4950);
#4950 = CARTESIAN_POINT('',(0.4625,-0.1875,0.2));
#4951 = LINE('',#4952,#4953);
#4952 = CARTESIAN_POINT('',(0.40625,-0.1875,0.2));
#4953 = VECTOR('',#4954,1.);
#4954 = DIRECTION('',(-1.,0.,0.));
#4955 = ORIENTED_EDGE('',*,*,#4956,.F.);
#4956 = EDGE_CURVE('',#4104,#4949,#4957,.T.);
#4957 = LINE('',#4958,#4959);
#4958 = CARTESIAN_POINT('',(0.4625,-0.28125,0.2));
#4959 = VECTOR('',#4960,1.);
#4960 = DIRECTION('',(0.,1.,0.));
#4961 = ORIENTED_EDGE('',*,*,#4111,.T.);
#4962 = ORIENTED_EDGE('',*,*,#4910,.T.);
#4963 = PLANE('',#4964);
#4964 = AXIS2_PLACEMENT_3D('',#4965,#4966,#4967);
#4965 = CARTESIAN_POINT('',(0.35,-0.25,0.2));
#4966 = DIRECTION('',(0.,0.,1.));
#4967 = DIRECTION('',(1.,0.,-0.));
#4968 = ADVANCED_FACE('',(#4969),#4980,.F.);
#4969 = FACE_BOUND('',#4970,.F.);
#4970 = EDGE_LOOP('',(#4971,#4977,#4978,#4979));
#4971 = ORIENTED_EDGE('',*,*,#4972,.F.);
#4972 = EDGE_CURVE('',#4949,#4152,#4973,.T.);
#4973 = LINE('',#4974,#4975);
#4974 = CARTESIAN_POINT('',(0.4625,-0.1875,0.3));
#4975 = VECTOR('',#4976,1.);
#4976 = DIRECTION('',(-0.,-0.,-1.));
#4977 = ORIENTED_EDGE('',*,*,#4956,.F.);
#4978 = ORIENTED_EDGE('',*,*,#4103,.T.);
#4979 = ORIENTED_EDGE('',*,*,#4161,.F.);
#4980 = PLANE('',#4981);
#4981 = AXIS2_PLACEMENT_3D('',#4982,#4983,#4984);
#4982 = CARTESIAN_POINT('',(0.4625,-0.3125,0.3));
#4983 = DIRECTION('',(1.,0.,0.));
#4984 = DIRECTION('',(-0.,1.,0.));
#4985 = ADVANCED_FACE('',(#4986),#4992,.F.);
#4986 = FACE_BOUND('',#4987,.F.);
#4987 = EDGE_LOOP('',(#4988,#4989,#4990,#4991));
#4988 = ORIENTED_EDGE('',*,*,#4948,.F.);
#4989 = ORIENTED_EDGE('',*,*,#4972,.T.);
#4990 = ORIENTED_EDGE('',*,*,#4151,.F.);
#4991 = ORIENTED_EDGE('',*,*,#4207,.T.);
#4992 = PLANE('',#4993);
#4993 = AXIS2_PLACEMENT_3D('',#4994,#4995,#4996);
#4994 = CARTESIAN_POINT('',(0.4625,-0.1875,0.3));
#4995 = DIRECTION('',(0.,1.,0.));
#4996 = DIRECTION('',(-1.,0.,0.));
#4997 = ADVANCED_FACE('',(#4998),#5014,.F.);
#4998 = FACE_BOUND('',#4999,.F.);
#4999 = EDGE_LOOP('',(#5000,#5001,#5007,#5008));
#5000 = ORIENTED_EDGE('',*,*,#4933,.F.);
#5001 = ORIENTED_EDGE('',*,*,#5002,.T.);
#5002 = EDGE_CURVE('',#4934,#4185,#5003,.T.);
#5003 = LINE('',#5004,#5005);
#5004 = CARTESIAN_POINT('',(0.4625,0.1875,0.3));
#5005 = VECTOR('',#5006,1.);
#5006 = DIRECTION('',(-0.,-0.,-1.));
#5007 = ORIENTED_EDGE('',*,*,#4192,.F.);
#5008 = ORIENTED_EDGE('',*,*,#5009,.F.);
#5009 = EDGE_CURVE('',#4926,#4176,#5010,.T.);
#5010 = LINE('',#5011,#5012);
#5011 = CARTESIAN_POINT('',(0.4625,0.25,0.15));
#5012 = VECTOR('',#5013,1.);
#5013 = DIRECTION('',(0.,0.,-1.));
#5014 = PLANE('',#5015);
#5015 = AXIS2_PLACEMENT_3D('',#5016,#5017,#5018);
#5016 = CARTESIAN_POINT('',(0.4625,0.1875,0.3));
#5017 = DIRECTION('',(1.,0.,0.));
#5018 = DIRECTION('',(-0.,1.,0.));
#5019 = ADVANCED_FACE('',(#5020),#5026,.F.);
#5020 = FACE_BOUND('',#5021,.F.);
#5021 = EDGE_LOOP('',(#5022,#5023,#5024,#5025));
#5022 = ORIENTED_EDGE('',*,*,#5002,.F.);
#5023 = ORIENTED_EDGE('',*,*,#4941,.F.);
#5024 = ORIENTED_EDGE('',*,*,#4224,.F.);
#5025 = ORIENTED_EDGE('',*,*,#4184,.F.);
#5026 = PLANE('',#5027);
#5027 = AXIS2_PLACEMENT_3D('',#5028,#5029,#5030);
#5028 = CARTESIAN_POINT('',(-0.4625,0.1875,0.3));
#5029 = DIRECTION('',(0.,-1.,0.));
#5030 = DIRECTION('',(1.,0.,0.));
#5031 = ADVANCED_FACE('',(#5032),#5044,.T.);
#5032 = FACE_BOUND('',#5033,.T.);
#5033 = EDGE_LOOP('',(#5034,#5035,#5036,#5037,#5038,#5039,#5040,#5041,
    #5042,#5043));
#5034 = ORIENTED_EDGE('',*,*,#4412,.F.);
#5035 = ORIENTED_EDGE('',*,*,#4483,.F.);
#5036 = ORIENTED_EDGE('',*,*,#4519,.T.);
#5037 = ORIENTED_EDGE('',*,*,#4543,.T.);
#5038 = ORIENTED_EDGE('',*,*,#4367,.T.);
#5039 = ORIENTED_EDGE('',*,*,#4328,.F.);
#5040 = ORIENTED_EDGE('',*,*,#4255,.F.);
#5041 = ORIENTED_EDGE('',*,*,#4247,.F.);
#5042 = ORIENTED_EDGE('',*,*,#4239,.T.);
#5043 = ORIENTED_EDGE('',*,*,#4614,.F.);
#5044 = PLANE('',#5045);
#5045 = AXIS2_PLACEMENT_3D('',#5046,#5047,#5048);
#5046 = CARTESIAN_POINT('',(-0.5,0.25,0.));
#5047 = DIRECTION('',(0.,1.,0.));
#5048 = DIRECTION('',(0.,-0.,1.));
#5049 = ADVANCED_FACE('',(#5050),#5062,.T.);
#5050 = FACE_BOUND('',#5051,.T.);
#5051 = EDGE_LOOP('',(#5052,#5053,#5054,#5055,#5056,#5057,#5058,#5059,
    #5060,#5061));
#5052 = ORIENTED_EDGE('',*,*,#4823,.F.);
#5053 = ORIENTED_EDGE('',*,*,#4646,.F.);
#5054 = ORIENTED_EDGE('',*,*,#4280,.T.);
#5055 = ORIENTED_EDGE('',*,*,#4272,.T.);
#5056 = ORIENTED_EDGE('',*,*,#4264,.F.);
#5057 = ORIENTED_EDGE('',*,*,#5009,.F.);
#5058 = ORIENTED_EDGE('',*,*,#4925,.T.);
#5059 = ORIENTED_EDGE('',*,*,#4901,.F.);
#5060 = ORIENTED_EDGE('',*,*,#4878,.F.);
#5061 = ORIENTED_EDGE('',*,*,#4853,.T.);
#5062 = PLANE('',#5063);
#5063 = AXIS2_PLACEMENT_3D('',#5064,#5065,#5066);
#5064 = CARTESIAN_POINT('',(0.35,0.25,0.));
#5065 = DIRECTION('',(0.,1.,0.));
#5066 = DIRECTION('',(0.,-0.,1.));
#5067 = ADVANCED_FACE('',(#5068),#5073,.T.);
#5068 = FACE_BOUND('',#5069,.T.);
#5069 = EDGE_LOOP('',(#5070,#5071,#5072));
#5070 = ORIENTED_EDGE('',*,*,#4792,.T.);
#5071 = ORIENTED_EDGE('',*,*,#4768,.T.);
#5072 = ORIENTED_EDGE('',*,*,#4809,.T.);
#5073 = PLANE('',#5074);
#5074 = AXIS2_PLACEMENT_3D('',#5075,#5076,#5077);
#5075 = CARTESIAN_POINT('',(5.773502691896E-02,0.,7.5E-03));
#5076 = DIRECTION('',(-0.,-0.,-1.));
#5077 = DIRECTION('',(-1.,0.,0.));
#5078 = ( GEOMETRIC_REPRESENTATION_CONTEXT(3) 
GLOBAL_UNCERTAINTY_ASSIGNED_CONTEXT((#5082)) 
GLOBAL_UNIT_ASSIGNED_CONTEXT((#5079,#5080,#5081)) REPRESENTATION_CONTEXT
('Context #1','3D Context with UNIT and UNCERTAINTY') );
#5079 = ( LENGTH_UNIT() NAMED_UNIT(*) SI_UNIT(.MILLI.,.METRE.) );
#5080 = ( NAMED_UNIT(*) PLANE_ANGLE_UNIT() SI_UNIT($,.RADIAN.) );
#5081 = ( NAMED_UNIT(*) SI_UNIT($,.STERADIAN.) SOLID_ANGLE_UNIT() );
#5082 = UNCERTAINTY_MEASURE_WITH_UNIT(LENGTH_MEASURE(1.E-07),#5079,
  'distance_accuracy_value','confusion accuracy');
#5083 = CONTEXT_DEPENDENT_SHAPE_REPRESENTATION(#5084,#5086);
#5084 = ( REPRESENTATION_RELATIONSHIP('','',#3554,#10) 
REPRESENTATION_RELATIONSHIP_WITH_TRANSFORMATION(#5085) 
SHAPE_REPRESENTATION_RELATIONSHIP() );
#5085 = ITEM_DEFINED_TRANSFORMATION('','',#11,#47);
#5086 = PRODUCT_DEFINITION_SHAPE('Placement','Placement of an item',
  #5087);
#5087 = NEXT_ASSEMBLY_USAGE_OCCURRENCE('9','D3','',#5,#3549,$);
#5088 = PRODUCT_RELATED_PRODUCT_CATEGORY('part',$,(#3551));
#5089 = CONTEXT_DEPENDENT_SHAPE_REPRESENTATION(#5090,#5092);
#5090 = ( REPRESENTATION_RELATIONSHIP('','',#949,#10) 
REPRESENTATION_RELATIONSHIP_WITH_TRANSFORMATION(#5091) 
SHAPE_REPRESENTATION_RELATIONSHIP() );
#5091 = ITEM_DEFINED_TRANSFORMATION('','',#11,#51);
#5092 = PRODUCT_DEFINITION_SHAPE('Placement','Placement of an item',
  #5093);
#5093 = NEXT_ASSEMBLY_USAGE_OCCURRENCE('10','C1','',#5,#944,$);
#5094 = CONTEXT_DEPENDENT_SHAPE_REPRESENTATION(#5095,#5097);
#5095 = ( REPRESENTATION_RELATIONSHIP('','',#140,#10) 
REPRESENTATION_RELATIONSHIP_WITH_TRANSFORMATION(#5096) 
SHAPE_REPRESENTATION_RELATIONSHIP() );
#5096 = ITEM_DEFINED_TRANSFORMATION('','',#11,#55);
#5097 = PRODUCT_DEFINITION_SHAPE('Placement','Placement of an item',
  #5098);
#5098 = NEXT_ASSEMBLY_USAGE_OCCURRENCE('11','R11','',#5,#135,$);
#5099 = CONTEXT_DEPENDENT_SHAPE_REPRESENTATION(#5100,#5102);
#5100 = ( REPRESENTATION_RELATIONSHIP('','',#949,#10) 
REPRESENTATION_RELATIONSHIP_WITH_TRANSFORMATION(#5101) 
SHAPE_REPRESENTATION_RELATIONSHIP() );
#5101 = ITEM_DEFINED_TRANSFORMATION('','',#11,#59);
#5102 = PRODUCT_DEFINITION_SHAPE('Placement','Placement of an item',
  #5103);
#5103 = NEXT_ASSEMBLY_USAGE_OCCURRENCE('12','C7','',#5,#944,$);
#5104 = CONTEXT_DEPENDENT_SHAPE_REPRESENTATION(#5105,#5107);
#5105 = ( REPRESENTATION_RELATIONSHIP('','',#140,#10) 
REPRESENTATION_RELATIONSHIP_WITH_TRANSFORMATION(#5106) 
SHAPE_REPRESENTATION_RELATIONSHIP() );
#5106 = ITEM_DEFINED_TRANSFORMATION('','',#11,#63);
#5107 = PRODUCT_DEFINITION_SHAPE('Placement','Placement of an item',
  #5108);
#5108 = NEXT_ASSEMBLY_USAGE_OCCURRENCE('13','R4','',#5,#135,$);
#5109 = CONTEXT_DEPENDENT_SHAPE_REPRESENTATION(#5110,#5112);
#5110 = ( REPRESENTATION_RELATIONSHIP('','',#949,#10) 
REPRESENTATION_RELATIONSHIP_WITH_TRANSFORMATION(#5111) 
SHAPE_REPRESENTATION_RELATIONSHIP() );
#5111 = ITEM_DEFINED_TRANSFORMATION('','',#11,#67);
#5112 = PRODUCT_DEFINITION_SHAPE('Placement','Placement of an item',
  #5113);
#5113 = NEXT_ASSEMBLY_USAGE_OCCURRENCE('14','C3','',#5,#944,$);
#5114 = SHAPE_DEFINITION_REPRESENTATION(#5115,#5121);
#5115 = PRODUCT_DEFINITION_SHAPE('','',#5116);
#5116 = PRODUCT_DEFINITION('design','',#5117,#5120);
#5117 = PRODUCT_DEFINITION_FORMATION('','',#5118);
#5118 = PRODUCT('SOT-223','SOT-223','',(#5119));
#5119 = PRODUCT_CONTEXT('',#2,'mechanical');
#5120 = PRODUCT_DEFINITION_CONTEXT('part definition',#2,'design');
#5121 = ADVANCED_BREP_SHAPE_REPRESENTATION('',(#11,#5122),#7374);
#5122 = MANIFOLD_SOLID_BREP('',#5123);
#5123 = CLOSED_SHELL('',(#5124,#5210,#5241,#5264,#5294,#5325,#5356,#5387
    ,#5418,#5449,#5479,#5502,#5535,#5558,#5581,#5637,#5729,#5821,#5838,
    #5869,#5961,#6053,#6070,#6101,#6193,#6285,#6302,#6358,#6375,#6406,
    #6423,#6461,#6492,#6515,#6559,#6578,#6595,#6612,#6629,#6646,#6663,
    #6680,#6697,#6709,#6728,#6745,#6762,#6779,#6796,#6813,#6830,#6847,
    #6859,#6878,#6895,#6912,#6929,#6946,#6963,#6980,#6997,#7009,#7026,
    #7111,#7196,#7213,#7230,#7253,#7270,#7287,#7304,#7321,#7338,#7355,
    #7367));
#5124 = ADVANCED_FACE('',(#5125),#5205,.T.);
#5125 = FACE_BOUND('',#5126,.T.);
#5126 = EDGE_LOOP('',(#5127,#5137,#5144,#5152,#5160,#5168,#5176,#5184,
    #5192,#5200));
#5127 = ORIENTED_EDGE('',*,*,#5128,.T.);
#5128 = EDGE_CURVE('',#5129,#5131,#5133,.T.);
#5129 = VERTEX_POINT('',#5130);
#5130 = CARTESIAN_POINT('',(-1.656540344923,3.156540344923,0.1));
#5131 = VERTEX_POINT('',#5132);
#5132 = CARTESIAN_POINT('',(-1.656540344923,-3.156540344923,0.1));
#5133 = LINE('',#5134,#5135);
#5134 = CARTESIAN_POINT('',(-1.656540344923,3.156540344923,0.1));
#5135 = VECTOR('',#5136,1.);
#5136 = DIRECTION('',(1.110223024625E-16,-1.,0.));
#5137 = ORIENTED_EDGE('',*,*,#5138,.T.);
#5138 = EDGE_CURVE('',#5131,#5139,#5141,.T.);
#5139 = VERTEX_POINT('',#5140);
#5140 = CARTESIAN_POINT('',(-1.75,-3.25,0.765));
#5141 = B_SPLINE_CURVE_WITH_KNOTS('',1,(#5142,#5143),.UNSPECIFIED.,.F.,
  .F.,(2,2),(0.,1.),.PIECEWISE_BEZIER_KNOTS.);
#5142 = CARTESIAN_POINT('',(-1.656540344923,-3.156540344923,0.1));
#5143 = CARTESIAN_POINT('',(-1.75,-3.25,0.765));
#5144 = ORIENTED_EDGE('',*,*,#5145,.F.);
#5145 = EDGE_CURVE('',#5146,#5139,#5148,.T.);
#5146 = VERTEX_POINT('',#5147);
#5147 = CARTESIAN_POINT('',(-1.75,-2.68345,0.765));
#5148 = LINE('',#5149,#5150);
#5149 = CARTESIAN_POINT('',(-1.75,3.25,0.765));
#5150 = VECTOR('',#5151,1.);
#5151 = DIRECTION('',(1.110223024625E-16,-1.,0.));
#5152 = ORIENTED_EDGE('',*,*,#5153,.F.);
#5153 = EDGE_CURVE('',#5154,#5146,#5156,.T.);
#5154 = VERTEX_POINT('',#5155);
#5155 = CARTESIAN_POINT('',(-1.75,-1.91675,0.765));
#5156 = LINE('',#5157,#5158);
#5157 = CARTESIAN_POINT('',(-1.75,3.25,0.765));
#5158 = VECTOR('',#5159,1.);
#5159 = DIRECTION('',(1.110223024625E-16,-1.,0.));
#5160 = ORIENTED_EDGE('',*,*,#5161,.F.);
#5161 = EDGE_CURVE('',#5162,#5154,#5164,.T.);
#5162 = VERTEX_POINT('',#5163);
#5163 = CARTESIAN_POINT('',(-1.75,-0.38335,0.765));
#5164 = LINE('',#5165,#5166);
#5165 = CARTESIAN_POINT('',(-1.75,3.25,0.765));
#5166 = VECTOR('',#5167,1.);
#5167 = DIRECTION('',(1.110223024625E-16,-1.,0.));
#5168 = ORIENTED_EDGE('',*,*,#5169,.F.);
#5169 = EDGE_CURVE('',#5170,#5162,#5172,.T.);
#5170 = VERTEX_POINT('',#5171);
#5171 = CARTESIAN_POINT('',(-1.75,0.38335,0.765));
#5172 = LINE('',#5173,#5174);
#5173 = CARTESIAN_POINT('',(-1.75,3.25,0.765));
#5174 = VECTOR('',#5175,1.);
#5175 = DIRECTION('',(1.110223024625E-16,-1.,0.));
#5176 = ORIENTED_EDGE('',*,*,#5177,.F.);
#5177 = EDGE_CURVE('',#5178,#5170,#5180,.T.);
#5178 = VERTEX_POINT('',#5179);
#5179 = CARTESIAN_POINT('',(-1.75,1.91675,0.765));
#5180 = LINE('',#5181,#5182);
#5181 = CARTESIAN_POINT('',(-1.75,3.25,0.765));
#5182 = VECTOR('',#5183,1.);
#5183 = DIRECTION('',(1.110223024625E-16,-1.,0.));
#5184 = ORIENTED_EDGE('',*,*,#5185,.F.);
#5185 = EDGE_CURVE('',#5186,#5178,#5188,.T.);
#5186 = VERTEX_POINT('',#5187);
#5187 = CARTESIAN_POINT('',(-1.75,2.68345,0.765));
#5188 = LINE('',#5189,#5190);
#5189 = CARTESIAN_POINT('',(-1.75,3.25,0.765));
#5190 = VECTOR('',#5191,1.);
#5191 = DIRECTION('',(1.110223024625E-16,-1.,0.));
#5192 = ORIENTED_EDGE('',*,*,#5193,.F.);
#5193 = EDGE_CURVE('',#5194,#5186,#5196,.T.);
#5194 = VERTEX_POINT('',#5195);
#5195 = CARTESIAN_POINT('',(-1.75,3.25,0.765));
#5196 = LINE('',#5197,#5198);
#5197 = CARTESIAN_POINT('',(-1.75,3.25,0.765));
#5198 = VECTOR('',#5199,1.);
#5199 = DIRECTION('',(1.110223024625E-16,-1.,0.));
#5200 = ORIENTED_EDGE('',*,*,#5201,.F.);
#5201 = EDGE_CURVE('',#5129,#5194,#5202,.T.);
#5202 = B_SPLINE_CURVE_WITH_KNOTS('',1,(#5203,#5204),.UNSPECIFIED.,.F.,
  .F.,(2,2),(0.,1.),.PIECEWISE_BEZIER_KNOTS.);
#5203 = CARTESIAN_POINT('',(-1.656540344923,3.156540344923,0.1));
#5204 = CARTESIAN_POINT('',(-1.75,3.25,0.765));
#5205 = B_SPLINE_SURFACE_WITH_KNOTS('',1,1,(
    (#5206,#5207)
    ,(#5208,#5209
    )),.UNSPECIFIED.,.F.,.F.,.F.,(2,2),(2,2),(0.,6.5),(0.,1.),
  .PIECEWISE_BEZIER_KNOTS.);
#5206 = CARTESIAN_POINT('',(-1.656540344923,3.156540344923,0.1));
#5207 = CARTESIAN_POINT('',(-1.75,3.25,0.765));
#5208 = CARTESIAN_POINT('',(-1.656540344923,-3.156540344923,0.1));
#5209 = CARTESIAN_POINT('',(-1.75,-3.25,0.765));
#5210 = ADVANCED_FACE('',(#5211),#5236,.T.);
#5211 = FACE_BOUND('',#5212,.F.);
#5212 = EDGE_LOOP('',(#5213,#5214,#5222,#5230));
#5213 = ORIENTED_EDGE('',*,*,#5128,.T.);
#5214 = ORIENTED_EDGE('',*,*,#5215,.T.);
#5215 = EDGE_CURVE('',#5131,#5216,#5218,.T.);
#5216 = VERTEX_POINT('',#5217);
#5217 = CARTESIAN_POINT('',(1.656540344923,-3.156540344923,0.1));
#5218 = LINE('',#5219,#5220);
#5219 = CARTESIAN_POINT('',(-1.656540344923,-3.156540344923,0.1));
#5220 = VECTOR('',#5221,1.);
#5221 = DIRECTION('',(1.,1.110223024625E-16,0.));
#5222 = ORIENTED_EDGE('',*,*,#5223,.T.);
#5223 = EDGE_CURVE('',#5216,#5224,#5226,.T.);
#5224 = VERTEX_POINT('',#5225);
#5225 = CARTESIAN_POINT('',(1.656540344923,3.156540344923,0.1));
#5226 = LINE('',#5227,#5228);
#5227 = CARTESIAN_POINT('',(1.656540344923,-3.156540344923,0.1));
#5228 = VECTOR('',#5229,1.);
#5229 = DIRECTION('',(-1.110223024625E-16,1.,0.));
#5230 = ORIENTED_EDGE('',*,*,#5231,.T.);
#5231 = EDGE_CURVE('',#5224,#5129,#5232,.T.);
#5232 = LINE('',#5233,#5234);
#5233 = CARTESIAN_POINT('',(1.656540344923,3.156540344923,0.1));
#5234 = VECTOR('',#5235,1.);
#5235 = DIRECTION('',(-1.,-1.110223024625E-16,0.));
#5236 = PLANE('',#5237);
#5237 = AXIS2_PLACEMENT_3D('',#5238,#5239,#5240);
#5238 = CARTESIAN_POINT('',(-1.656540344923,3.156540344923,0.1));
#5239 = DIRECTION('',(0.,0.,-1.));
#5240 = DIRECTION('',(0.464692418444,-0.885472165706,0.));
#5241 = ADVANCED_FACE('',(#5242),#5259,.T.);
#5242 = FACE_BOUND('',#5243,.T.);
#5243 = EDGE_LOOP('',(#5244,#5245,#5252,#5258));
#5244 = ORIENTED_EDGE('',*,*,#5215,.T.);
#5245 = ORIENTED_EDGE('',*,*,#5246,.T.);
#5246 = EDGE_CURVE('',#5216,#5247,#5249,.T.);
#5247 = VERTEX_POINT('',#5248);
#5248 = CARTESIAN_POINT('',(1.75,-3.25,0.765));
#5249 = B_SPLINE_CURVE_WITH_KNOTS('',1,(#5250,#5251),.UNSPECIFIED.,.F.,
  .F.,(2,2),(0.,1.),.PIECEWISE_BEZIER_KNOTS.);
#5250 = CARTESIAN_POINT('',(1.656540344923,-3.156540344923,0.1));
#5251 = CARTESIAN_POINT('',(1.75,-3.25,0.765));
#5252 = ORIENTED_EDGE('',*,*,#5253,.F.);
#5253 = EDGE_CURVE('',#5139,#5247,#5254,.T.);
#5254 = LINE('',#5255,#5256);
#5255 = CARTESIAN_POINT('',(-1.75,-3.25,0.765));
#5256 = VECTOR('',#5257,1.);
#5257 = DIRECTION('',(1.,1.110223024625E-16,0.));
#5258 = ORIENTED_EDGE('',*,*,#5138,.F.);
#5259 = B_SPLINE_SURFACE_WITH_KNOTS('',1,1,(
    (#5260,#5261)
    ,(#5262,#5263
    )),.UNSPECIFIED.,.F.,.F.,.F.,(2,2),(2,2),(0.,3.5),(0.,1.),
  .PIECEWISE_BEZIER_KNOTS.);
#5260 = CARTESIAN_POINT('',(-1.656540344923,-3.156540344923,0.1));
#5261 = CARTESIAN_POINT('',(-1.75,-3.25,0.765));
#5262 = CARTESIAN_POINT('',(1.656540344923,-3.156540344923,0.1));
#5263 = CARTESIAN_POINT('',(1.75,-3.25,0.765));
#5264 = ADVANCED_FACE('',(#5265),#5289,.T.);
#5265 = FACE_BOUND('',#5266,.T.);
#5266 = EDGE_LOOP('',(#5267,#5274,#5275,#5283));
#5267 = ORIENTED_EDGE('',*,*,#5268,.F.);
#5268 = EDGE_CURVE('',#5194,#5269,#5271,.T.);
#5269 = VERTEX_POINT('',#5270);
#5270 = CARTESIAN_POINT('',(-1.75,3.25,1.035));
#5271 = B_SPLINE_CURVE_WITH_KNOTS('',1,(#5272,#5273),.UNSPECIFIED.,.F.,
  .F.,(2,2),(0.,1.),.PIECEWISE_BEZIER_KNOTS.);
#5272 = CARTESIAN_POINT('',(-1.75,3.25,0.765));
#5273 = CARTESIAN_POINT('',(-1.75,3.25,1.035));
#5274 = ORIENTED_EDGE('',*,*,#5193,.T.);
#5275 = ORIENTED_EDGE('',*,*,#5276,.F.);
#5276 = EDGE_CURVE('',#5277,#5186,#5279,.T.);
#5277 = VERTEX_POINT('',#5278);
#5278 = CARTESIAN_POINT('',(-1.75,2.68345,1.035));
#5279 = LINE('',#5280,#5281);
#5280 = CARTESIAN_POINT('',(-1.75,2.68345,0.773709888363));
#5281 = VECTOR('',#5282,1.);
#5282 = DIRECTION('',(0.,0.,-1.));
#5283 = ORIENTED_EDGE('',*,*,#5284,.F.);
#5284 = EDGE_CURVE('',#5269,#5277,#5285,.T.);
#5285 = LINE('',#5286,#5287);
#5286 = CARTESIAN_POINT('',(-1.75,3.25,1.035));
#5287 = VECTOR('',#5288,1.);
#5288 = DIRECTION('',(1.110223024625E-16,-1.,0.));
#5289 = PLANE('',#5290);
#5290 = AXIS2_PLACEMENT_3D('',#5291,#5292,#5293);
#5291 = CARTESIAN_POINT('',(-1.75,3.25,1.035));
#5292 = DIRECTION('',(-1.,-1.110223024625E-16,0.));
#5293 = DIRECTION('',(1.110223024625E-16,-1.,0.));
#5294 = ADVANCED_FACE('',(#5295),#5320,.F.);
#5295 = FACE_BOUND('',#5296,.F.);
#5296 = EDGE_LOOP('',(#5297,#5305,#5306,#5314));
#5297 = ORIENTED_EDGE('',*,*,#5298,.F.);
#5298 = EDGE_CURVE('',#5178,#5299,#5301,.T.);
#5299 = VERTEX_POINT('',#5300);
#5300 = CARTESIAN_POINT('',(-2.25,1.91675,0.765));
#5301 = LINE('',#5302,#5303);
#5302 = CARTESIAN_POINT('',(-1.72,1.91675,0.765));
#5303 = VECTOR('',#5304,1.);
#5304 = DIRECTION('',(-1.,1.144237745222E-17,0.));
#5305 = ORIENTED_EDGE('',*,*,#5185,.F.);
#5306 = ORIENTED_EDGE('',*,*,#5307,.T.);
#5307 = EDGE_CURVE('',#5186,#5308,#5310,.T.);
#5308 = VERTEX_POINT('',#5309);
#5309 = CARTESIAN_POINT('',(-2.25,2.68345,0.765));
#5310 = LINE('',#5311,#5312);
#5311 = CARTESIAN_POINT('',(-1.72,2.68345,0.765));
#5312 = VECTOR('',#5313,1.);
#5313 = DIRECTION('',(-1.,1.144237745222E-17,0.));
#5314 = ORIENTED_EDGE('',*,*,#5315,.F.);
#5315 = EDGE_CURVE('',#5299,#5308,#5316,.T.);
#5316 = LINE('',#5317,#5318);
#5317 = CARTESIAN_POINT('',(-2.25,1.91675,0.765));
#5318 = VECTOR('',#5319,1.);
#5319 = DIRECTION('',(1.144237745222E-17,1.,0.));
#5320 = PLANE('',#5321);
#5321 = AXIS2_PLACEMENT_3D('',#5322,#5323,#5324);
#5322 = CARTESIAN_POINT('',(-1.72,1.91675,0.765));
#5323 = DIRECTION('',(0.,0.,1.));
#5324 = DIRECTION('',(-1.,1.144237745222E-17,0.));
#5325 = ADVANCED_FACE('',(#5326),#5351,.T.);
#5326 = FACE_BOUND('',#5327,.T.);
#5327 = EDGE_LOOP('',(#5328,#5336,#5337,#5345));
#5328 = ORIENTED_EDGE('',*,*,#5329,.T.);
#5329 = EDGE_CURVE('',#5330,#5178,#5332,.T.);
#5330 = VERTEX_POINT('',#5331);
#5331 = CARTESIAN_POINT('',(-1.75,1.91675,1.035));
#5332 = LINE('',#5333,#5334);
#5333 = CARTESIAN_POINT('',(-1.75,1.91675,0.773709888363));
#5334 = VECTOR('',#5335,1.);
#5335 = DIRECTION('',(0.,0.,-1.));
#5336 = ORIENTED_EDGE('',*,*,#5177,.T.);
#5337 = ORIENTED_EDGE('',*,*,#5338,.F.);
#5338 = EDGE_CURVE('',#5339,#5170,#5341,.T.);
#5339 = VERTEX_POINT('',#5340);
#5340 = CARTESIAN_POINT('',(-1.75,0.38335,1.035));
#5341 = LINE('',#5342,#5343);
#5342 = CARTESIAN_POINT('',(-1.75,0.38335,0.773709888363));
#5343 = VECTOR('',#5344,1.);
#5344 = DIRECTION('',(0.,0.,-1.));
#5345 = ORIENTED_EDGE('',*,*,#5346,.F.);
#5346 = EDGE_CURVE('',#5330,#5339,#5347,.T.);
#5347 = LINE('',#5348,#5349);
#5348 = CARTESIAN_POINT('',(-1.75,3.25,1.035));
#5349 = VECTOR('',#5350,1.);
#5350 = DIRECTION('',(1.110223024625E-16,-1.,0.));
#5351 = PLANE('',#5352);
#5352 = AXIS2_PLACEMENT_3D('',#5353,#5354,#5355);
#5353 = CARTESIAN_POINT('',(-1.75,3.25,1.035));
#5354 = DIRECTION('',(-1.,-1.110223024625E-16,0.));
#5355 = DIRECTION('',(1.110223024625E-16,-1.,0.));
#5356 = ADVANCED_FACE('',(#5357),#5382,.F.);
#5357 = FACE_BOUND('',#5358,.F.);
#5358 = EDGE_LOOP('',(#5359,#5367,#5368,#5376));
#5359 = ORIENTED_EDGE('',*,*,#5360,.F.);
#5360 = EDGE_CURVE('',#5162,#5361,#5363,.T.);
#5361 = VERTEX_POINT('',#5362);
#5362 = CARTESIAN_POINT('',(-2.25,-0.38335,0.765));
#5363 = LINE('',#5364,#5365);
#5364 = CARTESIAN_POINT('',(-1.72,-0.38335,0.765));
#5365 = VECTOR('',#5366,1.);
#5366 = DIRECTION('',(-1.,1.144237745222E-17,0.));
#5367 = ORIENTED_EDGE('',*,*,#5169,.F.);
#5368 = ORIENTED_EDGE('',*,*,#5369,.T.);
#5369 = EDGE_CURVE('',#5170,#5370,#5372,.T.);
#5370 = VERTEX_POINT('',#5371);
#5371 = CARTESIAN_POINT('',(-2.25,0.38335,0.765));
#5372 = LINE('',#5373,#5374);
#5373 = CARTESIAN_POINT('',(-1.72,0.38335,0.765));
#5374 = VECTOR('',#5375,1.);
#5375 = DIRECTION('',(-1.,1.144237745222E-17,0.));
#5376 = ORIENTED_EDGE('',*,*,#5377,.F.);
#5377 = EDGE_CURVE('',#5361,#5370,#5378,.T.);
#5378 = LINE('',#5379,#5380);
#5379 = CARTESIAN_POINT('',(-2.25,-0.38335,0.765));
#5380 = VECTOR('',#5381,1.);
#5381 = DIRECTION('',(1.144237745222E-17,1.,0.));
#5382 = PLANE('',#5383);
#5383 = AXIS2_PLACEMENT_3D('',#5384,#5385,#5386);
#5384 = CARTESIAN_POINT('',(-1.72,-0.38335,0.765));
#5385 = DIRECTION('',(0.,0.,1.));
#5386 = DIRECTION('',(-1.,1.144237745222E-17,0.));
#5387 = ADVANCED_FACE('',(#5388),#5413,.T.);
#5388 = FACE_BOUND('',#5389,.T.);
#5389 = EDGE_LOOP('',(#5390,#5398,#5399,#5407));
#5390 = ORIENTED_EDGE('',*,*,#5391,.T.);
#5391 = EDGE_CURVE('',#5392,#5162,#5394,.T.);
#5392 = VERTEX_POINT('',#5393);
#5393 = CARTESIAN_POINT('',(-1.75,-0.38335,1.035));
#5394 = LINE('',#5395,#5396);
#5395 = CARTESIAN_POINT('',(-1.75,-0.38335,0.773709888363));
#5396 = VECTOR('',#5397,1.);
#5397 = DIRECTION('',(0.,0.,-1.));
#5398 = ORIENTED_EDGE('',*,*,#5161,.T.);
#5399 = ORIENTED_EDGE('',*,*,#5400,.F.);
#5400 = EDGE_CURVE('',#5401,#5154,#5403,.T.);
#5401 = VERTEX_POINT('',#5402);
#5402 = CARTESIAN_POINT('',(-1.75,-1.91675,1.035));
#5403 = LINE('',#5404,#5405);
#5404 = CARTESIAN_POINT('',(-1.75,-1.91675,0.773709888363));
#5405 = VECTOR('',#5406,1.);
#5406 = DIRECTION('',(0.,0.,-1.));
#5407 = ORIENTED_EDGE('',*,*,#5408,.F.);
#5408 = EDGE_CURVE('',#5392,#5401,#5409,.T.);
#5409 = LINE('',#5410,#5411);
#5410 = CARTESIAN_POINT('',(-1.75,3.25,1.035));
#5411 = VECTOR('',#5412,1.);
#5412 = DIRECTION('',(1.110223024625E-16,-1.,0.));
#5413 = PLANE('',#5414);
#5414 = AXIS2_PLACEMENT_3D('',#5415,#5416,#5417);
#5415 = CARTESIAN_POINT('',(-1.75,3.25,1.035));
#5416 = DIRECTION('',(-1.,-1.110223024625E-16,0.));
#5417 = DIRECTION('',(1.110223024625E-16,-1.,0.));
#5418 = ADVANCED_FACE('',(#5419),#5444,.F.);
#5419 = FACE_BOUND('',#5420,.F.);
#5420 = EDGE_LOOP('',(#5421,#5429,#5430,#5438));
#5421 = ORIENTED_EDGE('',*,*,#5422,.F.);
#5422 = EDGE_CURVE('',#5146,#5423,#5425,.T.);
#5423 = VERTEX_POINT('',#5424);
#5424 = CARTESIAN_POINT('',(-2.25,-2.68345,0.765));
#5425 = LINE('',#5426,#5427);
#5426 = CARTESIAN_POINT('',(-1.72,-2.68345,0.765));
#5427 = VECTOR('',#5428,1.);
#5428 = DIRECTION('',(-1.,1.144237745222E-17,0.));
#5429 = ORIENTED_EDGE('',*,*,#5153,.F.);
#5430 = ORIENTED_EDGE('',*,*,#5431,.T.);
#5431 = EDGE_CURVE('',#5154,#5432,#5434,.T.);
#5432 = VERTEX_POINT('',#5433);
#5433 = CARTESIAN_POINT('',(-2.25,-1.91675,0.765));
#5434 = LINE('',#5435,#5436);
#5435 = CARTESIAN_POINT('',(-1.72,-1.91675,0.765));
#5436 = VECTOR('',#5437,1.);
#5437 = DIRECTION('',(-1.,1.144237745222E-17,0.));
#5438 = ORIENTED_EDGE('',*,*,#5439,.F.);
#5439 = EDGE_CURVE('',#5423,#5432,#5440,.T.);
#5440 = LINE('',#5441,#5442);
#5441 = CARTESIAN_POINT('',(-2.25,-2.68345,0.765));
#5442 = VECTOR('',#5443,1.);
#5443 = DIRECTION('',(1.144237745222E-17,1.,0.));
#5444 = PLANE('',#5445);
#5445 = AXIS2_PLACEMENT_3D('',#5446,#5447,#5448);
#5446 = CARTESIAN_POINT('',(-1.72,-2.68345,0.765));
#5447 = DIRECTION('',(0.,0.,1.));
#5448 = DIRECTION('',(-1.,1.144237745222E-17,0.));
#5449 = ADVANCED_FACE('',(#5450),#5474,.T.);
#5450 = FACE_BOUND('',#5451,.T.);
#5451 = EDGE_LOOP('',(#5452,#5460,#5461,#5468));
#5452 = ORIENTED_EDGE('',*,*,#5453,.T.);
#5453 = EDGE_CURVE('',#5454,#5146,#5456,.T.);
#5454 = VERTEX_POINT('',#5455);
#5455 = CARTESIAN_POINT('',(-1.75,-2.68345,1.035));
#5456 = LINE('',#5457,#5458);
#5457 = CARTESIAN_POINT('',(-1.75,-2.68345,0.773709888363));
#5458 = VECTOR('',#5459,1.);
#5459 = DIRECTION('',(0.,0.,-1.));
#5460 = ORIENTED_EDGE('',*,*,#5145,.T.);
#5461 = ORIENTED_EDGE('',*,*,#5462,.T.);
#5462 = EDGE_CURVE('',#5139,#5463,#5465,.T.);
#5463 = VERTEX_POINT('',#5464);
#5464 = CARTESIAN_POINT('',(-1.75,-3.25,1.035));
#5465 = B_SPLINE_CURVE_WITH_KNOTS('',1,(#5466,#5467),.UNSPECIFIED.,.F.,
  .F.,(2,2),(0.,1.),.PIECEWISE_BEZIER_KNOTS.);
#5466 = CARTESIAN_POINT('',(-1.75,-3.25,0.765));
#5467 = CARTESIAN_POINT('',(-1.75,-3.25,1.035));
#5468 = ORIENTED_EDGE('',*,*,#5469,.F.);
#5469 = EDGE_CURVE('',#5454,#5463,#5470,.T.);
#5470 = LINE('',#5471,#5472);
#5471 = CARTESIAN_POINT('',(-1.75,3.25,1.035));
#5472 = VECTOR('',#5473,1.);
#5473 = DIRECTION('',(1.110223024625E-16,-1.,0.));
#5474 = PLANE('',#5475);
#5475 = AXIS2_PLACEMENT_3D('',#5476,#5477,#5478);
#5476 = CARTESIAN_POINT('',(-1.75,3.25,1.035));
#5477 = DIRECTION('',(-1.,-1.110223024625E-16,0.));
#5478 = DIRECTION('',(1.110223024625E-16,-1.,0.));
#5479 = ADVANCED_FACE('',(#5480),#5497,.T.);
#5480 = FACE_BOUND('',#5481,.T.);
#5481 = EDGE_LOOP('',(#5482,#5483,#5484,#5492));
#5482 = ORIENTED_EDGE('',*,*,#5231,.T.);
#5483 = ORIENTED_EDGE('',*,*,#5201,.T.);
#5484 = ORIENTED_EDGE('',*,*,#5485,.F.);
#5485 = EDGE_CURVE('',#5486,#5194,#5488,.T.);
#5486 = VERTEX_POINT('',#5487);
#5487 = CARTESIAN_POINT('',(1.75,3.25,0.765));
#5488 = LINE('',#5489,#5490);
#5489 = CARTESIAN_POINT('',(1.75,3.25,0.765));
#5490 = VECTOR('',#5491,1.);
#5491 = DIRECTION('',(-1.,-1.110223024625E-16,0.));
#5492 = ORIENTED_EDGE('',*,*,#5493,.F.);
#5493 = EDGE_CURVE('',#5224,#5486,#5494,.T.);
#5494 = B_SPLINE_CURVE_WITH_KNOTS('',1,(#5495,#5496),.UNSPECIFIED.,.F.,
  .F.,(2,2),(0.,1.),.PIECEWISE_BEZIER_KNOTS.);
#5495 = CARTESIAN_POINT('',(1.656540344923,3.156540344923,0.1));
#5496 = CARTESIAN_POINT('',(1.75,3.25,0.765));
#5497 = B_SPLINE_SURFACE_WITH_KNOTS('',1,1,(
    (#5498,#5499)
    ,(#5500,#5501
    )),.UNSPECIFIED.,.F.,.F.,.F.,(2,2),(2,2),(0.,3.5),(0.,1.),
  .PIECEWISE_BEZIER_KNOTS.);
#5498 = CARTESIAN_POINT('',(1.656540344923,3.156540344923,0.1));
#5499 = CARTESIAN_POINT('',(1.75,3.25,0.765));
#5500 = CARTESIAN_POINT('',(-1.656540344923,3.156540344923,0.1));
#5501 = CARTESIAN_POINT('',(-1.75,3.25,0.765));
#5502 = ADVANCED_FACE('',(#5503),#5530,.T.);
#5503 = FACE_BOUND('',#5504,.T.);
#5504 = EDGE_LOOP('',(#5505,#5506,#5507,#5515,#5523,#5529));
#5505 = ORIENTED_EDGE('',*,*,#5223,.T.);
#5506 = ORIENTED_EDGE('',*,*,#5493,.T.);
#5507 = ORIENTED_EDGE('',*,*,#5508,.F.);
#5508 = EDGE_CURVE('',#5509,#5486,#5511,.T.);
#5509 = VERTEX_POINT('',#5510);
#5510 = CARTESIAN_POINT('',(1.75,1.15005,0.765));
#5511 = LINE('',#5512,#5513);
#5512 = CARTESIAN_POINT('',(1.75,-3.25,0.765));
#5513 = VECTOR('',#5514,1.);
#5514 = DIRECTION('',(-1.110223024625E-16,1.,0.));
#5515 = ORIENTED_EDGE('',*,*,#5516,.F.);
#5516 = EDGE_CURVE('',#5517,#5509,#5519,.T.);
#5517 = VERTEX_POINT('',#5518);
#5518 = CARTESIAN_POINT('',(1.75,-1.15005,0.765));
#5519 = LINE('',#5520,#5521);
#5520 = CARTESIAN_POINT('',(1.75,-3.25,0.765));
#5521 = VECTOR('',#5522,1.);
#5522 = DIRECTION('',(-1.110223024625E-16,1.,0.));
#5523 = ORIENTED_EDGE('',*,*,#5524,.F.);
#5524 = EDGE_CURVE('',#5247,#5517,#5525,.T.);
#5525 = LINE('',#5526,#5527);
#5526 = CARTESIAN_POINT('',(1.75,-3.25,0.765));
#5527 = VECTOR('',#5528,1.);
#5528 = DIRECTION('',(-1.110223024625E-16,1.,0.));
#5529 = ORIENTED_EDGE('',*,*,#5246,.F.);
#5530 = B_SPLINE_SURFACE_WITH_KNOTS('',1,1,(
    (#5531,#5532)
    ,(#5533,#5534
    )),.UNSPECIFIED.,.F.,.F.,.F.,(2,2),(2,2),(0.,6.5),(0.,1.),
  .PIECEWISE_BEZIER_KNOTS.);
#5531 = CARTESIAN_POINT('',(1.656540344923,-3.156540344923,0.1));
#5532 = CARTESIAN_POINT('',(1.75,-3.25,0.765));
#5533 = CARTESIAN_POINT('',(1.656540344923,3.156540344923,0.1));
#5534 = CARTESIAN_POINT('',(1.75,3.25,0.765));
#5535 = ADVANCED_FACE('',(#5536),#5553,.T.);
#5536 = FACE_BOUND('',#5537,.T.);
#5537 = EDGE_LOOP('',(#5538,#5539,#5546,#5552));
#5538 = ORIENTED_EDGE('',*,*,#5253,.T.);
#5539 = ORIENTED_EDGE('',*,*,#5540,.T.);
#5540 = EDGE_CURVE('',#5247,#5541,#5543,.T.);
#5541 = VERTEX_POINT('',#5542);
#5542 = CARTESIAN_POINT('',(1.75,-3.25,1.035));
#5543 = B_SPLINE_CURVE_WITH_KNOTS('',1,(#5544,#5545),.UNSPECIFIED.,.F.,
  .F.,(2,2),(0.,1.),.PIECEWISE_BEZIER_KNOTS.);
#5544 = CARTESIAN_POINT('',(1.75,-3.25,0.765));
#5545 = CARTESIAN_POINT('',(1.75,-3.25,1.035));
#5546 = ORIENTED_EDGE('',*,*,#5547,.F.);
#5547 = EDGE_CURVE('',#5463,#5541,#5548,.T.);
#5548 = LINE('',#5549,#5550);
#5549 = CARTESIAN_POINT('',(-1.75,-3.25,1.035));
#5550 = VECTOR('',#5551,1.);
#5551 = DIRECTION('',(1.,1.110223024625E-16,0.));
#5552 = ORIENTED_EDGE('',*,*,#5462,.F.);
#5553 = PLANE('',#5554);
#5554 = AXIS2_PLACEMENT_3D('',#5555,#5556,#5557);
#5555 = CARTESIAN_POINT('',(-1.75,-3.25,1.035));
#5556 = DIRECTION('',(1.110223024625E-16,-1.,0.));
#5557 = DIRECTION('',(1.,1.110223024625E-16,0.));
#5558 = ADVANCED_FACE('',(#5559),#5576,.T.);
#5559 = FACE_BOUND('',#5560,.T.);
#5560 = EDGE_LOOP('',(#5561,#5562,#5563,#5571));
#5561 = ORIENTED_EDGE('',*,*,#5485,.T.);
#5562 = ORIENTED_EDGE('',*,*,#5268,.T.);
#5563 = ORIENTED_EDGE('',*,*,#5564,.F.);
#5564 = EDGE_CURVE('',#5565,#5269,#5567,.T.);
#5565 = VERTEX_POINT('',#5566);
#5566 = CARTESIAN_POINT('',(1.75,3.25,1.035));
#5567 = LINE('',#5568,#5569);
#5568 = CARTESIAN_POINT('',(1.75,3.25,1.035));
#5569 = VECTOR('',#5570,1.);
#5570 = DIRECTION('',(-1.,-1.110223024625E-16,0.));
#5571 = ORIENTED_EDGE('',*,*,#5572,.F.);
#5572 = EDGE_CURVE('',#5486,#5565,#5573,.T.);
#5573 = B_SPLINE_CURVE_WITH_KNOTS('',1,(#5574,#5575),.UNSPECIFIED.,.F.,
  .F.,(2,2),(0.,1.),.PIECEWISE_BEZIER_KNOTS.);
#5574 = CARTESIAN_POINT('',(1.75,3.25,0.765));
#5575 = CARTESIAN_POINT('',(1.75,3.25,1.035));
#5576 = PLANE('',#5577);
#5577 = AXIS2_PLACEMENT_3D('',#5578,#5579,#5580);
#5578 = CARTESIAN_POINT('',(1.75,3.25,1.035));
#5579 = DIRECTION('',(-1.110223024625E-16,1.,0.));
#5580 = DIRECTION('',(-1.,-1.110223024625E-16,0.));
#5581 = ADVANCED_FACE('',(#5582),#5632,.T.);
#5582 = FACE_BOUND('',#5583,.T.);
#5583 = EDGE_LOOP('',(#5584,#5585,#5586,#5594,#5602,#5610,#5618,#5626));
#5584 = ORIENTED_EDGE('',*,*,#5564,.T.);
#5585 = ORIENTED_EDGE('',*,*,#5284,.T.);
#5586 = ORIENTED_EDGE('',*,*,#5587,.T.);
#5587 = EDGE_CURVE('',#5277,#5588,#5590,.T.);
#5588 = VERTEX_POINT('',#5589);
#5589 = CARTESIAN_POINT('',(-1.735,2.68345,1.035));
#5590 = LINE('',#5591,#5592);
#5591 = CARTESIAN_POINT('',(-2.25,2.68345,1.035));
#5592 = VECTOR('',#5593,1.);
#5593 = DIRECTION('',(1.,-1.144237745222E-17,0.));
#5594 = ORIENTED_EDGE('',*,*,#5595,.F.);
#5595 = EDGE_CURVE('',#5596,#5588,#5598,.T.);
#5596 = VERTEX_POINT('',#5597);
#5597 = CARTESIAN_POINT('',(-1.735,3.235,1.035));
#5598 = LINE('',#5599,#5600);
#5599 = CARTESIAN_POINT('',(-1.735,3.235,1.035));
#5600 = VECTOR('',#5601,1.);
#5601 = DIRECTION('',(1.110223024625E-16,-1.,0.));
#5602 = ORIENTED_EDGE('',*,*,#5603,.F.);
#5603 = EDGE_CURVE('',#5604,#5596,#5606,.T.);
#5604 = VERTEX_POINT('',#5605);
#5605 = CARTESIAN_POINT('',(1.735,3.235,1.035));
#5606 = LINE('',#5607,#5608);
#5607 = CARTESIAN_POINT('',(1.735,3.235,1.035));
#5608 = VECTOR('',#5609,1.);
#5609 = DIRECTION('',(-1.,-1.110223024625E-16,0.));
#5610 = ORIENTED_EDGE('',*,*,#5611,.F.);
#5611 = EDGE_CURVE('',#5612,#5604,#5614,.T.);
#5612 = VERTEX_POINT('',#5613);
#5613 = CARTESIAN_POINT('',(1.735,1.15005,1.035));
#5614 = LINE('',#5615,#5616);
#5615 = CARTESIAN_POINT('',(1.735,-3.235,1.035));
#5616 = VECTOR('',#5617,1.);
#5617 = DIRECTION('',(-1.110223024625E-16,1.,0.));
#5618 = ORIENTED_EDGE('',*,*,#5619,.F.);
#5619 = EDGE_CURVE('',#5620,#5612,#5622,.T.);
#5620 = VERTEX_POINT('',#5621);
#5621 = CARTESIAN_POINT('',(1.75,1.15005,1.035));
#5622 = LINE('',#5623,#5624);
#5623 = CARTESIAN_POINT('',(2.25,1.15005,1.035));
#5624 = VECTOR('',#5625,1.);
#5625 = DIRECTION('',(-1.,-1.110223024625E-16,0.));
#5626 = ORIENTED_EDGE('',*,*,#5627,.T.);
#5627 = EDGE_CURVE('',#5620,#5565,#5628,.T.);
#5628 = LINE('',#5629,#5630);
#5629 = CARTESIAN_POINT('',(1.75,-3.25,1.035));
#5630 = VECTOR('',#5631,1.);
#5631 = DIRECTION('',(-1.110223024625E-16,1.,0.));
#5632 = PLANE('',#5633);
#5633 = AXIS2_PLACEMENT_3D('',#5634,#5635,#5636);
#5634 = CARTESIAN_POINT('',(-1.7425,-3.732941412364E-16,1.035));
#5635 = DIRECTION('',(-2.496972947931E-25,-3.410490578954E-32,1.));
#5636 = DIRECTION('',(1.025679957475E-16,-1.,-3.410490576393E-32));
#5637 = ADVANCED_FACE('',(#5638),#5724,.T.);
#5638 = FACE_BOUND('',#5639,.T.);
#5639 = EDGE_LOOP('',(#5640,#5641,#5642,#5651,#5659,#5668,#5676,#5684,
    #5692,#5701,#5709,#5718));
#5640 = ORIENTED_EDGE('',*,*,#5276,.T.);
#5641 = ORIENTED_EDGE('',*,*,#5307,.T.);
#5642 = ORIENTED_EDGE('',*,*,#5643,.T.);
#5643 = EDGE_CURVE('',#5308,#5644,#5646,.T.);
#5644 = VERTEX_POINT('',#5645);
#5645 = CARTESIAN_POINT('',(-2.446961550602,2.68345,0.599729635533));
#5646 = CIRCLE('',#5647,0.2);
#5647 = AXIS2_PLACEMENT_3D('',#5648,#5649,#5650);
#5648 = CARTESIAN_POINT('',(-2.25,2.68345,0.565));
#5649 = DIRECTION('',(-1.144237745222E-17,-1.,0.));
#5650 = DIRECTION('',(0.,0.,1.));
#5651 = ORIENTED_EDGE('',*,*,#5652,.T.);
#5652 = EDGE_CURVE('',#5644,#5653,#5655,.T.);
#5653 = VERTEX_POINT('',#5654);
#5654 = CARTESIAN_POINT('',(-2.473891419252,2.68345,0.388385356497));
#5655 = LINE('',#5656,#5657);
#5656 = CARTESIAN_POINT('',(-2.446961550602,2.68345,0.599729635533));
#5657 = VECTOR('',#5658,1.);
#5658 = DIRECTION('',(-0.126399799104,1.446314211233E-18,-0.991979380222
    ));
#5659 = ORIENTED_EDGE('',*,*,#5660,.T.);
#5660 = EDGE_CURVE('',#5653,#5661,#5663,.T.);
#5661 = VERTEX_POINT('',#5662);
#5662 = CARTESIAN_POINT('',(-2.936751063167,2.68345,-1.665334536938E-16)
  );
#5663 = CIRCLE('',#5664,0.47);
#5664 = AXIS2_PLACEMENT_3D('',#5665,#5666,#5667);
#5665 = CARTESIAN_POINT('',(-2.936751063167,2.68345,0.47));
#5666 = DIRECTION('',(1.144237745222E-17,1.,-1.155557966632E-33));
#5667 = DIRECTION('',(0.984807753012,-1.126854202784E-17,-0.173648177667
    ));
#5668 = ORIENTED_EDGE('',*,*,#5669,.T.);
#5669 = EDGE_CURVE('',#5661,#5670,#5672,.T.);
#5670 = VERTEX_POINT('',#5671);
#5671 = CARTESIAN_POINT('',(-3.5,2.68345,-1.665334536938E-16));
#5672 = LINE('',#5673,#5674);
#5673 = CARTESIAN_POINT('',(-2.936751063167,2.68345,-1.665334536938E-16)
  );
#5674 = VECTOR('',#5675,1.);
#5675 = DIRECTION('',(-1.,1.144237745222E-17,0.));
#5676 = ORIENTED_EDGE('',*,*,#5677,.T.);
#5677 = EDGE_CURVE('',#5670,#5678,#5680,.T.);
#5678 = VERTEX_POINT('',#5679);
#5679 = CARTESIAN_POINT('',(-3.5,2.68345,0.27));
#5680 = LINE('',#5681,#5682);
#5681 = CARTESIAN_POINT('',(-3.5,2.68345,-1.665334536938E-16));
#5682 = VECTOR('',#5683,1.);
#5683 = DIRECTION('',(0.,0.,1.));
#5684 = ORIENTED_EDGE('',*,*,#5685,.T.);
#5685 = EDGE_CURVE('',#5678,#5686,#5688,.T.);
#5686 = VERTEX_POINT('',#5687);
#5687 = CARTESIAN_POINT('',(-2.936751063167,2.68345,0.27));
#5688 = LINE('',#5689,#5690);
#5689 = CARTESIAN_POINT('',(-3.5,2.68345,0.27));
#5690 = VECTOR('',#5691,1.);
#5691 = DIRECTION('',(1.,-1.144237745222E-17,0.));
#5692 = ORIENTED_EDGE('',*,*,#5693,.T.);
#5693 = EDGE_CURVE('',#5686,#5694,#5696,.T.);
#5694 = VERTEX_POINT('',#5695);
#5695 = CARTESIAN_POINT('',(-2.739789512565,2.68345,0.435270364467));
#5696 = CIRCLE('',#5697,0.2);
#5697 = AXIS2_PLACEMENT_3D('',#5698,#5699,#5700);
#5698 = CARTESIAN_POINT('',(-2.936751063167,2.68345,0.47));
#5699 = DIRECTION('',(-1.144237745222E-17,-1.,0.));
#5700 = DIRECTION('',(-2.22044604925E-15,2.540718180781E-32,-1.));
#5701 = ORIENTED_EDGE('',*,*,#5702,.T.);
#5702 = EDGE_CURVE('',#5694,#5703,#5705,.T.);
#5703 = VERTEX_POINT('',#5704);
#5704 = CARTESIAN_POINT('',(-2.712859643916,2.68345,0.646614643503));
#5705 = LINE('',#5706,#5707);
#5706 = CARTESIAN_POINT('',(-2.739789512565,2.68345,0.435270364467));
#5707 = VECTOR('',#5708,1.);
#5708 = DIRECTION('',(0.126399799104,-1.446314211233E-18,0.991979380222)
  );
#5709 = ORIENTED_EDGE('',*,*,#5710,.T.);
#5710 = EDGE_CURVE('',#5703,#5711,#5713,.T.);
#5711 = VERTEX_POINT('',#5712);
#5712 = CARTESIAN_POINT('',(-2.25,2.68345,1.035));
#5713 = CIRCLE('',#5714,0.47);
#5714 = AXIS2_PLACEMENT_3D('',#5715,#5716,#5717);
#5715 = CARTESIAN_POINT('',(-2.25,2.68345,0.565));
#5716 = DIRECTION('',(1.144237745222E-17,1.,-2.311115933265E-33));
#5717 = DIRECTION('',(-0.984807753012,1.126854202784E-17,0.173648177667)
  );
#5718 = ORIENTED_EDGE('',*,*,#5719,.T.);
#5719 = EDGE_CURVE('',#5711,#5277,#5720,.T.);
#5720 = LINE('',#5721,#5722);
#5721 = CARTESIAN_POINT('',(-2.25,2.68345,1.035));
#5722 = VECTOR('',#5723,1.);
#5723 = DIRECTION('',(1.,-1.144237745222E-17,0.));
#5724 = PLANE('',#5725);
#5725 = AXIS2_PLACEMENT_3D('',#5726,#5727,#5728);
#5726 = CARTESIAN_POINT('',(-2.606989201797,2.68345,0.512419776725));
#5727 = DIRECTION('',(1.144237745222E-17,1.,0.));
#5728 = DIRECTION('',(0.,-0.,1.));
#5729 = ADVANCED_FACE('',(#5730),#5816,.F.);
#5730 = FACE_BOUND('',#5731,.F.);
#5731 = EDGE_LOOP('',(#5732,#5733,#5734,#5743,#5751,#5760,#5768,#5776,
    #5784,#5793,#5801,#5810));
#5732 = ORIENTED_EDGE('',*,*,#5329,.T.);
#5733 = ORIENTED_EDGE('',*,*,#5298,.T.);
#5734 = ORIENTED_EDGE('',*,*,#5735,.T.);
#5735 = EDGE_CURVE('',#5299,#5736,#5738,.T.);
#5736 = VERTEX_POINT('',#5737);
#5737 = CARTESIAN_POINT('',(-2.446961550602,1.91675,0.599729635533));
#5738 = CIRCLE('',#5739,0.2);
#5739 = AXIS2_PLACEMENT_3D('',#5740,#5741,#5742);
#5740 = CARTESIAN_POINT('',(-2.25,1.91675,0.565));
#5741 = DIRECTION('',(-1.144237745222E-17,-1.,0.));
#5742 = DIRECTION('',(0.,0.,1.));
#5743 = ORIENTED_EDGE('',*,*,#5744,.T.);
#5744 = EDGE_CURVE('',#5736,#5745,#5747,.T.);
#5745 = VERTEX_POINT('',#5746);
#5746 = CARTESIAN_POINT('',(-2.473891419252,1.91675,0.388385356497));
#5747 = LINE('',#5748,#5749);
#5748 = CARTESIAN_POINT('',(-2.446961550602,1.91675,0.599729635533));
#5749 = VECTOR('',#5750,1.);
#5750 = DIRECTION('',(-0.126399799104,1.446314211233E-18,-0.991979380222
    ));
#5751 = ORIENTED_EDGE('',*,*,#5752,.T.);
#5752 = EDGE_CURVE('',#5745,#5753,#5755,.T.);
#5753 = VERTEX_POINT('',#5754);
#5754 = CARTESIAN_POINT('',(-2.936751063167,1.91675,-1.665334536938E-16)
  );
#5755 = CIRCLE('',#5756,0.47);
#5756 = AXIS2_PLACEMENT_3D('',#5757,#5758,#5759);
#5757 = CARTESIAN_POINT('',(-2.936751063167,1.91675,0.47));
#5758 = DIRECTION('',(1.144237745222E-17,1.,-1.155557966632E-33));
#5759 = DIRECTION('',(0.984807753012,-1.126854202784E-17,-0.173648177667
    ));
#5760 = ORIENTED_EDGE('',*,*,#5761,.T.);
#5761 = EDGE_CURVE('',#5753,#5762,#5764,.T.);
#5762 = VERTEX_POINT('',#5763);
#5763 = CARTESIAN_POINT('',(-3.5,1.91675,-1.665334536938E-16));
#5764 = LINE('',#5765,#5766);
#5765 = CARTESIAN_POINT('',(-2.936751063167,1.91675,-1.665334536938E-16)
  );
#5766 = VECTOR('',#5767,1.);
#5767 = DIRECTION('',(-1.,1.144237745222E-17,0.));
#5768 = ORIENTED_EDGE('',*,*,#5769,.T.);
#5769 = EDGE_CURVE('',#5762,#5770,#5772,.T.);
#5770 = VERTEX_POINT('',#5771);
#5771 = CARTESIAN_POINT('',(-3.5,1.91675,0.27));
#5772 = LINE('',#5773,#5774);
#5773 = CARTESIAN_POINT('',(-3.5,1.91675,-1.665334536938E-16));
#5774 = VECTOR('',#5775,1.);
#5775 = DIRECTION('',(0.,0.,1.));
#5776 = ORIENTED_EDGE('',*,*,#5777,.T.);
#5777 = EDGE_CURVE('',#5770,#5778,#5780,.T.);
#5778 = VERTEX_POINT('',#5779);
#5779 = CARTESIAN_POINT('',(-2.936751063167,1.91675,0.27));
#5780 = LINE('',#5781,#5782);
#5781 = CARTESIAN_POINT('',(-3.5,1.91675,0.27));
#5782 = VECTOR('',#5783,1.);
#5783 = DIRECTION('',(1.,-1.144237745222E-17,0.));
#5784 = ORIENTED_EDGE('',*,*,#5785,.T.);
#5785 = EDGE_CURVE('',#5778,#5786,#5788,.T.);
#5786 = VERTEX_POINT('',#5787);
#5787 = CARTESIAN_POINT('',(-2.739789512565,1.91675,0.435270364467));
#5788 = CIRCLE('',#5789,0.2);
#5789 = AXIS2_PLACEMENT_3D('',#5790,#5791,#5792);
#5790 = CARTESIAN_POINT('',(-2.936751063167,1.91675,0.47));
#5791 = DIRECTION('',(-1.144237745222E-17,-1.,0.));
#5792 = DIRECTION('',(-2.22044604925E-15,2.540718180781E-32,-1.));
#5793 = ORIENTED_EDGE('',*,*,#5794,.T.);
#5794 = EDGE_CURVE('',#5786,#5795,#5797,.T.);
#5795 = VERTEX_POINT('',#5796);
#5796 = CARTESIAN_POINT('',(-2.712859643916,1.91675,0.646614643503));
#5797 = LINE('',#5798,#5799);
#5798 = CARTESIAN_POINT('',(-2.739789512565,1.91675,0.435270364467));
#5799 = VECTOR('',#5800,1.);
#5800 = DIRECTION('',(0.126399799104,-1.446314211233E-18,0.991979380222)
  );
#5801 = ORIENTED_EDGE('',*,*,#5802,.T.);
#5802 = EDGE_CURVE('',#5795,#5803,#5805,.T.);
#5803 = VERTEX_POINT('',#5804);
#5804 = CARTESIAN_POINT('',(-2.25,1.91675,1.035));
#5805 = CIRCLE('',#5806,0.47);
#5806 = AXIS2_PLACEMENT_3D('',#5807,#5808,#5809);
#5807 = CARTESIAN_POINT('',(-2.25,1.91675,0.565));
#5808 = DIRECTION('',(1.144237745222E-17,1.,-2.311115933265E-33));
#5809 = DIRECTION('',(-0.984807753012,1.126854202784E-17,0.173648177667)
  );
#5810 = ORIENTED_EDGE('',*,*,#5811,.T.);
#5811 = EDGE_CURVE('',#5803,#5330,#5812,.T.);
#5812 = LINE('',#5813,#5814);
#5813 = CARTESIAN_POINT('',(-2.25,1.91675,1.035));
#5814 = VECTOR('',#5815,1.);
#5815 = DIRECTION('',(1.,-1.144237745222E-17,0.));
#5816 = PLANE('',#5817);
#5817 = AXIS2_PLACEMENT_3D('',#5818,#5819,#5820);
#5818 = CARTESIAN_POINT('',(-2.606989201797,1.91675,0.512419776725));
#5819 = DIRECTION('',(1.144237745222E-17,1.,0.));
#5820 = DIRECTION('',(0.,-0.,1.));
#5821 = ADVANCED_FACE('',(#5822),#5833,.F.);
#5822 = FACE_BOUND('',#5823,.F.);
#5823 = EDGE_LOOP('',(#5824,#5825,#5826,#5832));
#5824 = ORIENTED_EDGE('',*,*,#5315,.T.);
#5825 = ORIENTED_EDGE('',*,*,#5643,.T.);
#5826 = ORIENTED_EDGE('',*,*,#5827,.F.);
#5827 = EDGE_CURVE('',#5736,#5644,#5828,.T.);
#5828 = LINE('',#5829,#5830);
#5829 = CARTESIAN_POINT('',(-2.446961550602,1.91675,0.599729635533));
#5830 = VECTOR('',#5831,1.);
#5831 = DIRECTION('',(1.144237745222E-17,1.,0.));
#5832 = ORIENTED_EDGE('',*,*,#5735,.F.);
#5833 = CYLINDRICAL_SURFACE('',#5834,0.2);
#5834 = AXIS2_PLACEMENT_3D('',#5835,#5836,#5837);
#5835 = CARTESIAN_POINT('',(-2.25,1.91675,0.565));
#5836 = DIRECTION('',(-1.144237745222E-17,-1.,0.));
#5837 = DIRECTION('',(0.,0.,1.));
#5838 = ADVANCED_FACE('',(#5839),#5864,.T.);
#5839 = FACE_BOUND('',#5840,.T.);
#5840 = EDGE_LOOP('',(#5841,#5849,#5850,#5858));
#5841 = ORIENTED_EDGE('',*,*,#5842,.F.);
#5842 = EDGE_CURVE('',#5330,#5843,#5845,.T.);
#5843 = VERTEX_POINT('',#5844);
#5844 = CARTESIAN_POINT('',(-1.735,1.91675,1.035));
#5845 = LINE('',#5846,#5847);
#5846 = CARTESIAN_POINT('',(-2.25,1.91675,1.035));
#5847 = VECTOR('',#5848,1.);
#5848 = DIRECTION('',(1.,-1.144237745222E-17,0.));
#5849 = ORIENTED_EDGE('',*,*,#5346,.T.);
#5850 = ORIENTED_EDGE('',*,*,#5851,.T.);
#5851 = EDGE_CURVE('',#5339,#5852,#5854,.T.);
#5852 = VERTEX_POINT('',#5853);
#5853 = CARTESIAN_POINT('',(-1.735,0.38335,1.035));
#5854 = LINE('',#5855,#5856);
#5855 = CARTESIAN_POINT('',(-2.25,0.38335,1.035));
#5856 = VECTOR('',#5857,1.);
#5857 = DIRECTION('',(1.,-1.144237745222E-17,0.));
#5858 = ORIENTED_EDGE('',*,*,#5859,.F.);
#5859 = EDGE_CURVE('',#5843,#5852,#5860,.T.);
#5860 = LINE('',#5861,#5862);
#5861 = CARTESIAN_POINT('',(-1.735,3.235,1.035));
#5862 = VECTOR('',#5863,1.);
#5863 = DIRECTION('',(1.110223024625E-16,-1.,0.));
#5864 = PLANE('',#5865);
#5865 = AXIS2_PLACEMENT_3D('',#5866,#5867,#5868);
#5866 = CARTESIAN_POINT('',(-1.7425,-3.732941412364E-16,1.035));
#5867 = DIRECTION('',(-2.496972947931E-25,-3.410490578954E-32,1.));
#5868 = DIRECTION('',(1.025679957475E-16,-1.,-3.410490576393E-32));
#5869 = ADVANCED_FACE('',(#5870),#5956,.T.);
#5870 = FACE_BOUND('',#5871,.T.);
#5871 = EDGE_LOOP('',(#5872,#5873,#5874,#5883,#5891,#5900,#5908,#5916,
    #5924,#5933,#5941,#5950));
#5872 = ORIENTED_EDGE('',*,*,#5338,.T.);
#5873 = ORIENTED_EDGE('',*,*,#5369,.T.);
#5874 = ORIENTED_EDGE('',*,*,#5875,.T.);
#5875 = EDGE_CURVE('',#5370,#5876,#5878,.T.);
#5876 = VERTEX_POINT('',#5877);
#5877 = CARTESIAN_POINT('',(-2.446961550602,0.38335,0.599729635533));
#5878 = CIRCLE('',#5879,0.2);
#5879 = AXIS2_PLACEMENT_3D('',#5880,#5881,#5882);
#5880 = CARTESIAN_POINT('',(-2.25,0.38335,0.565));
#5881 = DIRECTION('',(-1.144237745222E-17,-1.,0.));
#5882 = DIRECTION('',(0.,0.,1.));
#5883 = ORIENTED_EDGE('',*,*,#5884,.T.);
#5884 = EDGE_CURVE('',#5876,#5885,#5887,.T.);
#5885 = VERTEX_POINT('',#5886);
#5886 = CARTESIAN_POINT('',(-2.473891419252,0.38335,0.388385356497));
#5887 = LINE('',#5888,#5889);
#5888 = CARTESIAN_POINT('',(-2.446961550602,0.38335,0.599729635533));
#5889 = VECTOR('',#5890,1.);
#5890 = DIRECTION('',(-0.126399799104,1.446314211233E-18,-0.991979380222
    ));
#5891 = ORIENTED_EDGE('',*,*,#5892,.T.);
#5892 = EDGE_CURVE('',#5885,#5893,#5895,.T.);
#5893 = VERTEX_POINT('',#5894);
#5894 = CARTESIAN_POINT('',(-2.936751063167,0.38335,-1.665334536938E-16)
  );
#5895 = CIRCLE('',#5896,0.47);
#5896 = AXIS2_PLACEMENT_3D('',#5897,#5898,#5899);
#5897 = CARTESIAN_POINT('',(-2.936751063167,0.38335,0.47));
#5898 = DIRECTION('',(1.144237745222E-17,1.,-1.155557966632E-33));
#5899 = DIRECTION('',(0.984807753012,-1.126854202784E-17,-0.173648177667
    ));
#5900 = ORIENTED_EDGE('',*,*,#5901,.T.);
#5901 = EDGE_CURVE('',#5893,#5902,#5904,.T.);
#5902 = VERTEX_POINT('',#5903);
#5903 = CARTESIAN_POINT('',(-3.5,0.38335,-1.665334536938E-16));
#5904 = LINE('',#5905,#5906);
#5905 = CARTESIAN_POINT('',(-2.936751063167,0.38335,-1.665334536938E-16)
  );
#5906 = VECTOR('',#5907,1.);
#5907 = DIRECTION('',(-1.,1.144237745222E-17,0.));
#5908 = ORIENTED_EDGE('',*,*,#5909,.T.);
#5909 = EDGE_CURVE('',#5902,#5910,#5912,.T.);
#5910 = VERTEX_POINT('',#5911);
#5911 = CARTESIAN_POINT('',(-3.5,0.38335,0.27));
#5912 = LINE('',#5913,#5914);
#5913 = CARTESIAN_POINT('',(-3.5,0.38335,-1.665334536938E-16));
#5914 = VECTOR('',#5915,1.);
#5915 = DIRECTION('',(0.,0.,1.));
#5916 = ORIENTED_EDGE('',*,*,#5917,.T.);
#5917 = EDGE_CURVE('',#5910,#5918,#5920,.T.);
#5918 = VERTEX_POINT('',#5919);
#5919 = CARTESIAN_POINT('',(-2.936751063167,0.38335,0.27));
#5920 = LINE('',#5921,#5922);
#5921 = CARTESIAN_POINT('',(-3.5,0.38335,0.27));
#5922 = VECTOR('',#5923,1.);
#5923 = DIRECTION('',(1.,-1.144237745222E-17,0.));
#5924 = ORIENTED_EDGE('',*,*,#5925,.T.);
#5925 = EDGE_CURVE('',#5918,#5926,#5928,.T.);
#5926 = VERTEX_POINT('',#5927);
#5927 = CARTESIAN_POINT('',(-2.739789512565,0.38335,0.435270364467));
#5928 = CIRCLE('',#5929,0.2);
#5929 = AXIS2_PLACEMENT_3D('',#5930,#5931,#5932);
#5930 = CARTESIAN_POINT('',(-2.936751063167,0.38335,0.47));
#5931 = DIRECTION('',(-1.144237745222E-17,-1.,0.));
#5932 = DIRECTION('',(-2.22044604925E-15,2.540718180781E-32,-1.));
#5933 = ORIENTED_EDGE('',*,*,#5934,.T.);
#5934 = EDGE_CURVE('',#5926,#5935,#5937,.T.);
#5935 = VERTEX_POINT('',#5936);
#5936 = CARTESIAN_POINT('',(-2.712859643916,0.38335,0.646614643503));
#5937 = LINE('',#5938,#5939);
#5938 = CARTESIAN_POINT('',(-2.739789512565,0.38335,0.435270364467));
#5939 = VECTOR('',#5940,1.);
#5940 = DIRECTION('',(0.126399799104,-1.446314211233E-18,0.991979380222)
  );
#5941 = ORIENTED_EDGE('',*,*,#5942,.T.);
#5942 = EDGE_CURVE('',#5935,#5943,#5945,.T.);
#5943 = VERTEX_POINT('',#5944);
#5944 = CARTESIAN_POINT('',(-2.25,0.38335,1.035));
#5945 = CIRCLE('',#5946,0.47);
#5946 = AXIS2_PLACEMENT_3D('',#5947,#5948,#5949);
#5947 = CARTESIAN_POINT('',(-2.25,0.38335,0.565));
#5948 = DIRECTION('',(1.144237745222E-17,1.,-2.311115933265E-33));
#5949 = DIRECTION('',(-0.984807753012,1.126854202784E-17,0.173648177667)
  );
#5950 = ORIENTED_EDGE('',*,*,#5951,.T.);
#5951 = EDGE_CURVE('',#5943,#5339,#5952,.T.);
#5952 = LINE('',#5953,#5954);
#5953 = CARTESIAN_POINT('',(-2.25,0.38335,1.035));
#5954 = VECTOR('',#5955,1.);
#5955 = DIRECTION('',(1.,-1.144237745222E-17,0.));
#5956 = PLANE('',#5957);
#5957 = AXIS2_PLACEMENT_3D('',#5958,#5959,#5960);
#5958 = CARTESIAN_POINT('',(-2.606989201797,0.38335,0.512419776725));
#5959 = DIRECTION('',(1.144237745222E-17,1.,0.));
#5960 = DIRECTION('',(0.,-0.,1.));
#5961 = ADVANCED_FACE('',(#5962),#6048,.F.);
#5962 = FACE_BOUND('',#5963,.F.);
#5963 = EDGE_LOOP('',(#5964,#5965,#5966,#5975,#5983,#5992,#6000,#6008,
    #6016,#6025,#6033,#6042));
#5964 = ORIENTED_EDGE('',*,*,#5391,.T.);
#5965 = ORIENTED_EDGE('',*,*,#5360,.T.);
#5966 = ORIENTED_EDGE('',*,*,#5967,.T.);
#5967 = EDGE_CURVE('',#5361,#5968,#5970,.T.);
#5968 = VERTEX_POINT('',#5969);
#5969 = CARTESIAN_POINT('',(-2.446961550602,-0.38335,0.599729635533));
#5970 = CIRCLE('',#5971,0.2);
#5971 = AXIS2_PLACEMENT_3D('',#5972,#5973,#5974);
#5972 = CARTESIAN_POINT('',(-2.25,-0.38335,0.565));
#5973 = DIRECTION('',(-1.144237745222E-17,-1.,0.));
#5974 = DIRECTION('',(0.,0.,1.));
#5975 = ORIENTED_EDGE('',*,*,#5976,.T.);
#5976 = EDGE_CURVE('',#5968,#5977,#5979,.T.);
#5977 = VERTEX_POINT('',#5978);
#5978 = CARTESIAN_POINT('',(-2.473891419252,-0.38335,0.388385356497));
#5979 = LINE('',#5980,#5981);
#5980 = CARTESIAN_POINT('',(-2.446961550602,-0.38335,0.599729635533));
#5981 = VECTOR('',#5982,1.);
#5982 = DIRECTION('',(-0.126399799104,1.446314211233E-18,-0.991979380222
    ));
#5983 = ORIENTED_EDGE('',*,*,#5984,.T.);
#5984 = EDGE_CURVE('',#5977,#5985,#5987,.T.);
#5985 = VERTEX_POINT('',#5986);
#5986 = CARTESIAN_POINT('',(-2.936751063167,-0.38335,-1.665334536938E-16
    ));
#5987 = CIRCLE('',#5988,0.47);
#5988 = AXIS2_PLACEMENT_3D('',#5989,#5990,#5991);
#5989 = CARTESIAN_POINT('',(-2.936751063167,-0.38335,0.47));
#5990 = DIRECTION('',(1.144237745222E-17,1.,-1.155557966632E-33));
#5991 = DIRECTION('',(0.984807753012,-1.126854202784E-17,-0.173648177667
    ));
#5992 = ORIENTED_EDGE('',*,*,#5993,.T.);
#5993 = EDGE_CURVE('',#5985,#5994,#5996,.T.);
#5994 = VERTEX_POINT('',#5995);
#5995 = CARTESIAN_POINT('',(-3.5,-0.38335,-1.665334536938E-16));
#5996 = LINE('',#5997,#5998);
#5997 = CARTESIAN_POINT('',(-2.936751063167,-0.38335,-1.665334536938E-16
    ));
#5998 = VECTOR('',#5999,1.);
#5999 = DIRECTION('',(-1.,1.144237745222E-17,0.));
#6000 = ORIENTED_EDGE('',*,*,#6001,.T.);
#6001 = EDGE_CURVE('',#5994,#6002,#6004,.T.);
#6002 = VERTEX_POINT('',#6003);
#6003 = CARTESIAN_POINT('',(-3.5,-0.38335,0.27));
#6004 = LINE('',#6005,#6006);
#6005 = CARTESIAN_POINT('',(-3.5,-0.38335,-1.665334536938E-16));
#6006 = VECTOR('',#6007,1.);
#6007 = DIRECTION('',(0.,0.,1.));
#6008 = ORIENTED_EDGE('',*,*,#6009,.T.);
#6009 = EDGE_CURVE('',#6002,#6010,#6012,.T.);
#6010 = VERTEX_POINT('',#6011);
#6011 = CARTESIAN_POINT('',(-2.936751063167,-0.38335,0.27));
#6012 = LINE('',#6013,#6014);
#6013 = CARTESIAN_POINT('',(-3.5,-0.38335,0.27));
#6014 = VECTOR('',#6015,1.);
#6015 = DIRECTION('',(1.,-1.144237745222E-17,0.));
#6016 = ORIENTED_EDGE('',*,*,#6017,.T.);
#6017 = EDGE_CURVE('',#6010,#6018,#6020,.T.);
#6018 = VERTEX_POINT('',#6019);
#6019 = CARTESIAN_POINT('',(-2.739789512565,-0.38335,0.435270364467));
#6020 = CIRCLE('',#6021,0.2);
#6021 = AXIS2_PLACEMENT_3D('',#6022,#6023,#6024);
#6022 = CARTESIAN_POINT('',(-2.936751063167,-0.38335,0.47));
#6023 = DIRECTION('',(-1.144237745222E-17,-1.,0.));
#6024 = DIRECTION('',(-2.22044604925E-15,2.540718180781E-32,-1.));
#6025 = ORIENTED_EDGE('',*,*,#6026,.T.);
#6026 = EDGE_CURVE('',#6018,#6027,#6029,.T.);
#6027 = VERTEX_POINT('',#6028);
#6028 = CARTESIAN_POINT('',(-2.712859643916,-0.38335,0.646614643503));
#6029 = LINE('',#6030,#6031);
#6030 = CARTESIAN_POINT('',(-2.739789512565,-0.38335,0.435270364467));
#6031 = VECTOR('',#6032,1.);
#6032 = DIRECTION('',(0.126399799104,-1.446314211233E-18,0.991979380222)
  );
#6033 = ORIENTED_EDGE('',*,*,#6034,.T.);
#6034 = EDGE_CURVE('',#6027,#6035,#6037,.T.);
#6035 = VERTEX_POINT('',#6036);
#6036 = CARTESIAN_POINT('',(-2.25,-0.38335,1.035));
#6037 = CIRCLE('',#6038,0.47);
#6038 = AXIS2_PLACEMENT_3D('',#6039,#6040,#6041);
#6039 = CARTESIAN_POINT('',(-2.25,-0.38335,0.565));
#6040 = DIRECTION('',(1.144237745222E-17,1.,-2.311115933265E-33));
#6041 = DIRECTION('',(-0.984807753012,1.126854202784E-17,0.173648177667)
  );
#6042 = ORIENTED_EDGE('',*,*,#6043,.T.);
#6043 = EDGE_CURVE('',#6035,#5392,#6044,.T.);
#6044 = LINE('',#6045,#6046);
#6045 = CARTESIAN_POINT('',(-2.25,-0.38335,1.035));
#6046 = VECTOR('',#6047,1.);
#6047 = DIRECTION('',(1.,-1.144237745222E-17,0.));
#6048 = PLANE('',#6049);
#6049 = AXIS2_PLACEMENT_3D('',#6050,#6051,#6052);
#6050 = CARTESIAN_POINT('',(-2.606989201797,-0.38335,0.512419776725));
#6051 = DIRECTION('',(1.144237745222E-17,1.,0.));
#6052 = DIRECTION('',(0.,-0.,1.));
#6053 = ADVANCED_FACE('',(#6054),#6065,.F.);
#6054 = FACE_BOUND('',#6055,.F.);
#6055 = EDGE_LOOP('',(#6056,#6057,#6058,#6064));
#6056 = ORIENTED_EDGE('',*,*,#5377,.T.);
#6057 = ORIENTED_EDGE('',*,*,#5875,.T.);
#6058 = ORIENTED_EDGE('',*,*,#6059,.F.);
#6059 = EDGE_CURVE('',#5968,#5876,#6060,.T.);
#6060 = LINE('',#6061,#6062);
#6061 = CARTESIAN_POINT('',(-2.446961550602,-0.38335,0.599729635533));
#6062 = VECTOR('',#6063,1.);
#6063 = DIRECTION('',(1.144237745222E-17,1.,0.));
#6064 = ORIENTED_EDGE('',*,*,#5967,.F.);
#6065 = CYLINDRICAL_SURFACE('',#6066,0.2);
#6066 = AXIS2_PLACEMENT_3D('',#6067,#6068,#6069);
#6067 = CARTESIAN_POINT('',(-2.25,-0.38335,0.565));
#6068 = DIRECTION('',(-1.144237745222E-17,-1.,0.));
#6069 = DIRECTION('',(0.,0.,1.));
#6070 = ADVANCED_FACE('',(#6071),#6096,.T.);
#6071 = FACE_BOUND('',#6072,.T.);
#6072 = EDGE_LOOP('',(#6073,#6081,#6082,#6090));
#6073 = ORIENTED_EDGE('',*,*,#6074,.F.);
#6074 = EDGE_CURVE('',#5392,#6075,#6077,.T.);
#6075 = VERTEX_POINT('',#6076);
#6076 = CARTESIAN_POINT('',(-1.735,-0.38335,1.035));
#6077 = LINE('',#6078,#6079);
#6078 = CARTESIAN_POINT('',(-2.25,-0.38335,1.035));
#6079 = VECTOR('',#6080,1.);
#6080 = DIRECTION('',(1.,-1.144237745222E-17,0.));
#6081 = ORIENTED_EDGE('',*,*,#5408,.T.);
#6082 = ORIENTED_EDGE('',*,*,#6083,.T.);
#6083 = EDGE_CURVE('',#5401,#6084,#6086,.T.);
#6084 = VERTEX_POINT('',#6085);
#6085 = CARTESIAN_POINT('',(-1.735,-1.91675,1.035));
#6086 = LINE('',#6087,#6088);
#6087 = CARTESIAN_POINT('',(-2.25,-1.91675,1.035));
#6088 = VECTOR('',#6089,1.);
#6089 = DIRECTION('',(1.,-1.144237745222E-17,0.));
#6090 = ORIENTED_EDGE('',*,*,#6091,.F.);
#6091 = EDGE_CURVE('',#6075,#6084,#6092,.T.);
#6092 = LINE('',#6093,#6094);
#6093 = CARTESIAN_POINT('',(-1.735,3.235,1.035));
#6094 = VECTOR('',#6095,1.);
#6095 = DIRECTION('',(1.110223024625E-16,-1.,0.));
#6096 = PLANE('',#6097);
#6097 = AXIS2_PLACEMENT_3D('',#6098,#6099,#6100);
#6098 = CARTESIAN_POINT('',(-1.7425,-3.732941412364E-16,1.035));
#6099 = DIRECTION('',(-2.496972947931E-25,-3.410490578954E-32,1.));
#6100 = DIRECTION('',(1.025679957475E-16,-1.,-3.410490576393E-32));
#6101 = ADVANCED_FACE('',(#6102),#6188,.T.);
#6102 = FACE_BOUND('',#6103,.T.);
#6103 = EDGE_LOOP('',(#6104,#6105,#6106,#6115,#6123,#6132,#6140,#6148,
    #6156,#6165,#6173,#6182));
#6104 = ORIENTED_EDGE('',*,*,#5400,.T.);
#6105 = ORIENTED_EDGE('',*,*,#5431,.T.);
#6106 = ORIENTED_EDGE('',*,*,#6107,.T.);
#6107 = EDGE_CURVE('',#5432,#6108,#6110,.T.);
#6108 = VERTEX_POINT('',#6109);
#6109 = CARTESIAN_POINT('',(-2.446961550602,-1.91675,0.599729635533));
#6110 = CIRCLE('',#6111,0.2);
#6111 = AXIS2_PLACEMENT_3D('',#6112,#6113,#6114);
#6112 = CARTESIAN_POINT('',(-2.25,-1.91675,0.565));
#6113 = DIRECTION('',(-1.144237745222E-17,-1.,0.));
#6114 = DIRECTION('',(0.,0.,1.));
#6115 = ORIENTED_EDGE('',*,*,#6116,.T.);
#6116 = EDGE_CURVE('',#6108,#6117,#6119,.T.);
#6117 = VERTEX_POINT('',#6118);
#6118 = CARTESIAN_POINT('',(-2.473891419252,-1.91675,0.388385356497));
#6119 = LINE('',#6120,#6121);
#6120 = CARTESIAN_POINT('',(-2.446961550602,-1.91675,0.599729635533));
#6121 = VECTOR('',#6122,1.);
#6122 = DIRECTION('',(-0.126399799104,1.446314211233E-18,-0.991979380222
    ));
#6123 = ORIENTED_EDGE('',*,*,#6124,.T.);
#6124 = EDGE_CURVE('',#6117,#6125,#6127,.T.);
#6125 = VERTEX_POINT('',#6126);
#6126 = CARTESIAN_POINT('',(-2.936751063167,-1.91675,-1.665334536938E-16
    ));
#6127 = CIRCLE('',#6128,0.47);
#6128 = AXIS2_PLACEMENT_3D('',#6129,#6130,#6131);
#6129 = CARTESIAN_POINT('',(-2.936751063167,-1.91675,0.47));
#6130 = DIRECTION('',(1.144237745222E-17,1.,-1.155557966632E-33));
#6131 = DIRECTION('',(0.984807753012,-1.126854202784E-17,-0.173648177667
    ));
#6132 = ORIENTED_EDGE('',*,*,#6133,.T.);
#6133 = EDGE_CURVE('',#6125,#6134,#6136,.T.);
#6134 = VERTEX_POINT('',#6135);
#6135 = CARTESIAN_POINT('',(-3.5,-1.91675,-1.665334536938E-16));
#6136 = LINE('',#6137,#6138);
#6137 = CARTESIAN_POINT('',(-2.936751063167,-1.91675,-1.665334536938E-16
    ));
#6138 = VECTOR('',#6139,1.);
#6139 = DIRECTION('',(-1.,1.144237745222E-17,0.));
#6140 = ORIENTED_EDGE('',*,*,#6141,.T.);
#6141 = EDGE_CURVE('',#6134,#6142,#6144,.T.);
#6142 = VERTEX_POINT('',#6143);
#6143 = CARTESIAN_POINT('',(-3.5,-1.91675,0.27));
#6144 = LINE('',#6145,#6146);
#6145 = CARTESIAN_POINT('',(-3.5,-1.91675,-1.665334536938E-16));
#6146 = VECTOR('',#6147,1.);
#6147 = DIRECTION('',(0.,0.,1.));
#6148 = ORIENTED_EDGE('',*,*,#6149,.T.);
#6149 = EDGE_CURVE('',#6142,#6150,#6152,.T.);
#6150 = VERTEX_POINT('',#6151);
#6151 = CARTESIAN_POINT('',(-2.936751063167,-1.91675,0.27));
#6152 = LINE('',#6153,#6154);
#6153 = CARTESIAN_POINT('',(-3.5,-1.91675,0.27));
#6154 = VECTOR('',#6155,1.);
#6155 = DIRECTION('',(1.,-1.144237745222E-17,0.));
#6156 = ORIENTED_EDGE('',*,*,#6157,.T.);
#6157 = EDGE_CURVE('',#6150,#6158,#6160,.T.);
#6158 = VERTEX_POINT('',#6159);
#6159 = CARTESIAN_POINT('',(-2.739789512565,-1.91675,0.435270364467));
#6160 = CIRCLE('',#6161,0.2);
#6161 = AXIS2_PLACEMENT_3D('',#6162,#6163,#6164);
#6162 = CARTESIAN_POINT('',(-2.936751063167,-1.91675,0.47));
#6163 = DIRECTION('',(-1.144237745222E-17,-1.,0.));
#6164 = DIRECTION('',(-2.22044604925E-15,2.540718180781E-32,-1.));
#6165 = ORIENTED_EDGE('',*,*,#6166,.T.);
#6166 = EDGE_CURVE('',#6158,#6167,#6169,.T.);
#6167 = VERTEX_POINT('',#6168);
#6168 = CARTESIAN_POINT('',(-2.712859643916,-1.91675,0.646614643503));
#6169 = LINE('',#6170,#6171);
#6170 = CARTESIAN_POINT('',(-2.739789512565,-1.91675,0.435270364467));
#6171 = VECTOR('',#6172,1.);
#6172 = DIRECTION('',(0.126399799104,-1.446314211233E-18,0.991979380222)
  );
#6173 = ORIENTED_EDGE('',*,*,#6174,.T.);
#6174 = EDGE_CURVE('',#6167,#6175,#6177,.T.);
#6175 = VERTEX_POINT('',#6176);
#6176 = CARTESIAN_POINT('',(-2.25,-1.91675,1.035));
#6177 = CIRCLE('',#6178,0.47);
#6178 = AXIS2_PLACEMENT_3D('',#6179,#6180,#6181);
#6179 = CARTESIAN_POINT('',(-2.25,-1.91675,0.565));
#6180 = DIRECTION('',(1.144237745222E-17,1.,-2.311115933265E-33));
#6181 = DIRECTION('',(-0.984807753012,1.126854202784E-17,0.173648177667)
  );
#6182 = ORIENTED_EDGE('',*,*,#6183,.T.);
#6183 = EDGE_CURVE('',#6175,#5401,#6184,.T.);
#6184 = LINE('',#6185,#6186);
#6185 = CARTESIAN_POINT('',(-2.25,-1.91675,1.035));
#6186 = VECTOR('',#6187,1.);
#6187 = DIRECTION('',(1.,-1.144237745222E-17,0.));
#6188 = PLANE('',#6189);
#6189 = AXIS2_PLACEMENT_3D('',#6190,#6191,#6192);
#6190 = CARTESIAN_POINT('',(-2.606989201797,-1.91675,0.512419776725));
#6191 = DIRECTION('',(1.144237745222E-17,1.,0.));
#6192 = DIRECTION('',(0.,-0.,1.));
#6193 = ADVANCED_FACE('',(#6194),#6280,.F.);
#6194 = FACE_BOUND('',#6195,.F.);
#6195 = EDGE_LOOP('',(#6196,#6197,#6198,#6207,#6215,#6224,#6232,#6240,
    #6248,#6257,#6265,#6274));
#6196 = ORIENTED_EDGE('',*,*,#5453,.T.);
#6197 = ORIENTED_EDGE('',*,*,#5422,.T.);
#6198 = ORIENTED_EDGE('',*,*,#6199,.T.);
#6199 = EDGE_CURVE('',#5423,#6200,#6202,.T.);
#6200 = VERTEX_POINT('',#6201);
#6201 = CARTESIAN_POINT('',(-2.446961550602,-2.68345,0.599729635533));
#6202 = CIRCLE('',#6203,0.2);
#6203 = AXIS2_PLACEMENT_3D('',#6204,#6205,#6206);
#6204 = CARTESIAN_POINT('',(-2.25,-2.68345,0.565));
#6205 = DIRECTION('',(-1.144237745222E-17,-1.,0.));
#6206 = DIRECTION('',(0.,0.,1.));
#6207 = ORIENTED_EDGE('',*,*,#6208,.T.);
#6208 = EDGE_CURVE('',#6200,#6209,#6211,.T.);
#6209 = VERTEX_POINT('',#6210);
#6210 = CARTESIAN_POINT('',(-2.473891419252,-2.68345,0.388385356497));
#6211 = LINE('',#6212,#6213);
#6212 = CARTESIAN_POINT('',(-2.446961550602,-2.68345,0.599729635533));
#6213 = VECTOR('',#6214,1.);
#6214 = DIRECTION('',(-0.126399799104,1.446314211233E-18,-0.991979380222
    ));
#6215 = ORIENTED_EDGE('',*,*,#6216,.T.);
#6216 = EDGE_CURVE('',#6209,#6217,#6219,.T.);
#6217 = VERTEX_POINT('',#6218);
#6218 = CARTESIAN_POINT('',(-2.936751063167,-2.68345,-1.665334536938E-16
    ));
#6219 = CIRCLE('',#6220,0.47);
#6220 = AXIS2_PLACEMENT_3D('',#6221,#6222,#6223);
#6221 = CARTESIAN_POINT('',(-2.936751063167,-2.68345,0.47));
#6222 = DIRECTION('',(1.144237745222E-17,1.,-1.155557966632E-33));
#6223 = DIRECTION('',(0.984807753012,-1.126854202784E-17,-0.173648177667
    ));
#6224 = ORIENTED_EDGE('',*,*,#6225,.T.);
#6225 = EDGE_CURVE('',#6217,#6226,#6228,.T.);
#6226 = VERTEX_POINT('',#6227);
#6227 = CARTESIAN_POINT('',(-3.5,-2.68345,-1.665334536938E-16));
#6228 = LINE('',#6229,#6230);
#6229 = CARTESIAN_POINT('',(-2.936751063167,-2.68345,-1.665334536938E-16
    ));
#6230 = VECTOR('',#6231,1.);
#6231 = DIRECTION('',(-1.,1.144237745222E-17,0.));
#6232 = ORIENTED_EDGE('',*,*,#6233,.T.);
#6233 = EDGE_CURVE('',#6226,#6234,#6236,.T.);
#6234 = VERTEX_POINT('',#6235);
#6235 = CARTESIAN_POINT('',(-3.5,-2.68345,0.27));
#6236 = LINE('',#6237,#6238);
#6237 = CARTESIAN_POINT('',(-3.5,-2.68345,-1.665334536938E-16));
#6238 = VECTOR('',#6239,1.);
#6239 = DIRECTION('',(0.,0.,1.));
#6240 = ORIENTED_EDGE('',*,*,#6241,.T.);
#6241 = EDGE_CURVE('',#6234,#6242,#6244,.T.);
#6242 = VERTEX_POINT('',#6243);
#6243 = CARTESIAN_POINT('',(-2.936751063167,-2.68345,0.27));
#6244 = LINE('',#6245,#6246);
#6245 = CARTESIAN_POINT('',(-3.5,-2.68345,0.27));
#6246 = VECTOR('',#6247,1.);
#6247 = DIRECTION('',(1.,-1.144237745222E-17,0.));
#6248 = ORIENTED_EDGE('',*,*,#6249,.T.);
#6249 = EDGE_CURVE('',#6242,#6250,#6252,.T.);
#6250 = VERTEX_POINT('',#6251);
#6251 = CARTESIAN_POINT('',(-2.739789512565,-2.68345,0.435270364467));
#6252 = CIRCLE('',#6253,0.2);
#6253 = AXIS2_PLACEMENT_3D('',#6254,#6255,#6256);
#6254 = CARTESIAN_POINT('',(-2.936751063167,-2.68345,0.47));
#6255 = DIRECTION('',(-1.144237745222E-17,-1.,0.));
#6256 = DIRECTION('',(-2.22044604925E-15,2.540718180781E-32,-1.));
#6257 = ORIENTED_EDGE('',*,*,#6258,.T.);
#6258 = EDGE_CURVE('',#6250,#6259,#6261,.T.);
#6259 = VERTEX_POINT('',#6260);
#6260 = CARTESIAN_POINT('',(-2.712859643916,-2.68345,0.646614643503));
#6261 = LINE('',#6262,#6263);
#6262 = CARTESIAN_POINT('',(-2.739789512565,-2.68345,0.435270364467));
#6263 = VECTOR('',#6264,1.);
#6264 = DIRECTION('',(0.126399799104,-1.446314211233E-18,0.991979380222)
  );
#6265 = ORIENTED_EDGE('',*,*,#6266,.T.);
#6266 = EDGE_CURVE('',#6259,#6267,#6269,.T.);
#6267 = VERTEX_POINT('',#6268);
#6268 = CARTESIAN_POINT('',(-2.25,-2.68345,1.035));
#6269 = CIRCLE('',#6270,0.47);
#6270 = AXIS2_PLACEMENT_3D('',#6271,#6272,#6273);
#6271 = CARTESIAN_POINT('',(-2.25,-2.68345,0.565));
#6272 = DIRECTION('',(1.144237745222E-17,1.,-2.311115933265E-33));
#6273 = DIRECTION('',(-0.984807753012,1.126854202784E-17,0.173648177667)
  );
#6274 = ORIENTED_EDGE('',*,*,#6275,.T.);
#6275 = EDGE_CURVE('',#6267,#5454,#6276,.T.);
#6276 = LINE('',#6277,#6278);
#6277 = CARTESIAN_POINT('',(-2.25,-2.68345,1.035));
#6278 = VECTOR('',#6279,1.);
#6279 = DIRECTION('',(1.,-1.144237745222E-17,0.));
#6280 = PLANE('',#6281);
#6281 = AXIS2_PLACEMENT_3D('',#6282,#6283,#6284);
#6282 = CARTESIAN_POINT('',(-2.606989201797,-2.68345,0.512419776725));
#6283 = DIRECTION('',(1.144237745222E-17,1.,0.));
#6284 = DIRECTION('',(0.,-0.,1.));
#6285 = ADVANCED_FACE('',(#6286),#6297,.F.);
#6286 = FACE_BOUND('',#6287,.F.);
#6287 = EDGE_LOOP('',(#6288,#6289,#6290,#6296));
#6288 = ORIENTED_EDGE('',*,*,#5439,.T.);
#6289 = ORIENTED_EDGE('',*,*,#6107,.T.);
#6290 = ORIENTED_EDGE('',*,*,#6291,.F.);
#6291 = EDGE_CURVE('',#6200,#6108,#6292,.T.);
#6292 = LINE('',#6293,#6294);
#6293 = CARTESIAN_POINT('',(-2.446961550602,-2.68345,0.599729635533));
#6294 = VECTOR('',#6295,1.);
#6295 = DIRECTION('',(1.144237745222E-17,1.,0.));
#6296 = ORIENTED_EDGE('',*,*,#6199,.F.);
#6297 = CYLINDRICAL_SURFACE('',#6298,0.2);
#6298 = AXIS2_PLACEMENT_3D('',#6299,#6300,#6301);
#6299 = CARTESIAN_POINT('',(-2.25,-2.68345,0.565));
#6300 = DIRECTION('',(-1.144237745222E-17,-1.,0.));
#6301 = DIRECTION('',(0.,0.,1.));
#6302 = ADVANCED_FACE('',(#6303),#6353,.T.);
#6303 = FACE_BOUND('',#6304,.T.);
#6304 = EDGE_LOOP('',(#6305,#6313,#6321,#6329,#6337,#6345,#6351,#6352));
#6305 = ORIENTED_EDGE('',*,*,#6306,.T.);
#6306 = EDGE_CURVE('',#5541,#6307,#6309,.T.);
#6307 = VERTEX_POINT('',#6308);
#6308 = CARTESIAN_POINT('',(1.75,-1.15005,1.035));
#6309 = LINE('',#6310,#6311);
#6310 = CARTESIAN_POINT('',(1.75,-3.25,1.035));
#6311 = VECTOR('',#6312,1.);
#6312 = DIRECTION('',(-1.110223024625E-16,1.,0.));
#6313 = ORIENTED_EDGE('',*,*,#6314,.T.);
#6314 = EDGE_CURVE('',#6307,#6315,#6317,.T.);
#6315 = VERTEX_POINT('',#6316);
#6316 = CARTESIAN_POINT('',(1.735,-1.15005,1.035));
#6317 = LINE('',#6318,#6319);
#6318 = CARTESIAN_POINT('',(2.25,-1.15005,1.035));
#6319 = VECTOR('',#6320,1.);
#6320 = DIRECTION('',(-1.,-1.110223024625E-16,0.));
#6321 = ORIENTED_EDGE('',*,*,#6322,.F.);
#6322 = EDGE_CURVE('',#6323,#6315,#6325,.T.);
#6323 = VERTEX_POINT('',#6324);
#6324 = CARTESIAN_POINT('',(1.735,-3.235,1.035));
#6325 = LINE('',#6326,#6327);
#6326 = CARTESIAN_POINT('',(1.735,-3.235,1.035));
#6327 = VECTOR('',#6328,1.);
#6328 = DIRECTION('',(-1.110223024625E-16,1.,0.));
#6329 = ORIENTED_EDGE('',*,*,#6330,.F.);
#6330 = EDGE_CURVE('',#6331,#6323,#6333,.T.);
#6331 = VERTEX_POINT('',#6332);
#6332 = CARTESIAN_POINT('',(-1.735,-3.235,1.035));
#6333 = LINE('',#6334,#6335);
#6334 = CARTESIAN_POINT('',(-1.735,-3.235,1.035));
#6335 = VECTOR('',#6336,1.);
#6336 = DIRECTION('',(1.,1.110223024625E-16,0.));
#6337 = ORIENTED_EDGE('',*,*,#6338,.F.);
#6338 = EDGE_CURVE('',#6339,#6331,#6341,.T.);
#6339 = VERTEX_POINT('',#6340);
#6340 = CARTESIAN_POINT('',(-1.735,-2.68345,1.035));
#6341 = LINE('',#6342,#6343);
#6342 = CARTESIAN_POINT('',(-1.735,3.235,1.035));
#6343 = VECTOR('',#6344,1.);
#6344 = DIRECTION('',(1.110223024625E-16,-1.,0.));
#6345 = ORIENTED_EDGE('',*,*,#6346,.F.);
#6346 = EDGE_CURVE('',#5454,#6339,#6347,.T.);
#6347 = LINE('',#6348,#6349);
#6348 = CARTESIAN_POINT('',(-2.25,-2.68345,1.035));
#6349 = VECTOR('',#6350,1.);
#6350 = DIRECTION('',(1.,-1.144237745222E-17,0.));
#6351 = ORIENTED_EDGE('',*,*,#5469,.T.);
#6352 = ORIENTED_EDGE('',*,*,#5547,.T.);
#6353 = PLANE('',#6354);
#6354 = AXIS2_PLACEMENT_3D('',#6355,#6356,#6357);
#6355 = CARTESIAN_POINT('',(-1.7425,-3.732941412364E-16,1.035));
#6356 = DIRECTION('',(-2.496972947931E-25,-3.410490578954E-32,1.));
#6357 = DIRECTION('',(1.025679957475E-16,-1.,-3.410490576393E-32));
#6358 = ADVANCED_FACE('',(#6359),#6370,.T.);
#6359 = FACE_BOUND('',#6360,.T.);
#6360 = EDGE_LOOP('',(#6361,#6362,#6363,#6369));
#6361 = ORIENTED_EDGE('',*,*,#5540,.F.);
#6362 = ORIENTED_EDGE('',*,*,#5524,.T.);
#6363 = ORIENTED_EDGE('',*,*,#6364,.F.);
#6364 = EDGE_CURVE('',#6307,#5517,#6365,.T.);
#6365 = LINE('',#6366,#6367);
#6366 = CARTESIAN_POINT('',(1.75,-1.15005,0.773709888363));
#6367 = VECTOR('',#6368,1.);
#6368 = DIRECTION('',(0.,0.,-1.));
#6369 = ORIENTED_EDGE('',*,*,#6306,.F.);
#6370 = PLANE('',#6371);
#6371 = AXIS2_PLACEMENT_3D('',#6372,#6373,#6374);
#6372 = CARTESIAN_POINT('',(1.75,-3.25,1.035));
#6373 = DIRECTION('',(1.,1.110223024625E-16,0.));
#6374 = DIRECTION('',(-1.110223024625E-16,1.,0.));
#6375 = ADVANCED_FACE('',(#6376),#6401,.F.);
#6376 = FACE_BOUND('',#6377,.F.);
#6377 = EDGE_LOOP('',(#6378,#6379,#6387,#6395));
#6378 = ORIENTED_EDGE('',*,*,#5516,.F.);
#6379 = ORIENTED_EDGE('',*,*,#6380,.T.);
#6380 = EDGE_CURVE('',#5517,#6381,#6383,.T.);
#6381 = VERTEX_POINT('',#6382);
#6382 = CARTESIAN_POINT('',(2.25,-1.15005,0.765));
#6383 = LINE('',#6384,#6385);
#6384 = CARTESIAN_POINT('',(1.72,-1.15005,0.765));
#6385 = VECTOR('',#6386,1.);
#6386 = DIRECTION('',(1.,1.110223024625E-16,0.));
#6387 = ORIENTED_EDGE('',*,*,#6388,.F.);
#6388 = EDGE_CURVE('',#6389,#6381,#6391,.T.);
#6389 = VERTEX_POINT('',#6390);
#6390 = CARTESIAN_POINT('',(2.25,1.15005,0.765));
#6391 = LINE('',#6392,#6393);
#6392 = CARTESIAN_POINT('',(2.25,1.15005,0.765));
#6393 = VECTOR('',#6394,1.);
#6394 = DIRECTION('',(1.110223024625E-16,-1.,0.));
#6395 = ORIENTED_EDGE('',*,*,#6396,.F.);
#6396 = EDGE_CURVE('',#5509,#6389,#6397,.T.);
#6397 = LINE('',#6398,#6399);
#6398 = CARTESIAN_POINT('',(1.72,1.15005,0.765));
#6399 = VECTOR('',#6400,1.);
#6400 = DIRECTION('',(1.,1.110223024625E-16,0.));
#6401 = PLANE('',#6402);
#6402 = AXIS2_PLACEMENT_3D('',#6403,#6404,#6405);
#6403 = CARTESIAN_POINT('',(1.72,-0.38335,0.765));
#6404 = DIRECTION('',(0.,0.,1.));
#6405 = DIRECTION('',(1.,1.110223024625E-16,-0.));
#6406 = ADVANCED_FACE('',(#6407),#6418,.T.);
#6407 = FACE_BOUND('',#6408,.T.);
#6408 = EDGE_LOOP('',(#6409,#6415,#6416,#6417));
#6409 = ORIENTED_EDGE('',*,*,#6410,.T.);
#6410 = EDGE_CURVE('',#5620,#5509,#6411,.T.);
#6411 = LINE('',#6412,#6413);
#6412 = CARTESIAN_POINT('',(1.75,1.15005,0.773709888363));
#6413 = VECTOR('',#6414,1.);
#6414 = DIRECTION('',(0.,0.,-1.));
#6415 = ORIENTED_EDGE('',*,*,#5508,.T.);
#6416 = ORIENTED_EDGE('',*,*,#5572,.T.);
#6417 = ORIENTED_EDGE('',*,*,#5627,.F.);
#6418 = PLANE('',#6419);
#6419 = AXIS2_PLACEMENT_3D('',#6420,#6421,#6422);
#6420 = CARTESIAN_POINT('',(1.75,-3.25,1.035));
#6421 = DIRECTION('',(1.,1.110223024625E-16,0.));
#6422 = DIRECTION('',(-1.110223024625E-16,1.,0.));
#6423 = ADVANCED_FACE('',(#6424),#6456,.F.);
#6424 = FACE_BOUND('',#6425,.F.);
#6425 = EDGE_LOOP('',(#6426,#6436,#6442,#6443,#6449,#6450));
#6426 = ORIENTED_EDGE('',*,*,#6427,.F.);
#6427 = EDGE_CURVE('',#6428,#6430,#6432,.T.);
#6428 = VERTEX_POINT('',#6429);
#6429 = CARTESIAN_POINT('',(2.25,-1.15005,1.035));
#6430 = VERTEX_POINT('',#6431);
#6431 = CARTESIAN_POINT('',(2.25,1.15005,1.035));
#6432 = LINE('',#6433,#6434);
#6433 = CARTESIAN_POINT('',(2.25,-1.15005,1.035));
#6434 = VECTOR('',#6435,1.);
#6435 = DIRECTION('',(-1.110223024625E-16,1.,0.));
#6436 = ORIENTED_EDGE('',*,*,#6437,.T.);
#6437 = EDGE_CURVE('',#6428,#6307,#6438,.T.);
#6438 = LINE('',#6439,#6440);
#6439 = CARTESIAN_POINT('',(2.25,-1.15005,1.035));
#6440 = VECTOR('',#6441,1.);
#6441 = DIRECTION('',(-1.,-1.110223024625E-16,0.));
#6442 = ORIENTED_EDGE('',*,*,#6314,.T.);
#6443 = ORIENTED_EDGE('',*,*,#6444,.T.);
#6444 = EDGE_CURVE('',#6315,#5612,#6445,.T.);
#6445 = LINE('',#6446,#6447);
#6446 = CARTESIAN_POINT('',(1.735,-3.235,1.035));
#6447 = VECTOR('',#6448,1.);
#6448 = DIRECTION('',(-1.110223024625E-16,1.,0.));
#6449 = ORIENTED_EDGE('',*,*,#5619,.F.);
#6450 = ORIENTED_EDGE('',*,*,#6451,.F.);
#6451 = EDGE_CURVE('',#6430,#5620,#6452,.T.);
#6452 = LINE('',#6453,#6454);
#6453 = CARTESIAN_POINT('',(2.25,1.15005,1.035));
#6454 = VECTOR('',#6455,1.);
#6455 = DIRECTION('',(-1.,-1.110223024625E-16,0.));
#6456 = PLANE('',#6457);
#6457 = AXIS2_PLACEMENT_3D('',#6458,#6459,#6460);
#6458 = CARTESIAN_POINT('',(2.25,-0.38335,1.035));
#6459 = DIRECTION('',(0.,0.,-1.));
#6460 = DIRECTION('',(-1.,-1.110223024625E-16,-0.));
#6461 = ADVANCED_FACE('',(#6462),#6487,.T.);
#6462 = FACE_BOUND('',#6463,.T.);
#6463 = EDGE_LOOP('',(#6464,#6465,#6466,#6467,#6474,#6482));
#6464 = ORIENTED_EDGE('',*,*,#6322,.T.);
#6465 = ORIENTED_EDGE('',*,*,#6444,.T.);
#6466 = ORIENTED_EDGE('',*,*,#5611,.T.);
#6467 = ORIENTED_EDGE('',*,*,#6468,.T.);
#6468 = EDGE_CURVE('',#5604,#6469,#6471,.T.);
#6469 = VERTEX_POINT('',#6470);
#6470 = CARTESIAN_POINT('',(1.641540344923,3.141540344923,1.7));
#6471 = B_SPLINE_CURVE_WITH_KNOTS('',1,(#6472,#6473),.UNSPECIFIED.,.F.,
  .F.,(2,2),(0.,1.),.PIECEWISE_BEZIER_KNOTS.);
#6472 = CARTESIAN_POINT('',(1.735,3.235,1.035));
#6473 = CARTESIAN_POINT('',(1.641540344923,3.141540344923,1.7));
#6474 = ORIENTED_EDGE('',*,*,#6475,.F.);
#6475 = EDGE_CURVE('',#6476,#6469,#6478,.T.);
#6476 = VERTEX_POINT('',#6477);
#6477 = CARTESIAN_POINT('',(1.641540344923,-3.141540344923,1.7));
#6478 = LINE('',#6479,#6480);
#6479 = CARTESIAN_POINT('',(1.641540344923,-3.141540344923,1.7));
#6480 = VECTOR('',#6481,1.);
#6481 = DIRECTION('',(-1.110223024625E-16,1.,0.));
#6482 = ORIENTED_EDGE('',*,*,#6483,.F.);
#6483 = EDGE_CURVE('',#6323,#6476,#6484,.T.);
#6484 = B_SPLINE_CURVE_WITH_KNOTS('',1,(#6485,#6486),.UNSPECIFIED.,.F.,
  .F.,(2,2),(0.,1.),.PIECEWISE_BEZIER_KNOTS.);
#6485 = CARTESIAN_POINT('',(1.735,-3.235,1.035));
#6486 = CARTESIAN_POINT('',(1.641540344923,-3.141540344923,1.7));
#6487 = B_SPLINE_SURFACE_WITH_KNOTS('',1,1,(
    (#6488,#6489)
    ,(#6490,#6491
    )),.UNSPECIFIED.,.F.,.F.,.F.,(2,2),(2,2),(0.,6.47),(0.,1.),
  .PIECEWISE_BEZIER_KNOTS.);
#6488 = CARTESIAN_POINT('',(1.735,-3.235,1.035));
#6489 = CARTESIAN_POINT('',(1.641540344923,-3.141540344923,1.7));
#6490 = CARTESIAN_POINT('',(1.735,3.235,1.035));
#6491 = CARTESIAN_POINT('',(1.641540344923,3.141540344923,1.7));
#6492 = ADVANCED_FACE('',(#6493),#6510,.T.);
#6493 = FACE_BOUND('',#6494,.T.);
#6494 = EDGE_LOOP('',(#6495,#6496,#6503,#6509));
#6495 = ORIENTED_EDGE('',*,*,#5603,.T.);
#6496 = ORIENTED_EDGE('',*,*,#6497,.T.);
#6497 = EDGE_CURVE('',#5596,#6498,#6500,.T.);
#6498 = VERTEX_POINT('',#6499);
#6499 = CARTESIAN_POINT('',(-1.641540344923,3.141540344923,1.7));
#6500 = B_SPLINE_CURVE_WITH_KNOTS('',1,(#6501,#6502),.UNSPECIFIED.,.F.,
  .F.,(2,2),(0.,1.),.PIECEWISE_BEZIER_KNOTS.);
#6501 = CARTESIAN_POINT('',(-1.735,3.235,1.035));
#6502 = CARTESIAN_POINT('',(-1.641540344923,3.141540344923,1.7));
#6503 = ORIENTED_EDGE('',*,*,#6504,.F.);
#6504 = EDGE_CURVE('',#6469,#6498,#6505,.T.);
#6505 = LINE('',#6506,#6507);
#6506 = CARTESIAN_POINT('',(1.641540344923,3.141540344923,1.7));
#6507 = VECTOR('',#6508,1.);
#6508 = DIRECTION('',(-1.,-1.110223024625E-16,0.));
#6509 = ORIENTED_EDGE('',*,*,#6468,.F.);
#6510 = B_SPLINE_SURFACE_WITH_KNOTS('',1,1,(
    (#6511,#6512)
    ,(#6513,#6514
    )),.UNSPECIFIED.,.F.,.F.,.F.,(2,2),(2,2),(0.,3.47),(0.,1.),
  .PIECEWISE_BEZIER_KNOTS.);
#6511 = CARTESIAN_POINT('',(1.735,3.235,1.035));
#6512 = CARTESIAN_POINT('',(1.641540344923,3.141540344923,1.7));
#6513 = CARTESIAN_POINT('',(-1.735,3.235,1.035));
#6514 = CARTESIAN_POINT('',(-1.641540344923,3.141540344923,1.7));
#6515 = ADVANCED_FACE('',(#6516),#6554,.T.);
#6516 = FACE_BOUND('',#6517,.T.);
#6517 = EDGE_LOOP('',(#6518,#6519,#6525,#6526,#6532,#6533,#6539,#6540,
    #6547,#6553));
#6518 = ORIENTED_EDGE('',*,*,#5595,.T.);
#6519 = ORIENTED_EDGE('',*,*,#6520,.T.);
#6520 = EDGE_CURVE('',#5588,#5843,#6521,.T.);
#6521 = LINE('',#6522,#6523);
#6522 = CARTESIAN_POINT('',(-1.735,3.235,1.035));
#6523 = VECTOR('',#6524,1.);
#6524 = DIRECTION('',(1.110223024625E-16,-1.,0.));
#6525 = ORIENTED_EDGE('',*,*,#5859,.T.);
#6526 = ORIENTED_EDGE('',*,*,#6527,.T.);
#6527 = EDGE_CURVE('',#5852,#6075,#6528,.T.);
#6528 = LINE('',#6529,#6530);
#6529 = CARTESIAN_POINT('',(-1.735,3.235,1.035));
#6530 = VECTOR('',#6531,1.);
#6531 = DIRECTION('',(1.110223024625E-16,-1.,0.));
#6532 = ORIENTED_EDGE('',*,*,#6091,.T.);
#6533 = ORIENTED_EDGE('',*,*,#6534,.T.);
#6534 = EDGE_CURVE('',#6084,#6339,#6535,.T.);
#6535 = LINE('',#6536,#6537);
#6536 = CARTESIAN_POINT('',(-1.735,3.235,1.035));
#6537 = VECTOR('',#6538,1.);
#6538 = DIRECTION('',(1.110223024625E-16,-1.,0.));
#6539 = ORIENTED_EDGE('',*,*,#6338,.T.);
#6540 = ORIENTED_EDGE('',*,*,#6541,.T.);
#6541 = EDGE_CURVE('',#6331,#6542,#6544,.T.);
#6542 = VERTEX_POINT('',#6543);
#6543 = CARTESIAN_POINT('',(-1.641540344923,-3.141540344923,1.7));
#6544 = B_SPLINE_CURVE_WITH_KNOTS('',1,(#6545,#6546),.UNSPECIFIED.,.F.,
  .F.,(2,2),(0.,1.),.PIECEWISE_BEZIER_KNOTS.);
#6545 = CARTESIAN_POINT('',(-1.735,-3.235,1.035));
#6546 = CARTESIAN_POINT('',(-1.641540344923,-3.141540344923,1.7));
#6547 = ORIENTED_EDGE('',*,*,#6548,.F.);
#6548 = EDGE_CURVE('',#6498,#6542,#6549,.T.);
#6549 = LINE('',#6550,#6551);
#6550 = CARTESIAN_POINT('',(-1.641540344923,3.141540344923,1.7));
#6551 = VECTOR('',#6552,1.);
#6552 = DIRECTION('',(1.110223024625E-16,-1.,0.));
#6553 = ORIENTED_EDGE('',*,*,#6497,.F.);
#6554 = B_SPLINE_SURFACE_WITH_KNOTS('',1,1,(
    (#6555,#6556)
    ,(#6557,#6558
    )),.UNSPECIFIED.,.F.,.F.,.F.,(2,2),(2,2),(0.,6.47),(0.,1.),
  .PIECEWISE_BEZIER_KNOTS.);
#6555 = CARTESIAN_POINT('',(-1.735,3.235,1.035));
#6556 = CARTESIAN_POINT('',(-1.641540344923,3.141540344923,1.7));
#6557 = CARTESIAN_POINT('',(-1.735,-3.235,1.035));
#6558 = CARTESIAN_POINT('',(-1.641540344923,-3.141540344923,1.7));
#6559 = ADVANCED_FACE('',(#6560),#6573,.F.);
#6560 = FACE_BOUND('',#6561,.F.);
#6561 = EDGE_LOOP('',(#6562,#6563,#6569,#6570,#6571,#6572));
#6562 = ORIENTED_EDGE('',*,*,#5811,.F.);
#6563 = ORIENTED_EDGE('',*,*,#6564,.T.);
#6564 = EDGE_CURVE('',#5803,#5711,#6565,.T.);
#6565 = LINE('',#6566,#6567);
#6566 = CARTESIAN_POINT('',(-2.25,1.91675,1.035));
#6567 = VECTOR('',#6568,1.);
#6568 = DIRECTION('',(1.144237745222E-17,1.,0.));
#6569 = ORIENTED_EDGE('',*,*,#5719,.T.);
#6570 = ORIENTED_EDGE('',*,*,#5587,.T.);
#6571 = ORIENTED_EDGE('',*,*,#6520,.T.);
#6572 = ORIENTED_EDGE('',*,*,#5842,.F.);
#6573 = PLANE('',#6574);
#6574 = AXIS2_PLACEMENT_3D('',#6575,#6576,#6577);
#6575 = CARTESIAN_POINT('',(-2.25,1.91675,1.035));
#6576 = DIRECTION('',(0.,0.,-1.));
#6577 = DIRECTION('',(1.,-1.144237745222E-17,0.));
#6578 = ADVANCED_FACE('',(#6579),#6590,.T.);
#6579 = FACE_BOUND('',#6580,.T.);
#6580 = EDGE_LOOP('',(#6581,#6582,#6583,#6584));
#6581 = ORIENTED_EDGE('',*,*,#5802,.T.);
#6582 = ORIENTED_EDGE('',*,*,#6564,.T.);
#6583 = ORIENTED_EDGE('',*,*,#5710,.F.);
#6584 = ORIENTED_EDGE('',*,*,#6585,.F.);
#6585 = EDGE_CURVE('',#5795,#5703,#6586,.T.);
#6586 = LINE('',#6587,#6588);
#6587 = CARTESIAN_POINT('',(-2.712859643916,1.91675,0.646614643503));
#6588 = VECTOR('',#6589,1.);
#6589 = DIRECTION('',(1.144237745222E-17,1.,0.));
#6590 = CYLINDRICAL_SURFACE('',#6591,0.47);
#6591 = AXIS2_PLACEMENT_3D('',#6592,#6593,#6594);
#6592 = CARTESIAN_POINT('',(-2.25,1.91675,0.565));
#6593 = DIRECTION('',(-1.144237745222E-17,-1.,0.));
#6594 = DIRECTION('',(-0.984807753012,1.126854202784E-17,0.173648177667)
  );
#6595 = ADVANCED_FACE('',(#6596),#6607,.F.);
#6596 = FACE_BOUND('',#6597,.F.);
#6597 = EDGE_LOOP('',(#6598,#6604,#6605,#6606));
#6598 = ORIENTED_EDGE('',*,*,#6599,.T.);
#6599 = EDGE_CURVE('',#5786,#5694,#6600,.T.);
#6600 = LINE('',#6601,#6602);
#6601 = CARTESIAN_POINT('',(-2.739789512565,1.91675,0.435270364467));
#6602 = VECTOR('',#6603,1.);
#6603 = DIRECTION('',(1.144237745222E-17,1.,0.));
#6604 = ORIENTED_EDGE('',*,*,#5702,.T.);
#6605 = ORIENTED_EDGE('',*,*,#6585,.F.);
#6606 = ORIENTED_EDGE('',*,*,#5794,.F.);
#6607 = PLANE('',#6608);
#6608 = AXIS2_PLACEMENT_3D('',#6609,#6610,#6611);
#6609 = CARTESIAN_POINT('',(-2.739789512565,1.91675,0.435270364467));
#6610 = DIRECTION('',(0.991979380222,-1.135060249332E-17,-0.126399799104
    ));
#6611 = DIRECTION('',(0.126399799104,-1.446314211233E-18,0.991979380222)
  );
#6612 = ADVANCED_FACE('',(#6613),#6624,.F.);
#6613 = FACE_BOUND('',#6614,.F.);
#6614 = EDGE_LOOP('',(#6615,#6621,#6622,#6623));
#6615 = ORIENTED_EDGE('',*,*,#6616,.T.);
#6616 = EDGE_CURVE('',#5778,#5686,#6617,.T.);
#6617 = LINE('',#6618,#6619);
#6618 = CARTESIAN_POINT('',(-2.936751063167,1.91675,0.27));
#6619 = VECTOR('',#6620,1.);
#6620 = DIRECTION('',(1.144237745222E-17,1.,0.));
#6621 = ORIENTED_EDGE('',*,*,#5693,.T.);
#6622 = ORIENTED_EDGE('',*,*,#6599,.F.);
#6623 = ORIENTED_EDGE('',*,*,#5785,.F.);
#6624 = CYLINDRICAL_SURFACE('',#6625,0.2);
#6625 = AXIS2_PLACEMENT_3D('',#6626,#6627,#6628);
#6626 = CARTESIAN_POINT('',(-2.936751063167,1.91675,0.47));
#6627 = DIRECTION('',(-1.144237745222E-17,-1.,0.));
#6628 = DIRECTION('',(-2.22044604925E-15,2.540718180781E-32,-1.));
#6629 = ADVANCED_FACE('',(#6630),#6641,.F.);
#6630 = FACE_BOUND('',#6631,.F.);
#6631 = EDGE_LOOP('',(#6632,#6638,#6639,#6640));
#6632 = ORIENTED_EDGE('',*,*,#6633,.T.);
#6633 = EDGE_CURVE('',#5770,#5678,#6634,.T.);
#6634 = LINE('',#6635,#6636);
#6635 = CARTESIAN_POINT('',(-3.5,1.91675,0.27));
#6636 = VECTOR('',#6637,1.);
#6637 = DIRECTION('',(1.144237745222E-17,1.,0.));
#6638 = ORIENTED_EDGE('',*,*,#5685,.T.);
#6639 = ORIENTED_EDGE('',*,*,#6616,.F.);
#6640 = ORIENTED_EDGE('',*,*,#5777,.F.);
#6641 = PLANE('',#6642);
#6642 = AXIS2_PLACEMENT_3D('',#6643,#6644,#6645);
#6643 = CARTESIAN_POINT('',(-3.5,1.91675,0.27));
#6644 = DIRECTION('',(0.,0.,-1.));
#6645 = DIRECTION('',(1.,-1.144237745222E-17,0.));
#6646 = ADVANCED_FACE('',(#6647),#6658,.F.);
#6647 = FACE_BOUND('',#6648,.F.);
#6648 = EDGE_LOOP('',(#6649,#6655,#6656,#6657));
#6649 = ORIENTED_EDGE('',*,*,#6650,.T.);
#6650 = EDGE_CURVE('',#5762,#5670,#6651,.T.);
#6651 = LINE('',#6652,#6653);
#6652 = CARTESIAN_POINT('',(-3.5,1.91675,-1.665334536938E-16));
#6653 = VECTOR('',#6654,1.);
#6654 = DIRECTION('',(1.144237745222E-17,1.,0.));
#6655 = ORIENTED_EDGE('',*,*,#5677,.T.);
#6656 = ORIENTED_EDGE('',*,*,#6633,.F.);
#6657 = ORIENTED_EDGE('',*,*,#5769,.F.);
#6658 = PLANE('',#6659);
#6659 = AXIS2_PLACEMENT_3D('',#6660,#6661,#6662);
#6660 = CARTESIAN_POINT('',(-3.5,1.91675,-1.665334536938E-16));
#6661 = DIRECTION('',(1.,-1.144237745222E-17,0.));
#6662 = DIRECTION('',(0.,0.,1.));
#6663 = ADVANCED_FACE('',(#6664),#6675,.F.);
#6664 = FACE_BOUND('',#6665,.F.);
#6665 = EDGE_LOOP('',(#6666,#6672,#6673,#6674));
#6666 = ORIENTED_EDGE('',*,*,#6667,.T.);
#6667 = EDGE_CURVE('',#5753,#5661,#6668,.T.);
#6668 = LINE('',#6669,#6670);
#6669 = CARTESIAN_POINT('',(-2.936751063167,1.91675,-1.665334536938E-16)
  );
#6670 = VECTOR('',#6671,1.);
#6671 = DIRECTION('',(1.144237745222E-17,1.,0.));
#6672 = ORIENTED_EDGE('',*,*,#5669,.T.);
#6673 = ORIENTED_EDGE('',*,*,#6650,.F.);
#6674 = ORIENTED_EDGE('',*,*,#5761,.F.);
#6675 = PLANE('',#6676);
#6676 = AXIS2_PLACEMENT_3D('',#6677,#6678,#6679);
#6677 = CARTESIAN_POINT('',(-2.936751063167,1.91675,-1.665334536938E-16)
  );
#6678 = DIRECTION('',(0.,0.,1.));
#6679 = DIRECTION('',(-1.,1.144237745222E-17,0.));
#6680 = ADVANCED_FACE('',(#6681),#6692,.T.);
#6681 = FACE_BOUND('',#6682,.T.);
#6682 = EDGE_LOOP('',(#6683,#6684,#6685,#6686));
#6683 = ORIENTED_EDGE('',*,*,#5752,.T.);
#6684 = ORIENTED_EDGE('',*,*,#6667,.T.);
#6685 = ORIENTED_EDGE('',*,*,#5660,.F.);
#6686 = ORIENTED_EDGE('',*,*,#6687,.F.);
#6687 = EDGE_CURVE('',#5745,#5653,#6688,.T.);
#6688 = LINE('',#6689,#6690);
#6689 = CARTESIAN_POINT('',(-2.473891419252,1.91675,0.388385356497));
#6690 = VECTOR('',#6691,1.);
#6691 = DIRECTION('',(1.144237745222E-17,1.,0.));
#6692 = CYLINDRICAL_SURFACE('',#6693,0.47);
#6693 = AXIS2_PLACEMENT_3D('',#6694,#6695,#6696);
#6694 = CARTESIAN_POINT('',(-2.936751063167,1.91675,0.47));
#6695 = DIRECTION('',(-1.144237745222E-17,-1.,0.));
#6696 = DIRECTION('',(0.984807753012,-1.126854202784E-17,-0.173648177667
    ));
#6697 = ADVANCED_FACE('',(#6698),#6704,.F.);
#6698 = FACE_BOUND('',#6699,.F.);
#6699 = EDGE_LOOP('',(#6700,#6701,#6702,#6703));
#6700 = ORIENTED_EDGE('',*,*,#5827,.T.);
#6701 = ORIENTED_EDGE('',*,*,#5652,.T.);
#6702 = ORIENTED_EDGE('',*,*,#6687,.F.);
#6703 = ORIENTED_EDGE('',*,*,#5744,.F.);
#6704 = PLANE('',#6705);
#6705 = AXIS2_PLACEMENT_3D('',#6706,#6707,#6708);
#6706 = CARTESIAN_POINT('',(-2.446961550602,1.91675,0.599729635533));
#6707 = DIRECTION('',(-0.991979380222,1.135060249332E-17,0.126399799104)
  );
#6708 = DIRECTION('',(-0.126399799104,1.446314211233E-18,-0.991979380222
    ));
#6709 = ADVANCED_FACE('',(#6710),#6723,.F.);
#6710 = FACE_BOUND('',#6711,.F.);
#6711 = EDGE_LOOP('',(#6712,#6713,#6719,#6720,#6721,#6722));
#6712 = ORIENTED_EDGE('',*,*,#6043,.F.);
#6713 = ORIENTED_EDGE('',*,*,#6714,.T.);
#6714 = EDGE_CURVE('',#6035,#5943,#6715,.T.);
#6715 = LINE('',#6716,#6717);
#6716 = CARTESIAN_POINT('',(-2.25,-0.38335,1.035));
#6717 = VECTOR('',#6718,1.);
#6718 = DIRECTION('',(1.144237745222E-17,1.,0.));
#6719 = ORIENTED_EDGE('',*,*,#5951,.T.);
#6720 = ORIENTED_EDGE('',*,*,#5851,.T.);
#6721 = ORIENTED_EDGE('',*,*,#6527,.T.);
#6722 = ORIENTED_EDGE('',*,*,#6074,.F.);
#6723 = PLANE('',#6724);
#6724 = AXIS2_PLACEMENT_3D('',#6725,#6726,#6727);
#6725 = CARTESIAN_POINT('',(-2.25,-0.38335,1.035));
#6726 = DIRECTION('',(0.,0.,-1.));
#6727 = DIRECTION('',(1.,-1.144237745222E-17,0.));
#6728 = ADVANCED_FACE('',(#6729),#6740,.T.);
#6729 = FACE_BOUND('',#6730,.T.);
#6730 = EDGE_LOOP('',(#6731,#6732,#6733,#6734));
#6731 = ORIENTED_EDGE('',*,*,#6034,.T.);
#6732 = ORIENTED_EDGE('',*,*,#6714,.T.);
#6733 = ORIENTED_EDGE('',*,*,#5942,.F.);
#6734 = ORIENTED_EDGE('',*,*,#6735,.F.);
#6735 = EDGE_CURVE('',#6027,#5935,#6736,.T.);
#6736 = LINE('',#6737,#6738);
#6737 = CARTESIAN_POINT('',(-2.712859643916,-0.38335,0.646614643503));
#6738 = VECTOR('',#6739,1.);
#6739 = DIRECTION('',(1.144237745222E-17,1.,0.));
#6740 = CYLINDRICAL_SURFACE('',#6741,0.47);
#6741 = AXIS2_PLACEMENT_3D('',#6742,#6743,#6744);
#6742 = CARTESIAN_POINT('',(-2.25,-0.38335,0.565));
#6743 = DIRECTION('',(-1.144237745222E-17,-1.,0.));
#6744 = DIRECTION('',(-0.984807753012,1.126854202784E-17,0.173648177667)
  );
#6745 = ADVANCED_FACE('',(#6746),#6757,.F.);
#6746 = FACE_BOUND('',#6747,.F.);
#6747 = EDGE_LOOP('',(#6748,#6754,#6755,#6756));
#6748 = ORIENTED_EDGE('',*,*,#6749,.T.);
#6749 = EDGE_CURVE('',#6018,#5926,#6750,.T.);
#6750 = LINE('',#6751,#6752);
#6751 = CARTESIAN_POINT('',(-2.739789512565,-0.38335,0.435270364467));
#6752 = VECTOR('',#6753,1.);
#6753 = DIRECTION('',(1.144237745222E-17,1.,0.));
#6754 = ORIENTED_EDGE('',*,*,#5934,.T.);
#6755 = ORIENTED_EDGE('',*,*,#6735,.F.);
#6756 = ORIENTED_EDGE('',*,*,#6026,.F.);
#6757 = PLANE('',#6758);
#6758 = AXIS2_PLACEMENT_3D('',#6759,#6760,#6761);
#6759 = CARTESIAN_POINT('',(-2.739789512565,-0.38335,0.435270364467));
#6760 = DIRECTION('',(0.991979380222,-1.135060249332E-17,-0.126399799104
    ));
#6761 = DIRECTION('',(0.126399799104,-1.446314211233E-18,0.991979380222)
  );
#6762 = ADVANCED_FACE('',(#6763),#6774,.F.);
#6763 = FACE_BOUND('',#6764,.F.);
#6764 = EDGE_LOOP('',(#6765,#6771,#6772,#6773));
#6765 = ORIENTED_EDGE('',*,*,#6766,.T.);
#6766 = EDGE_CURVE('',#6010,#5918,#6767,.T.);
#6767 = LINE('',#6768,#6769);
#6768 = CARTESIAN_POINT('',(-2.936751063167,-0.38335,0.27));
#6769 = VECTOR('',#6770,1.);
#6770 = DIRECTION('',(1.144237745222E-17,1.,0.));
#6771 = ORIENTED_EDGE('',*,*,#5925,.T.);
#6772 = ORIENTED_EDGE('',*,*,#6749,.F.);
#6773 = ORIENTED_EDGE('',*,*,#6017,.F.);
#6774 = CYLINDRICAL_SURFACE('',#6775,0.2);
#6775 = AXIS2_PLACEMENT_3D('',#6776,#6777,#6778);
#6776 = CARTESIAN_POINT('',(-2.936751063167,-0.38335,0.47));
#6777 = DIRECTION('',(-1.144237745222E-17,-1.,0.));
#6778 = DIRECTION('',(-2.22044604925E-15,2.540718180781E-32,-1.));
#6779 = ADVANCED_FACE('',(#6780),#6791,.F.);
#6780 = FACE_BOUND('',#6781,.F.);
#6781 = EDGE_LOOP('',(#6782,#6788,#6789,#6790));
#6782 = ORIENTED_EDGE('',*,*,#6783,.T.);
#6783 = EDGE_CURVE('',#6002,#5910,#6784,.T.);
#6784 = LINE('',#6785,#6786);
#6785 = CARTESIAN_POINT('',(-3.5,-0.38335,0.27));
#6786 = VECTOR('',#6787,1.);
#6787 = DIRECTION('',(1.144237745222E-17,1.,0.));
#6788 = ORIENTED_EDGE('',*,*,#5917,.T.);
#6789 = ORIENTED_EDGE('',*,*,#6766,.F.);
#6790 = ORIENTED_EDGE('',*,*,#6009,.F.);
#6791 = PLANE('',#6792);
#6792 = AXIS2_PLACEMENT_3D('',#6793,#6794,#6795);
#6793 = CARTESIAN_POINT('',(-3.5,-0.38335,0.27));
#6794 = DIRECTION('',(0.,0.,-1.));
#6795 = DIRECTION('',(1.,-1.144237745222E-17,0.));
#6796 = ADVANCED_FACE('',(#6797),#6808,.F.);
#6797 = FACE_BOUND('',#6798,.F.);
#6798 = EDGE_LOOP('',(#6799,#6805,#6806,#6807));
#6799 = ORIENTED_EDGE('',*,*,#6800,.T.);
#6800 = EDGE_CURVE('',#5994,#5902,#6801,.T.);
#6801 = LINE('',#6802,#6803);
#6802 = CARTESIAN_POINT('',(-3.5,-0.38335,-1.665334536938E-16));
#6803 = VECTOR('',#6804,1.);
#6804 = DIRECTION('',(1.144237745222E-17,1.,0.));
#6805 = ORIENTED_EDGE('',*,*,#5909,.T.);
#6806 = ORIENTED_EDGE('',*,*,#6783,.F.);
#6807 = ORIENTED_EDGE('',*,*,#6001,.F.);
#6808 = PLANE('',#6809);
#6809 = AXIS2_PLACEMENT_3D('',#6810,#6811,#6812);
#6810 = CARTESIAN_POINT('',(-3.5,-0.38335,-1.665334536938E-16));
#6811 = DIRECTION('',(1.,-1.144237745222E-17,0.));
#6812 = DIRECTION('',(0.,0.,1.));
#6813 = ADVANCED_FACE('',(#6814),#6825,.F.);
#6814 = FACE_BOUND('',#6815,.F.);
#6815 = EDGE_LOOP('',(#6816,#6822,#6823,#6824));
#6816 = ORIENTED_EDGE('',*,*,#6817,.T.);
#6817 = EDGE_CURVE('',#5985,#5893,#6818,.T.);
#6818 = LINE('',#6819,#6820);
#6819 = CARTESIAN_POINT('',(-2.936751063167,-0.38335,-1.665334536938E-16
    ));
#6820 = VECTOR('',#6821,1.);
#6821 = DIRECTION('',(1.144237745222E-17,1.,0.));
#6822 = ORIENTED_EDGE('',*,*,#5901,.T.);
#6823 = ORIENTED_EDGE('',*,*,#6800,.F.);
#6824 = ORIENTED_EDGE('',*,*,#5993,.F.);
#6825 = PLANE('',#6826);
#6826 = AXIS2_PLACEMENT_3D('',#6827,#6828,#6829);
#6827 = CARTESIAN_POINT('',(-2.936751063167,-0.38335,-1.665334536938E-16
    ));
#6828 = DIRECTION('',(0.,0.,1.));
#6829 = DIRECTION('',(-1.,1.144237745222E-17,0.));
#6830 = ADVANCED_FACE('',(#6831),#6842,.T.);
#6831 = FACE_BOUND('',#6832,.T.);
#6832 = EDGE_LOOP('',(#6833,#6834,#6835,#6836));
#6833 = ORIENTED_EDGE('',*,*,#5984,.T.);
#6834 = ORIENTED_EDGE('',*,*,#6817,.T.);
#6835 = ORIENTED_EDGE('',*,*,#5892,.F.);
#6836 = ORIENTED_EDGE('',*,*,#6837,.F.);
#6837 = EDGE_CURVE('',#5977,#5885,#6838,.T.);
#6838 = LINE('',#6839,#6840);
#6839 = CARTESIAN_POINT('',(-2.473891419252,-0.38335,0.388385356497));
#6840 = VECTOR('',#6841,1.);
#6841 = DIRECTION('',(1.144237745222E-17,1.,0.));
#6842 = CYLINDRICAL_SURFACE('',#6843,0.47);
#6843 = AXIS2_PLACEMENT_3D('',#6844,#6845,#6846);
#6844 = CARTESIAN_POINT('',(-2.936751063167,-0.38335,0.47));
#6845 = DIRECTION('',(-1.144237745222E-17,-1.,0.));
#6846 = DIRECTION('',(0.984807753012,-1.126854202784E-17,-0.173648177667
    ));
#6847 = ADVANCED_FACE('',(#6848),#6854,.F.);
#6848 = FACE_BOUND('',#6849,.F.);
#6849 = EDGE_LOOP('',(#6850,#6851,#6852,#6853));
#6850 = ORIENTED_EDGE('',*,*,#6059,.T.);
#6851 = ORIENTED_EDGE('',*,*,#5884,.T.);
#6852 = ORIENTED_EDGE('',*,*,#6837,.F.);
#6853 = ORIENTED_EDGE('',*,*,#5976,.F.);
#6854 = PLANE('',#6855);
#6855 = AXIS2_PLACEMENT_3D('',#6856,#6857,#6858);
#6856 = CARTESIAN_POINT('',(-2.446961550602,-0.38335,0.599729635533));
#6857 = DIRECTION('',(-0.991979380222,1.135060249332E-17,0.126399799104)
  );
#6858 = DIRECTION('',(-0.126399799104,1.446314211233E-18,-0.991979380222
    ));
#6859 = ADVANCED_FACE('',(#6860),#6873,.F.);
#6860 = FACE_BOUND('',#6861,.F.);
#6861 = EDGE_LOOP('',(#6862,#6863,#6869,#6870,#6871,#6872));
#6862 = ORIENTED_EDGE('',*,*,#6275,.F.);
#6863 = ORIENTED_EDGE('',*,*,#6864,.T.);
#6864 = EDGE_CURVE('',#6267,#6175,#6865,.T.);
#6865 = LINE('',#6866,#6867);
#6866 = CARTESIAN_POINT('',(-2.25,-2.68345,1.035));
#6867 = VECTOR('',#6868,1.);
#6868 = DIRECTION('',(1.144237745222E-17,1.,0.));
#6869 = ORIENTED_EDGE('',*,*,#6183,.T.);
#6870 = ORIENTED_EDGE('',*,*,#6083,.T.);
#6871 = ORIENTED_EDGE('',*,*,#6534,.T.);
#6872 = ORIENTED_EDGE('',*,*,#6346,.F.);
#6873 = PLANE('',#6874);
#6874 = AXIS2_PLACEMENT_3D('',#6875,#6876,#6877);
#6875 = CARTESIAN_POINT('',(-2.25,-2.68345,1.035));
#6876 = DIRECTION('',(0.,0.,-1.));
#6877 = DIRECTION('',(1.,-1.144237745222E-17,0.));
#6878 = ADVANCED_FACE('',(#6879),#6890,.T.);
#6879 = FACE_BOUND('',#6880,.T.);
#6880 = EDGE_LOOP('',(#6881,#6882,#6883,#6884));
#6881 = ORIENTED_EDGE('',*,*,#6266,.T.);
#6882 = ORIENTED_EDGE('',*,*,#6864,.T.);
#6883 = ORIENTED_EDGE('',*,*,#6174,.F.);
#6884 = ORIENTED_EDGE('',*,*,#6885,.F.);
#6885 = EDGE_CURVE('',#6259,#6167,#6886,.T.);
#6886 = LINE('',#6887,#6888);
#6887 = CARTESIAN_POINT('',(-2.712859643916,-2.68345,0.646614643503));
#6888 = VECTOR('',#6889,1.);
#6889 = DIRECTION('',(1.144237745222E-17,1.,0.));
#6890 = CYLINDRICAL_SURFACE('',#6891,0.47);
#6891 = AXIS2_PLACEMENT_3D('',#6892,#6893,#6894);
#6892 = CARTESIAN_POINT('',(-2.25,-2.68345,0.565));
#6893 = DIRECTION('',(-1.144237745222E-17,-1.,0.));
#6894 = DIRECTION('',(-0.984807753012,1.126854202784E-17,0.173648177667)
  );
#6895 = ADVANCED_FACE('',(#6896),#6907,.F.);
#6896 = FACE_BOUND('',#6897,.F.);
#6897 = EDGE_LOOP('',(#6898,#6904,#6905,#6906));
#6898 = ORIENTED_EDGE('',*,*,#6899,.T.);
#6899 = EDGE_CURVE('',#6250,#6158,#6900,.T.);
#6900 = LINE('',#6901,#6902);
#6901 = CARTESIAN_POINT('',(-2.739789512565,-2.68345,0.435270364467));
#6902 = VECTOR('',#6903,1.);
#6903 = DIRECTION('',(1.144237745222E-17,1.,0.));
#6904 = ORIENTED_EDGE('',*,*,#6166,.T.);
#6905 = ORIENTED_EDGE('',*,*,#6885,.F.);
#6906 = ORIENTED_EDGE('',*,*,#6258,.F.);
#6907 = PLANE('',#6908);
#6908 = AXIS2_PLACEMENT_3D('',#6909,#6910,#6911);
#6909 = CARTESIAN_POINT('',(-2.739789512565,-2.68345,0.435270364467));
#6910 = DIRECTION('',(0.991979380222,-1.135060249332E-17,-0.126399799104
    ));
#6911 = DIRECTION('',(0.126399799104,-1.446314211233E-18,0.991979380222)
  );
#6912 = ADVANCED_FACE('',(#6913),#6924,.F.);
#6913 = FACE_BOUND('',#6914,.F.);
#6914 = EDGE_LOOP('',(#6915,#6921,#6922,#6923));
#6915 = ORIENTED_EDGE('',*,*,#6916,.T.);
#6916 = EDGE_CURVE('',#6242,#6150,#6917,.T.);
#6917 = LINE('',#6918,#6919);
#6918 = CARTESIAN_POINT('',(-2.936751063167,-2.68345,0.27));
#6919 = VECTOR('',#6920,1.);
#6920 = DIRECTION('',(1.144237745222E-17,1.,0.));
#6921 = ORIENTED_EDGE('',*,*,#6157,.T.);
#6922 = ORIENTED_EDGE('',*,*,#6899,.F.);
#6923 = ORIENTED_EDGE('',*,*,#6249,.F.);
#6924 = CYLINDRICAL_SURFACE('',#6925,0.2);
#6925 = AXIS2_PLACEMENT_3D('',#6926,#6927,#6928);
#6926 = CARTESIAN_POINT('',(-2.936751063167,-2.68345,0.47));
#6927 = DIRECTION('',(-1.144237745222E-17,-1.,0.));
#6928 = DIRECTION('',(-2.22044604925E-15,2.540718180781E-32,-1.));
#6929 = ADVANCED_FACE('',(#6930),#6941,.F.);
#6930 = FACE_BOUND('',#6931,.F.);
#6931 = EDGE_LOOP('',(#6932,#6938,#6939,#6940));
#6932 = ORIENTED_EDGE('',*,*,#6933,.T.);
#6933 = EDGE_CURVE('',#6234,#6142,#6934,.T.);
#6934 = LINE('',#6935,#6936);
#6935 = CARTESIAN_POINT('',(-3.5,-2.68345,0.27));
#6936 = VECTOR('',#6937,1.);
#6937 = DIRECTION('',(1.144237745222E-17,1.,0.));
#6938 = ORIENTED_EDGE('',*,*,#6149,.T.);
#6939 = ORIENTED_EDGE('',*,*,#6916,.F.);
#6940 = ORIENTED_EDGE('',*,*,#6241,.F.);
#6941 = PLANE('',#6942);
#6942 = AXIS2_PLACEMENT_3D('',#6943,#6944,#6945);
#6943 = CARTESIAN_POINT('',(-3.5,-2.68345,0.27));
#6944 = DIRECTION('',(0.,0.,-1.));
#6945 = DIRECTION('',(1.,-1.144237745222E-17,0.));
#6946 = ADVANCED_FACE('',(#6947),#6958,.F.);
#6947 = FACE_BOUND('',#6948,.F.);
#6948 = EDGE_LOOP('',(#6949,#6955,#6956,#6957));
#6949 = ORIENTED_EDGE('',*,*,#6950,.T.);
#6950 = EDGE_CURVE('',#6226,#6134,#6951,.T.);
#6951 = LINE('',#6952,#6953);
#6952 = CARTESIAN_POINT('',(-3.5,-2.68345,-1.665334536938E-16));
#6953 = VECTOR('',#6954,1.);
#6954 = DIRECTION('',(1.144237745222E-17,1.,0.));
#6955 = ORIENTED_EDGE('',*,*,#6141,.T.);
#6956 = ORIENTED_EDGE('',*,*,#6933,.F.);
#6957 = ORIENTED_EDGE('',*,*,#6233,.F.);
#6958 = PLANE('',#6959);
#6959 = AXIS2_PLACEMENT_3D('',#6960,#6961,#6962);
#6960 = CARTESIAN_POINT('',(-3.5,-2.68345,-1.665334536938E-16));
#6961 = DIRECTION('',(1.,-1.144237745222E-17,0.));
#6962 = DIRECTION('',(0.,0.,1.));
#6963 = ADVANCED_FACE('',(#6964),#6975,.F.);
#6964 = FACE_BOUND('',#6965,.F.);
#6965 = EDGE_LOOP('',(#6966,#6972,#6973,#6974));
#6966 = ORIENTED_EDGE('',*,*,#6967,.T.);
#6967 = EDGE_CURVE('',#6217,#6125,#6968,.T.);
#6968 = LINE('',#6969,#6970);
#6969 = CARTESIAN_POINT('',(-2.936751063167,-2.68345,-1.665334536938E-16
    ));
#6970 = VECTOR('',#6971,1.);
#6971 = DIRECTION('',(1.144237745222E-17,1.,0.));
#6972 = ORIENTED_EDGE('',*,*,#6133,.T.);
#6973 = ORIENTED_EDGE('',*,*,#6950,.F.);
#6974 = ORIENTED_EDGE('',*,*,#6225,.F.);
#6975 = PLANE('',#6976);
#6976 = AXIS2_PLACEMENT_3D('',#6977,#6978,#6979);
#6977 = CARTESIAN_POINT('',(-2.936751063167,-2.68345,-1.665334536938E-16
    ));
#6978 = DIRECTION('',(0.,0.,1.));
#6979 = DIRECTION('',(-1.,1.144237745222E-17,0.));
#6980 = ADVANCED_FACE('',(#6981),#6992,.T.);
#6981 = FACE_BOUND('',#6982,.T.);
#6982 = EDGE_LOOP('',(#6983,#6984,#6985,#6986));
#6983 = ORIENTED_EDGE('',*,*,#6216,.T.);
#6984 = ORIENTED_EDGE('',*,*,#6967,.T.);
#6985 = ORIENTED_EDGE('',*,*,#6124,.F.);
#6986 = ORIENTED_EDGE('',*,*,#6987,.F.);
#6987 = EDGE_CURVE('',#6209,#6117,#6988,.T.);
#6988 = LINE('',#6989,#6990);
#6989 = CARTESIAN_POINT('',(-2.473891419252,-2.68345,0.388385356497));
#6990 = VECTOR('',#6991,1.);
#6991 = DIRECTION('',(1.144237745222E-17,1.,0.));
#6992 = CYLINDRICAL_SURFACE('',#6993,0.47);
#6993 = AXIS2_PLACEMENT_3D('',#6994,#6995,#6996);
#6994 = CARTESIAN_POINT('',(-2.936751063167,-2.68345,0.47));
#6995 = DIRECTION('',(-1.144237745222E-17,-1.,0.));
#6996 = DIRECTION('',(0.984807753012,-1.126854202784E-17,-0.173648177667
    ));
#6997 = ADVANCED_FACE('',(#6998),#7004,.F.);
#6998 = FACE_BOUND('',#6999,.F.);
#6999 = EDGE_LOOP('',(#7000,#7001,#7002,#7003));
#7000 = ORIENTED_EDGE('',*,*,#6291,.T.);
#7001 = ORIENTED_EDGE('',*,*,#6116,.T.);
#7002 = ORIENTED_EDGE('',*,*,#6987,.F.);
#7003 = ORIENTED_EDGE('',*,*,#6208,.F.);
#7004 = PLANE('',#7005);
#7005 = AXIS2_PLACEMENT_3D('',#7006,#7007,#7008);
#7006 = CARTESIAN_POINT('',(-2.446961550602,-2.68345,0.599729635533));
#7007 = DIRECTION('',(-0.991979380222,1.135060249332E-17,0.126399799104)
  );
#7008 = DIRECTION('',(-0.126399799104,1.446314211233E-18,-0.991979380222
    ));
#7009 = ADVANCED_FACE('',(#7010),#7021,.T.);
#7010 = FACE_BOUND('',#7011,.T.);
#7011 = EDGE_LOOP('',(#7012,#7013,#7014,#7020));
#7012 = ORIENTED_EDGE('',*,*,#6330,.T.);
#7013 = ORIENTED_EDGE('',*,*,#6483,.T.);
#7014 = ORIENTED_EDGE('',*,*,#7015,.F.);
#7015 = EDGE_CURVE('',#6542,#6476,#7016,.T.);
#7016 = LINE('',#7017,#7018);
#7017 = CARTESIAN_POINT('',(-1.641540344923,-3.141540344923,1.7));
#7018 = VECTOR('',#7019,1.);
#7019 = DIRECTION('',(1.,1.110223024625E-16,0.));
#7020 = ORIENTED_EDGE('',*,*,#6541,.F.);
#7021 = B_SPLINE_SURFACE_WITH_KNOTS('',1,1,(
    (#7022,#7023)
    ,(#7024,#7025
    )),.UNSPECIFIED.,.F.,.F.,.F.,(2,2),(2,2),(0.,3.47),(0.,1.),
  .PIECEWISE_BEZIER_KNOTS.);
#7022 = CARTESIAN_POINT('',(-1.735,-3.235,1.035));
#7023 = CARTESIAN_POINT('',(-1.641540344923,-3.141540344923,1.7));
#7024 = CARTESIAN_POINT('',(1.735,-3.235,1.035));
#7025 = CARTESIAN_POINT('',(1.641540344923,-3.141540344923,1.7));
#7026 = ADVANCED_FACE('',(#7027),#7106,.T.);
#7027 = FACE_BOUND('',#7028,.T.);
#7028 = EDGE_LOOP('',(#7029,#7030,#7031,#7040,#7048,#7057,#7065,#7073,
    #7081,#7090,#7098,#7105));
#7029 = ORIENTED_EDGE('',*,*,#6364,.T.);
#7030 = ORIENTED_EDGE('',*,*,#6380,.T.);
#7031 = ORIENTED_EDGE('',*,*,#7032,.T.);
#7032 = EDGE_CURVE('',#6381,#7033,#7035,.T.);
#7033 = VERTEX_POINT('',#7034);
#7034 = CARTESIAN_POINT('',(2.446961550602,-1.15005,0.599729635533));
#7035 = CIRCLE('',#7036,0.2);
#7036 = AXIS2_PLACEMENT_3D('',#7037,#7038,#7039);
#7037 = CARTESIAN_POINT('',(2.25,-1.15005,0.565));
#7038 = DIRECTION('',(-1.110223024625E-16,1.,0.));
#7039 = DIRECTION('',(0.,0.,1.));
#7040 = ORIENTED_EDGE('',*,*,#7041,.T.);
#7041 = EDGE_CURVE('',#7033,#7042,#7044,.T.);
#7042 = VERTEX_POINT('',#7043);
#7043 = CARTESIAN_POINT('',(2.473891419252,-1.15005,0.388385356497));
#7044 = LINE('',#7045,#7046);
#7045 = CARTESIAN_POINT('',(2.446961550602,-1.15005,0.599729635533));
#7046 = VECTOR('',#7047,1.);
#7047 = DIRECTION('',(0.126399799104,1.403319672733E-17,-0.991979380222)
  );
#7048 = ORIENTED_EDGE('',*,*,#7049,.T.);
#7049 = EDGE_CURVE('',#7042,#7050,#7052,.T.);
#7050 = VERTEX_POINT('',#7051);
#7051 = CARTESIAN_POINT('',(2.936751063167,-1.15005,-1.665334536938E-16)
  );
#7052 = CIRCLE('',#7053,0.47);
#7053 = AXIS2_PLACEMENT_3D('',#7054,#7055,#7056);
#7054 = CARTESIAN_POINT('',(2.936751063167,-1.15005,0.47));
#7055 = DIRECTION('',(1.110223024625E-16,-1.,0.));
#7056 = DIRECTION('',(-0.984807753012,-1.093356242223E-16,
    -0.173648177667));
#7057 = ORIENTED_EDGE('',*,*,#7058,.T.);
#7058 = EDGE_CURVE('',#7050,#7059,#7061,.T.);
#7059 = VERTEX_POINT('',#7060);
#7060 = CARTESIAN_POINT('',(3.5,-1.15005,-1.665334536938E-16));
#7061 = LINE('',#7062,#7063);
#7062 = CARTESIAN_POINT('',(2.936751063167,-1.15005,-1.665334536938E-16)
  );
#7063 = VECTOR('',#7064,1.);
#7064 = DIRECTION('',(1.,1.110223024625E-16,0.));
#7065 = ORIENTED_EDGE('',*,*,#7066,.T.);
#7066 = EDGE_CURVE('',#7059,#7067,#7069,.T.);
#7067 = VERTEX_POINT('',#7068);
#7068 = CARTESIAN_POINT('',(3.5,-1.15005,0.27));
#7069 = LINE('',#7070,#7071);
#7070 = CARTESIAN_POINT('',(3.5,-1.15005,-1.665334536938E-16));
#7071 = VECTOR('',#7072,1.);
#7072 = DIRECTION('',(0.,0.,1.));
#7073 = ORIENTED_EDGE('',*,*,#7074,.T.);
#7074 = EDGE_CURVE('',#7067,#7075,#7077,.T.);
#7075 = VERTEX_POINT('',#7076);
#7076 = CARTESIAN_POINT('',(2.936751063167,-1.15005,0.27));
#7077 = LINE('',#7078,#7079);
#7078 = CARTESIAN_POINT('',(3.5,-1.15005,0.27));
#7079 = VECTOR('',#7080,1.);
#7080 = DIRECTION('',(-1.,-1.110223024625E-16,0.));
#7081 = ORIENTED_EDGE('',*,*,#7082,.T.);
#7082 = EDGE_CURVE('',#7075,#7083,#7085,.T.);
#7083 = VERTEX_POINT('',#7084);
#7084 = CARTESIAN_POINT('',(2.739789512565,-1.15005,0.435270364467));
#7085 = CIRCLE('',#7086,0.2);
#7086 = AXIS2_PLACEMENT_3D('',#7087,#7088,#7089);
#7087 = CARTESIAN_POINT('',(2.936751063167,-1.15005,0.47));
#7088 = DIRECTION('',(-1.110223024625E-16,1.,0.));
#7089 = DIRECTION('',(2.22044604925E-15,2.465190328815E-31,-1.));
#7090 = ORIENTED_EDGE('',*,*,#7091,.T.);
#7091 = EDGE_CURVE('',#7083,#7092,#7094,.T.);
#7092 = VERTEX_POINT('',#7093);
#7093 = CARTESIAN_POINT('',(2.712859643916,-1.15005,0.646614643503));
#7094 = LINE('',#7095,#7096);
#7095 = CARTESIAN_POINT('',(2.739789512565,-1.15005,0.435270364467));
#7096 = VECTOR('',#7097,1.);
#7097 = DIRECTION('',(-0.126399799104,-1.403319672733E-17,0.991979380222
    ));
#7098 = ORIENTED_EDGE('',*,*,#7099,.T.);
#7099 = EDGE_CURVE('',#7092,#6428,#7100,.T.);
#7100 = CIRCLE('',#7101,0.47);
#7101 = AXIS2_PLACEMENT_3D('',#7102,#7103,#7104);
#7102 = CARTESIAN_POINT('',(2.25,-1.15005,0.565));
#7103 = DIRECTION('',(1.110223024625E-16,-1.,0.));
#7104 = DIRECTION('',(0.984807753012,1.093356242223E-16,0.173648177667)
  );
#7105 = ORIENTED_EDGE('',*,*,#6437,.T.);
#7106 = PLANE('',#7107);
#7107 = AXIS2_PLACEMENT_3D('',#7108,#7109,#7110);
#7108 = CARTESIAN_POINT('',(2.606989201797,-1.15005,0.512419776725));
#7109 = DIRECTION('',(1.110223024625E-16,-1.,0.));
#7110 = DIRECTION('',(0.,0.,1.));
#7111 = ADVANCED_FACE('',(#7112),#7191,.F.);
#7112 = FACE_BOUND('',#7113,.F.);
#7113 = EDGE_LOOP('',(#7114,#7115,#7116,#7125,#7133,#7142,#7150,#7158,
    #7166,#7175,#7183,#7190));
#7114 = ORIENTED_EDGE('',*,*,#6410,.T.);
#7115 = ORIENTED_EDGE('',*,*,#6396,.T.);
#7116 = ORIENTED_EDGE('',*,*,#7117,.T.);
#7117 = EDGE_CURVE('',#6389,#7118,#7120,.T.);
#7118 = VERTEX_POINT('',#7119);
#7119 = CARTESIAN_POINT('',(2.446961550602,1.15005,0.599729635533));
#7120 = CIRCLE('',#7121,0.2);
#7121 = AXIS2_PLACEMENT_3D('',#7122,#7123,#7124);
#7122 = CARTESIAN_POINT('',(2.25,1.15005,0.565));
#7123 = DIRECTION('',(-1.110223024625E-16,1.,0.));
#7124 = DIRECTION('',(0.,0.,1.));
#7125 = ORIENTED_EDGE('',*,*,#7126,.T.);
#7126 = EDGE_CURVE('',#7118,#7127,#7129,.T.);
#7127 = VERTEX_POINT('',#7128);
#7128 = CARTESIAN_POINT('',(2.473891419252,1.15005,0.388385356497));
#7129 = LINE('',#7130,#7131);
#7130 = CARTESIAN_POINT('',(2.446961550602,1.15005,0.599729635533));
#7131 = VECTOR('',#7132,1.);
#7132 = DIRECTION('',(0.126399799104,1.403319672733E-17,-0.991979380222)
  );
#7133 = ORIENTED_EDGE('',*,*,#7134,.T.);
#7134 = EDGE_CURVE('',#7127,#7135,#7137,.T.);
#7135 = VERTEX_POINT('',#7136);
#7136 = CARTESIAN_POINT('',(2.936751063167,1.15005,-1.665334536938E-16)
  );
#7137 = CIRCLE('',#7138,0.47);
#7138 = AXIS2_PLACEMENT_3D('',#7139,#7140,#7141);
#7139 = CARTESIAN_POINT('',(2.936751063167,1.15005,0.47));
#7140 = DIRECTION('',(1.110223024625E-16,-1.,0.));
#7141 = DIRECTION('',(-0.984807753012,-1.093356242223E-16,
    -0.173648177667));
#7142 = ORIENTED_EDGE('',*,*,#7143,.T.);
#7143 = EDGE_CURVE('',#7135,#7144,#7146,.T.);
#7144 = VERTEX_POINT('',#7145);
#7145 = CARTESIAN_POINT('',(3.5,1.15005,-1.665334536938E-16));
#7146 = LINE('',#7147,#7148);
#7147 = CARTESIAN_POINT('',(2.936751063167,1.15005,-1.665334536938E-16)
  );
#7148 = VECTOR('',#7149,1.);
#7149 = DIRECTION('',(1.,1.110223024625E-16,0.));
#7150 = ORIENTED_EDGE('',*,*,#7151,.T.);
#7151 = EDGE_CURVE('',#7144,#7152,#7154,.T.);
#7152 = VERTEX_POINT('',#7153);
#7153 = CARTESIAN_POINT('',(3.5,1.15005,0.27));
#7154 = LINE('',#7155,#7156);
#7155 = CARTESIAN_POINT('',(3.5,1.15005,-1.665334536938E-16));
#7156 = VECTOR('',#7157,1.);
#7157 = DIRECTION('',(0.,0.,1.));
#7158 = ORIENTED_EDGE('',*,*,#7159,.T.);
#7159 = EDGE_CURVE('',#7152,#7160,#7162,.T.);
#7160 = VERTEX_POINT('',#7161);
#7161 = CARTESIAN_POINT('',(2.936751063167,1.15005,0.27));
#7162 = LINE('',#7163,#7164);
#7163 = CARTESIAN_POINT('',(3.5,1.15005,0.27));
#7164 = VECTOR('',#7165,1.);
#7165 = DIRECTION('',(-1.,-1.110223024625E-16,0.));
#7166 = ORIENTED_EDGE('',*,*,#7167,.T.);
#7167 = EDGE_CURVE('',#7160,#7168,#7170,.T.);
#7168 = VERTEX_POINT('',#7169);
#7169 = CARTESIAN_POINT('',(2.739789512565,1.15005,0.435270364467));
#7170 = CIRCLE('',#7171,0.2);
#7171 = AXIS2_PLACEMENT_3D('',#7172,#7173,#7174);
#7172 = CARTESIAN_POINT('',(2.936751063167,1.15005,0.47));
#7173 = DIRECTION('',(-1.110223024625E-16,1.,0.));
#7174 = DIRECTION('',(2.22044604925E-15,2.465190328815E-31,-1.));
#7175 = ORIENTED_EDGE('',*,*,#7176,.T.);
#7176 = EDGE_CURVE('',#7168,#7177,#7179,.T.);
#7177 = VERTEX_POINT('',#7178);
#7178 = CARTESIAN_POINT('',(2.712859643916,1.15005,0.646614643503));
#7179 = LINE('',#7180,#7181);
#7180 = CARTESIAN_POINT('',(2.739789512565,1.15005,0.435270364467));
#7181 = VECTOR('',#7182,1.);
#7182 = DIRECTION('',(-0.126399799104,-1.403319672733E-17,0.991979380222
    ));
#7183 = ORIENTED_EDGE('',*,*,#7184,.T.);
#7184 = EDGE_CURVE('',#7177,#6430,#7185,.T.);
#7185 = CIRCLE('',#7186,0.47);
#7186 = AXIS2_PLACEMENT_3D('',#7187,#7188,#7189);
#7187 = CARTESIAN_POINT('',(2.25,1.15005,0.565));
#7188 = DIRECTION('',(1.110223024625E-16,-1.,0.));
#7189 = DIRECTION('',(0.984807753012,1.093356242223E-16,0.173648177667)
  );
#7190 = ORIENTED_EDGE('',*,*,#6451,.T.);
#7191 = PLANE('',#7192);
#7192 = AXIS2_PLACEMENT_3D('',#7193,#7194,#7195);
#7193 = CARTESIAN_POINT('',(2.606989201797,1.15005,0.512419776725));
#7194 = DIRECTION('',(1.110223024625E-16,-1.,0.));
#7195 = DIRECTION('',(0.,0.,1.));
#7196 = ADVANCED_FACE('',(#7197),#7208,.F.);
#7197 = FACE_BOUND('',#7198,.F.);
#7198 = EDGE_LOOP('',(#7199,#7200,#7206,#7207));
#7199 = ORIENTED_EDGE('',*,*,#7032,.T.);
#7200 = ORIENTED_EDGE('',*,*,#7201,.F.);
#7201 = EDGE_CURVE('',#7118,#7033,#7202,.T.);
#7202 = LINE('',#7203,#7204);
#7203 = CARTESIAN_POINT('',(2.446961550602,1.15005,0.599729635533));
#7204 = VECTOR('',#7205,1.);
#7205 = DIRECTION('',(1.110223024625E-16,-1.,0.));
#7206 = ORIENTED_EDGE('',*,*,#7117,.F.);
#7207 = ORIENTED_EDGE('',*,*,#6388,.T.);
#7208 = CYLINDRICAL_SURFACE('',#7209,0.2);
#7209 = AXIS2_PLACEMENT_3D('',#7210,#7211,#7212);
#7210 = CARTESIAN_POINT('',(2.25,-0.38335,0.565));
#7211 = DIRECTION('',(-1.110223024625E-16,1.,0.));
#7212 = DIRECTION('',(0.,0.,1.));
#7213 = ADVANCED_FACE('',(#7214),#7225,.T.);
#7214 = FACE_BOUND('',#7215,.T.);
#7215 = EDGE_LOOP('',(#7216,#7222,#7223,#7224));
#7216 = ORIENTED_EDGE('',*,*,#7217,.F.);
#7217 = EDGE_CURVE('',#7177,#7092,#7218,.T.);
#7218 = LINE('',#7219,#7220);
#7219 = CARTESIAN_POINT('',(2.712859643916,1.15005,0.646614643503));
#7220 = VECTOR('',#7221,1.);
#7221 = DIRECTION('',(1.110223024625E-16,-1.,0.));
#7222 = ORIENTED_EDGE('',*,*,#7184,.T.);
#7223 = ORIENTED_EDGE('',*,*,#6427,.F.);
#7224 = ORIENTED_EDGE('',*,*,#7099,.F.);
#7225 = CYLINDRICAL_SURFACE('',#7226,0.47);
#7226 = AXIS2_PLACEMENT_3D('',#7227,#7228,#7229);
#7227 = CARTESIAN_POINT('',(2.25,-0.38335,0.565));
#7228 = DIRECTION('',(-1.110223024625E-16,1.,0.));
#7229 = DIRECTION('',(0.984807753012,1.093356242223E-16,0.173648177667)
  );
#7230 = ADVANCED_FACE('',(#7231,#7237),#7248,.F.);
#7231 = FACE_BOUND('',#7232,.F.);
#7232 = EDGE_LOOP('',(#7233,#7234,#7235,#7236));
#7233 = ORIENTED_EDGE('',*,*,#6548,.F.);
#7234 = ORIENTED_EDGE('',*,*,#6504,.F.);
#7235 = ORIENTED_EDGE('',*,*,#6475,.F.);
#7236 = ORIENTED_EDGE('',*,*,#7015,.F.);
#7237 = FACE_BOUND('',#7238,.F.);
#7238 = EDGE_LOOP('',(#7239));
#7239 = ORIENTED_EDGE('',*,*,#7240,.F.);
#7240 = EDGE_CURVE('',#7241,#7241,#7243,.T.);
#7241 = VERTEX_POINT('',#7242);
#7242 = CARTESIAN_POINT('',(-1.441540344923,2.891540344923,1.7));
#7243 = CIRCLE('',#7244,5.E-02);
#7244 = AXIS2_PLACEMENT_3D('',#7245,#7246,#7247);
#7245 = CARTESIAN_POINT('',(-1.441540344923,2.941540344923,1.7));
#7246 = DIRECTION('',(0.,-0.,-1.));
#7247 = DIRECTION('',(1.110223024625E-16,-1.,0.));
#7248 = PLANE('',#7249);
#7249 = AXIS2_PLACEMENT_3D('',#7250,#7251,#7252);
#7250 = CARTESIAN_POINT('',(-1.641540344923,3.141540344923,1.7));
#7251 = DIRECTION('',(0.,0.,-1.));
#7252 = DIRECTION('',(0.463114948424,-0.886298225512,0.));
#7253 = ADVANCED_FACE('',(#7254),#7265,.F.);
#7254 = FACE_BOUND('',#7255,.F.);
#7255 = EDGE_LOOP('',(#7256,#7257,#7258,#7259));
#7256 = ORIENTED_EDGE('',*,*,#7091,.T.);
#7257 = ORIENTED_EDGE('',*,*,#7217,.F.);
#7258 = ORIENTED_EDGE('',*,*,#7176,.F.);
#7259 = ORIENTED_EDGE('',*,*,#7260,.T.);
#7260 = EDGE_CURVE('',#7168,#7083,#7261,.T.);
#7261 = LINE('',#7262,#7263);
#7262 = CARTESIAN_POINT('',(2.739789512565,1.15005,0.435270364467));
#7263 = VECTOR('',#7264,1.);
#7264 = DIRECTION('',(1.110223024625E-16,-1.,0.));
#7265 = PLANE('',#7266);
#7266 = AXIS2_PLACEMENT_3D('',#7267,#7268,#7269);
#7267 = CARTESIAN_POINT('',(2.739789512565,-0.38335,0.435270364467));
#7268 = DIRECTION('',(-0.991979380222,-1.101318347876E-16,
    -0.126399799104));
#7269 = DIRECTION('',(-0.126399799104,-1.403319672733E-17,0.991979380222
    ));
#7270 = ADVANCED_FACE('',(#7271),#7282,.F.);
#7271 = FACE_BOUND('',#7272,.F.);
#7272 = EDGE_LOOP('',(#7273,#7274,#7275,#7276));
#7273 = ORIENTED_EDGE('',*,*,#7082,.T.);
#7274 = ORIENTED_EDGE('',*,*,#7260,.F.);
#7275 = ORIENTED_EDGE('',*,*,#7167,.F.);
#7276 = ORIENTED_EDGE('',*,*,#7277,.T.);
#7277 = EDGE_CURVE('',#7160,#7075,#7278,.T.);
#7278 = LINE('',#7279,#7280);
#7279 = CARTESIAN_POINT('',(2.936751063167,1.15005,0.27));
#7280 = VECTOR('',#7281,1.);
#7281 = DIRECTION('',(1.110223024625E-16,-1.,0.));
#7282 = CYLINDRICAL_SURFACE('',#7283,0.2);
#7283 = AXIS2_PLACEMENT_3D('',#7284,#7285,#7286);
#7284 = CARTESIAN_POINT('',(2.936751063167,-0.38335,0.47));
#7285 = DIRECTION('',(-1.110223024625E-16,1.,0.));
#7286 = DIRECTION('',(2.22044604925E-15,2.465190328815E-31,-1.));
#7287 = ADVANCED_FACE('',(#7288),#7299,.F.);
#7288 = FACE_BOUND('',#7289,.F.);
#7289 = EDGE_LOOP('',(#7290,#7291,#7292,#7293));
#7290 = ORIENTED_EDGE('',*,*,#7074,.T.);
#7291 = ORIENTED_EDGE('',*,*,#7277,.F.);
#7292 = ORIENTED_EDGE('',*,*,#7159,.F.);
#7293 = ORIENTED_EDGE('',*,*,#7294,.T.);
#7294 = EDGE_CURVE('',#7152,#7067,#7295,.T.);
#7295 = LINE('',#7296,#7297);
#7296 = CARTESIAN_POINT('',(3.5,1.15005,0.27));
#7297 = VECTOR('',#7298,1.);
#7298 = DIRECTION('',(1.110223024625E-16,-1.,0.));
#7299 = PLANE('',#7300);
#7300 = AXIS2_PLACEMENT_3D('',#7301,#7302,#7303);
#7301 = CARTESIAN_POINT('',(3.5,-0.38335,0.27));
#7302 = DIRECTION('',(0.,0.,-1.));
#7303 = DIRECTION('',(-1.,-1.110223024625E-16,-0.));
#7304 = ADVANCED_FACE('',(#7305),#7316,.F.);
#7305 = FACE_BOUND('',#7306,.F.);
#7306 = EDGE_LOOP('',(#7307,#7308,#7309,#7310));
#7307 = ORIENTED_EDGE('',*,*,#7066,.T.);
#7308 = ORIENTED_EDGE('',*,*,#7294,.F.);
#7309 = ORIENTED_EDGE('',*,*,#7151,.F.);
#7310 = ORIENTED_EDGE('',*,*,#7311,.T.);
#7311 = EDGE_CURVE('',#7144,#7059,#7312,.T.);
#7312 = LINE('',#7313,#7314);
#7313 = CARTESIAN_POINT('',(3.5,1.15005,-1.665334536938E-16));
#7314 = VECTOR('',#7315,1.);
#7315 = DIRECTION('',(1.110223024625E-16,-1.,0.));
#7316 = PLANE('',#7317);
#7317 = AXIS2_PLACEMENT_3D('',#7318,#7319,#7320);
#7318 = CARTESIAN_POINT('',(3.5,-0.38335,-1.665334536938E-16));
#7319 = DIRECTION('',(-1.,-1.110223024625E-16,0.));
#7320 = DIRECTION('',(0.,0.,1.));
#7321 = ADVANCED_FACE('',(#7322),#7333,.F.);
#7322 = FACE_BOUND('',#7323,.F.);
#7323 = EDGE_LOOP('',(#7324,#7325,#7326,#7327));
#7324 = ORIENTED_EDGE('',*,*,#7058,.T.);
#7325 = ORIENTED_EDGE('',*,*,#7311,.F.);
#7326 = ORIENTED_EDGE('',*,*,#7143,.F.);
#7327 = ORIENTED_EDGE('',*,*,#7328,.T.);
#7328 = EDGE_CURVE('',#7135,#7050,#7329,.T.);
#7329 = LINE('',#7330,#7331);
#7330 = CARTESIAN_POINT('',(2.936751063167,1.15005,-1.665334536938E-16)
  );
#7331 = VECTOR('',#7332,1.);
#7332 = DIRECTION('',(1.110223024625E-16,-1.,0.));
#7333 = PLANE('',#7334);
#7334 = AXIS2_PLACEMENT_3D('',#7335,#7336,#7337);
#7335 = CARTESIAN_POINT('',(2.936751063167,-0.38335,-1.665334536938E-16)
  );
#7336 = DIRECTION('',(0.,0.,1.));
#7337 = DIRECTION('',(1.,1.110223024625E-16,-0.));
#7338 = ADVANCED_FACE('',(#7339),#7350,.T.);
#7339 = FACE_BOUND('',#7340,.T.);
#7340 = EDGE_LOOP('',(#7341,#7347,#7348,#7349));
#7341 = ORIENTED_EDGE('',*,*,#7342,.F.);
#7342 = EDGE_CURVE('',#7127,#7042,#7343,.T.);
#7343 = LINE('',#7344,#7345);
#7344 = CARTESIAN_POINT('',(2.473891419252,1.15005,0.388385356497));
#7345 = VECTOR('',#7346,1.);
#7346 = DIRECTION('',(1.110223024625E-16,-1.,0.));
#7347 = ORIENTED_EDGE('',*,*,#7134,.T.);
#7348 = ORIENTED_EDGE('',*,*,#7328,.T.);
#7349 = ORIENTED_EDGE('',*,*,#7049,.F.);
#7350 = CYLINDRICAL_SURFACE('',#7351,0.47);
#7351 = AXIS2_PLACEMENT_3D('',#7352,#7353,#7354);
#7352 = CARTESIAN_POINT('',(2.936751063167,-0.38335,0.47));
#7353 = DIRECTION('',(-1.110223024625E-16,1.,0.));
#7354 = DIRECTION('',(-0.984807753012,-1.093356242223E-16,
    -0.173648177667));
#7355 = ADVANCED_FACE('',(#7356),#7362,.F.);
#7356 = FACE_BOUND('',#7357,.F.);
#7357 = EDGE_LOOP('',(#7358,#7359,#7360,#7361));
#7358 = ORIENTED_EDGE('',*,*,#7041,.T.);
#7359 = ORIENTED_EDGE('',*,*,#7342,.F.);
#7360 = ORIENTED_EDGE('',*,*,#7126,.F.);
#7361 = ORIENTED_EDGE('',*,*,#7201,.T.);
#7362 = PLANE('',#7363);
#7363 = AXIS2_PLACEMENT_3D('',#7364,#7365,#7366);
#7364 = CARTESIAN_POINT('',(2.446961550602,-0.38335,0.599729635533));
#7365 = DIRECTION('',(0.991979380222,1.101318347876E-16,0.126399799104)
  );
#7366 = DIRECTION('',(0.126399799104,1.403319672733E-17,-0.991979380222)
  );
#7367 = ADVANCED_FACE('',(#7368),#7369,.F.);
#7368 = FACE_BOUND('',#7238,.T.);
#7369 = PLANE('',#7370);
#7370 = AXIS2_PLACEMENT_3D('',#7371,#7372,#7373);
#7371 = CARTESIAN_POINT('',(-1.441540344923,2.941540344923,1.7));
#7372 = DIRECTION('',(0.,0.,-1.));
#7373 = DIRECTION('',(1.110223024625E-16,-1.,0.));
#7374 = ( GEOMETRIC_REPRESENTATION_CONTEXT(3) 
GLOBAL_UNCERTAINTY_ASSIGNED_CONTEXT((#7378)) 
GLOBAL_UNIT_ASSIGNED_CONTEXT((#7375,#7376,#7377)) REPRESENTATION_CONTEXT
('Context #1','3D Context with UNIT and UNCERTAINTY') );
#7375 = ( LENGTH_UNIT() NAMED_UNIT(*) SI_UNIT(.MILLI.,.METRE.) );
#7376 = ( NAMED_UNIT(*) PLANE_ANGLE_UNIT() SI_UNIT($,.RADIAN.) );
#7377 = ( NAMED_UNIT(*) SI_UNIT($,.STERADIAN.) SOLID_ANGLE_UNIT() );
#7378 = UNCERTAINTY_MEASURE_WITH_UNIT(LENGTH_MEASURE(1.E-07),#7375,
  'distance_accuracy_value','confusion accuracy');
#7379 = CONTEXT_DEPENDENT_SHAPE_REPRESENTATION(#7380,#7382);
#7380 = ( REPRESENTATION_RELATIONSHIP('','',#5121,#10) 
REPRESENTATION_RELATIONSHIP_WITH_TRANSFORMATION(#7381) 
SHAPE_REPRESENTATION_RELATIONSHIP() );
#7381 = ITEM_DEFINED_TRANSFORMATION('','',#11,#71);
#7382 = PRODUCT_DEFINITION_SHAPE('Placement','Placement of an item',
  #7383);
#7383 = NEXT_ASSEMBLY_USAGE_OCCURRENCE('15','U7','',#5,#5116,$);
#7384 = PRODUCT_RELATED_PRODUCT_CATEGORY('part',$,(#5118));
#7385 = CONTEXT_DEPENDENT_SHAPE_REPRESENTATION(#7386,#7388);
#7386 = ( REPRESENTATION_RELATIONSHIP('','',#140,#10) 
REPRESENTATION_RELATIONSHIP_WITH_TRANSFORMATION(#7387) 
SHAPE_REPRESENTATION_RELATIONSHIP() );
#7387 = ITEM_DEFINED_TRANSFORMATION('','',#11,#75);
#7388 = PRODUCT_DEFINITION_SHAPE('Placement','Placement of an item',
  #7389);
#7389 = NEXT_ASSEMBLY_USAGE_OCCURRENCE('16','R5','',#5,#135,$);
#7390 = CONTEXT_DEPENDENT_SHAPE_REPRESENTATION(#7391,#7393);
#7391 = ( REPRESENTATION_RELATIONSHIP('','',#140,#10) 
REPRESENTATION_RELATIONSHIP_WITH_TRANSFORMATION(#7392) 
SHAPE_REPRESENTATION_RELATIONSHIP() );
#7392 = ITEM_DEFINED_TRANSFORMATION('','',#11,#79);
#7393 = PRODUCT_DEFINITION_SHAPE('Placement','Placement of an item',
  #7394);
#7394 = NEXT_ASSEMBLY_USAGE_OCCURRENCE('17','R3','',#5,#135,$);
#7395 = CONTEXT_DEPENDENT_SHAPE_REPRESENTATION(#7396,#7398);
#7396 = ( REPRESENTATION_RELATIONSHIP('','',#949,#10) 
REPRESENTATION_RELATIONSHIP_WITH_TRANSFORMATION(#7397) 
SHAPE_REPRESENTATION_RELATIONSHIP() );
#7397 = ITEM_DEFINED_TRANSFORMATION('','',#11,#83);
#7398 = PRODUCT_DEFINITION_SHAPE('Placement','Placement of an item',
  #7399);
#7399 = NEXT_ASSEMBLY_USAGE_OCCURRENCE('18','C2','',#5,#944,$);
#7400 = CONTEXT_DEPENDENT_SHAPE_REPRESENTATION(#7401,#7403);
#7401 = ( REPRESENTATION_RELATIONSHIP('','',#140,#10) 
REPRESENTATION_RELATIONSHIP_WITH_TRANSFORMATION(#7402) 
SHAPE_REPRESENTATION_RELATIONSHIP() );
#7402 = ITEM_DEFINED_TRANSFORMATION('','',#11,#87);
#7403 = PRODUCT_DEFINITION_SHAPE('Placement','Placement of an item',
  #7404);
#7404 = NEXT_ASSEMBLY_USAGE_OCCURRENCE('19','R13','',#5,#135,$);
#7405 = CONTEXT_DEPENDENT_SHAPE_REPRESENTATION(#7406,#7408);
#7406 = ( REPRESENTATION_RELATIONSHIP('','',#140,#10) 
REPRESENTATION_RELATIONSHIP_WITH_TRANSFORMATION(#7407) 
SHAPE_REPRESENTATION_RELATIONSHIP() );
#7407 = ITEM_DEFINED_TRANSFORMATION('','',#11,#91);
#7408 = PRODUCT_DEFINITION_SHAPE('Placement','Placement of an item',
  #7409);
#7409 = NEXT_ASSEMBLY_USAGE_OCCURRENCE('20','R1','',#5,#135,$);
#7410 = CONTEXT_DEPENDENT_SHAPE_REPRESENTATION(#7411,#7413);
#7411 = ( REPRESENTATION_RELATIONSHIP('','',#140,#10) 
REPRESENTATION_RELATIONSHIP_WITH_TRANSFORMATION(#7412) 
SHAPE_REPRESENTATION_RELATIONSHIP() );
#7412 = ITEM_DEFINED_TRANSFORMATION('','',#11,#95);
#7413 = PRODUCT_DEFINITION_SHAPE('Placement','Placement of an item',
  #7414);
#7414 = NEXT_ASSEMBLY_USAGE_OCCURRENCE('21','R9','',#5,#135,$);
#7415 = SHAPE_DEFINITION_REPRESENTATION(#7416,#7422);
#7416 = PRODUCT_DEFINITION_SHAPE('','',#7417);
#7417 = PRODUCT_DEFINITION('design','',#7418,#7421);
#7418 = PRODUCT_DEFINITION_FORMATION('','',#7419);
#7419 = PRODUCT('L_0402_1005Metric','L_0402_1005Metric','',(#7420));
#7420 = PRODUCT_CONTEXT('',#2,'mechanical');
#7421 = PRODUCT_DEFINITION_CONTEXT('part definition',#2,'design');
#7422 = ADVANCED_BREP_SHAPE_REPRESENTATION('',(#11,#7423),#8277);
#7423 = MANIFOLD_SOLID_BREP('',#7424);
#7424 = CLOSED_SHELL('',(#7425,#7501,#7532,#7557,#7582,#7606,#7630,#7655
    ,#7680,#7697,#7783,#7815,#7839,#7864,#7888,#7913,#7937,#7962,#7979,
    #8065,#8096,#8121,#8146,#8170,#8194,#8219,#8244,#8261));
#7425 = ADVANCED_FACE('',(#7426),#7496,.F.);
#7426 = FACE_BOUND('',#7427,.F.);
#7427 = EDGE_LOOP('',(#7428,#7438,#7447,#7455,#7464,#7472,#7481,#7489));
#7428 = ORIENTED_EDGE('',*,*,#7429,.F.);
#7429 = EDGE_CURVE('',#7430,#7432,#7434,.T.);
#7430 = VERTEX_POINT('',#7431);
#7431 = CARTESIAN_POINT('',(-0.5,-0.25,2.E-02));
#7432 = VERTEX_POINT('',#7433);
#7433 = CARTESIAN_POINT('',(-0.5,-0.25,0.48));
#7434 = LINE('',#7435,#7436);
#7435 = CARTESIAN_POINT('',(-0.5,-0.25,0.));
#7436 = VECTOR('',#7437,1.);
#7437 = DIRECTION('',(0.,0.,1.));
#7438 = ORIENTED_EDGE('',*,*,#7439,.T.);
#7439 = EDGE_CURVE('',#7430,#7440,#7442,.T.);
#7440 = VERTEX_POINT('',#7441);
#7441 = CARTESIAN_POINT('',(-0.5,-0.23,0.));
#7442 = CIRCLE('',#7443,2.E-02);
#7443 = AXIS2_PLACEMENT_3D('',#7444,#7445,#7446);
#7444 = CARTESIAN_POINT('',(-0.5,-0.23,2.E-02));
#7445 = DIRECTION('',(1.,0.,-0.));
#7446 = DIRECTION('',(0.,0.,1.));
#7447 = ORIENTED_EDGE('',*,*,#7448,.T.);
#7448 = EDGE_CURVE('',#7440,#7449,#7451,.T.);
#7449 = VERTEX_POINT('',#7450);
#7450 = CARTESIAN_POINT('',(-0.5,0.23,0.));
#7451 = LINE('',#7452,#7453);
#7452 = CARTESIAN_POINT('',(-0.5,-0.25,0.));
#7453 = VECTOR('',#7454,1.);
#7454 = DIRECTION('',(0.,1.,0.));
#7455 = ORIENTED_EDGE('',*,*,#7456,.F.);
#7456 = EDGE_CURVE('',#7457,#7449,#7459,.T.);
#7457 = VERTEX_POINT('',#7458);
#7458 = CARTESIAN_POINT('',(-0.5,0.25,2.E-02));
#7459 = CIRCLE('',#7460,2.E-02);
#7460 = AXIS2_PLACEMENT_3D('',#7461,#7462,#7463);
#7461 = CARTESIAN_POINT('',(-0.5,0.23,2.E-02));
#7462 = DIRECTION('',(-1.,0.,0.));
#7463 = DIRECTION('',(0.,0.,1.));
#7464 = ORIENTED_EDGE('',*,*,#7465,.T.);
#7465 = EDGE_CURVE('',#7457,#7466,#7468,.T.);
#7466 = VERTEX_POINT('',#7467);
#7467 = CARTESIAN_POINT('',(-0.5,0.25,0.48));
#7468 = LINE('',#7469,#7470);
#7469 = CARTESIAN_POINT('',(-0.5,0.25,0.));
#7470 = VECTOR('',#7471,1.);
#7471 = DIRECTION('',(0.,0.,1.));
#7472 = ORIENTED_EDGE('',*,*,#7473,.T.);
#7473 = EDGE_CURVE('',#7466,#7474,#7476,.T.);
#7474 = VERTEX_POINT('',#7475);
#7475 = CARTESIAN_POINT('',(-0.5,0.23,0.5));
#7476 = CIRCLE('',#7477,2.E-02);
#7477 = AXIS2_PLACEMENT_3D('',#7478,#7479,#7480);
#7478 = CARTESIAN_POINT('',(-0.5,0.23,0.48));
#7479 = DIRECTION('',(1.,0.,-0.));
#7480 = DIRECTION('',(0.,0.,1.));
#7481 = ORIENTED_EDGE('',*,*,#7482,.F.);
#7482 = EDGE_CURVE('',#7483,#7474,#7485,.T.);
#7483 = VERTEX_POINT('',#7484);
#7484 = CARTESIAN_POINT('',(-0.5,-0.23,0.5));
#7485 = LINE('',#7486,#7487);
#7486 = CARTESIAN_POINT('',(-0.5,-0.25,0.5));
#7487 = VECTOR('',#7488,1.);
#7488 = DIRECTION('',(0.,1.,0.));
#7489 = ORIENTED_EDGE('',*,*,#7490,.F.);
#7490 = EDGE_CURVE('',#7432,#7483,#7491,.T.);
#7491 = CIRCLE('',#7492,2.E-02);
#7492 = AXIS2_PLACEMENT_3D('',#7493,#7494,#7495);
#7493 = CARTESIAN_POINT('',(-0.5,-0.23,0.48));
#7494 = DIRECTION('',(-1.,0.,0.));
#7495 = DIRECTION('',(0.,0.,1.));
#7496 = PLANE('',#7497);
#7497 = AXIS2_PLACEMENT_3D('',#7498,#7499,#7500);
#7498 = CARTESIAN_POINT('',(-0.5,-0.25,0.));
#7499 = DIRECTION('',(1.,0.,0.));
#7500 = DIRECTION('',(0.,0.,1.));
#7501 = ADVANCED_FACE('',(#7502),#7527,.F.);
#7502 = FACE_BOUND('',#7503,.F.);
#7503 = EDGE_LOOP('',(#7504,#7514,#7520,#7521));
#7504 = ORIENTED_EDGE('',*,*,#7505,.F.);
#7505 = EDGE_CURVE('',#7506,#7508,#7510,.T.);
#7506 = VERTEX_POINT('',#7507);
#7507 = CARTESIAN_POINT('',(-0.3,-0.25,2.E-02));
#7508 = VERTEX_POINT('',#7509);
#7509 = CARTESIAN_POINT('',(-0.3,-0.25,0.48));
#7510 = LINE('',#7511,#7512);
#7511 = CARTESIAN_POINT('',(-0.3,-0.25,0.));
#7512 = VECTOR('',#7513,1.);
#7513 = DIRECTION('',(0.,0.,1.));
#7514 = ORIENTED_EDGE('',*,*,#7515,.F.);
#7515 = EDGE_CURVE('',#7430,#7506,#7516,.T.);
#7516 = LINE('',#7517,#7518);
#7517 = CARTESIAN_POINT('',(-0.5,-0.25,2.E-02));
#7518 = VECTOR('',#7519,1.);
#7519 = DIRECTION('',(1.,0.,0.));
#7520 = ORIENTED_EDGE('',*,*,#7429,.T.);
#7521 = ORIENTED_EDGE('',*,*,#7522,.T.);
#7522 = EDGE_CURVE('',#7432,#7508,#7523,.T.);
#7523 = LINE('',#7524,#7525);
#7524 = CARTESIAN_POINT('',(-0.5,-0.25,0.48));
#7525 = VECTOR('',#7526,1.);
#7526 = DIRECTION('',(1.,0.,0.));
#7527 = PLANE('',#7528);
#7528 = AXIS2_PLACEMENT_3D('',#7529,#7530,#7531);
#7529 = CARTESIAN_POINT('',(-0.5,-0.25,0.));
#7530 = DIRECTION('',(0.,1.,0.));
#7531 = DIRECTION('',(0.,-0.,1.));
#7532 = ADVANCED_FACE('',(#7533),#7552,.T.);
#7533 = FACE_BOUND('',#7534,.T.);
#7534 = EDGE_LOOP('',(#7535,#7536,#7544,#7551));
#7535 = ORIENTED_EDGE('',*,*,#7439,.T.);
#7536 = ORIENTED_EDGE('',*,*,#7537,.T.);
#7537 = EDGE_CURVE('',#7440,#7538,#7540,.T.);
#7538 = VERTEX_POINT('',#7539);
#7539 = CARTESIAN_POINT('',(-0.3,-0.23,0.));
#7540 = LINE('',#7541,#7542);
#7541 = CARTESIAN_POINT('',(-0.5,-0.23,0.));
#7542 = VECTOR('',#7543,1.);
#7543 = DIRECTION('',(1.,0.,0.));
#7544 = ORIENTED_EDGE('',*,*,#7545,.F.);
#7545 = EDGE_CURVE('',#7506,#7538,#7546,.T.);
#7546 = CIRCLE('',#7547,2.E-02);
#7547 = AXIS2_PLACEMENT_3D('',#7548,#7549,#7550);
#7548 = CARTESIAN_POINT('',(-0.3,-0.23,2.E-02));
#7549 = DIRECTION('',(1.,0.,-0.));
#7550 = DIRECTION('',(0.,0.,1.));
#7551 = ORIENTED_EDGE('',*,*,#7515,.F.);
#7552 = CYLINDRICAL_SURFACE('',#7553,2.E-02);
#7553 = AXIS2_PLACEMENT_3D('',#7554,#7555,#7556);
#7554 = CARTESIAN_POINT('',(-0.5,-0.23,2.E-02));
#7555 = DIRECTION('',(1.,0.,0.));
#7556 = DIRECTION('',(0.,-1.,0.));
#7557 = ADVANCED_FACE('',(#7558),#7577,.T.);
#7558 = FACE_BOUND('',#7559,.T.);
#7559 = EDGE_LOOP('',(#7560,#7561,#7570,#7576));
#7560 = ORIENTED_EDGE('',*,*,#7522,.T.);
#7561 = ORIENTED_EDGE('',*,*,#7562,.T.);
#7562 = EDGE_CURVE('',#7508,#7563,#7565,.T.);
#7563 = VERTEX_POINT('',#7564);
#7564 = CARTESIAN_POINT('',(-0.3,-0.23,0.5));
#7565 = CIRCLE('',#7566,2.E-02);
#7566 = AXIS2_PLACEMENT_3D('',#7567,#7568,#7569);
#7567 = CARTESIAN_POINT('',(-0.3,-0.23,0.48));
#7568 = DIRECTION('',(-1.,0.,0.));
#7569 = DIRECTION('',(0.,0.,1.));
#7570 = ORIENTED_EDGE('',*,*,#7571,.F.);
#7571 = EDGE_CURVE('',#7483,#7563,#7572,.T.);
#7572 = LINE('',#7573,#7574);
#7573 = CARTESIAN_POINT('',(-0.5,-0.23,0.5));
#7574 = VECTOR('',#7575,1.);
#7575 = DIRECTION('',(1.,0.,0.));
#7576 = ORIENTED_EDGE('',*,*,#7490,.F.);
#7577 = CYLINDRICAL_SURFACE('',#7578,2.E-02);
#7578 = AXIS2_PLACEMENT_3D('',#7579,#7580,#7581);
#7579 = CARTESIAN_POINT('',(-0.5,-0.23,0.48));
#7580 = DIRECTION('',(1.,0.,0.));
#7581 = DIRECTION('',(0.,-1.,0.));
#7582 = ADVANCED_FACE('',(#7583),#7601,.F.);
#7583 = FACE_BOUND('',#7584,.F.);
#7584 = EDGE_LOOP('',(#7585,#7586,#7587,#7595));
#7585 = ORIENTED_EDGE('',*,*,#7448,.F.);
#7586 = ORIENTED_EDGE('',*,*,#7537,.T.);
#7587 = ORIENTED_EDGE('',*,*,#7588,.T.);
#7588 = EDGE_CURVE('',#7538,#7589,#7591,.T.);
#7589 = VERTEX_POINT('',#7590);
#7590 = CARTESIAN_POINT('',(-0.3,0.23,0.));
#7591 = LINE('',#7592,#7593);
#7592 = CARTESIAN_POINT('',(-0.3,-0.25,0.));
#7593 = VECTOR('',#7594,1.);
#7594 = DIRECTION('',(0.,1.,0.));
#7595 = ORIENTED_EDGE('',*,*,#7596,.F.);
#7596 = EDGE_CURVE('',#7449,#7589,#7597,.T.);
#7597 = LINE('',#7598,#7599);
#7598 = CARTESIAN_POINT('',(-0.5,0.23,0.));
#7599 = VECTOR('',#7600,1.);
#7600 = DIRECTION('',(1.,0.,0.));
#7601 = PLANE('',#7602);
#7602 = AXIS2_PLACEMENT_3D('',#7603,#7604,#7605);
#7603 = CARTESIAN_POINT('',(-0.5,-0.25,0.));
#7604 = DIRECTION('',(0.,0.,1.));
#7605 = DIRECTION('',(1.,0.,-0.));
#7606 = ADVANCED_FACE('',(#7607),#7625,.T.);
#7607 = FACE_BOUND('',#7608,.T.);
#7608 = EDGE_LOOP('',(#7609,#7610,#7611,#7619));
#7609 = ORIENTED_EDGE('',*,*,#7482,.F.);
#7610 = ORIENTED_EDGE('',*,*,#7571,.T.);
#7611 = ORIENTED_EDGE('',*,*,#7612,.T.);
#7612 = EDGE_CURVE('',#7563,#7613,#7615,.T.);
#7613 = VERTEX_POINT('',#7614);
#7614 = CARTESIAN_POINT('',(-0.3,0.23,0.5));
#7615 = LINE('',#7616,#7617);
#7616 = CARTESIAN_POINT('',(-0.3,-0.25,0.5));
#7617 = VECTOR('',#7618,1.);
#7618 = DIRECTION('',(0.,1.,0.));
#7619 = ORIENTED_EDGE('',*,*,#7620,.F.);
#7620 = EDGE_CURVE('',#7474,#7613,#7621,.T.);
#7621 = LINE('',#7622,#7623);
#7622 = CARTESIAN_POINT('',(-0.5,0.23,0.5));
#7623 = VECTOR('',#7624,1.);
#7624 = DIRECTION('',(1.,0.,0.));
#7625 = PLANE('',#7626);
#7626 = AXIS2_PLACEMENT_3D('',#7627,#7628,#7629);
#7627 = CARTESIAN_POINT('',(-0.5,-0.25,0.5));
#7628 = DIRECTION('',(0.,0.,1.));
#7629 = DIRECTION('',(1.,0.,-0.));
#7630 = ADVANCED_FACE('',(#7631),#7650,.T.);
#7631 = FACE_BOUND('',#7632,.T.);
#7632 = EDGE_LOOP('',(#7633,#7641,#7648,#7649));
#7633 = ORIENTED_EDGE('',*,*,#7634,.T.);
#7634 = EDGE_CURVE('',#7457,#7635,#7637,.T.);
#7635 = VERTEX_POINT('',#7636);
#7636 = CARTESIAN_POINT('',(-0.3,0.25,2.E-02));
#7637 = LINE('',#7638,#7639);
#7638 = CARTESIAN_POINT('',(-0.5,0.25,2.E-02));
#7639 = VECTOR('',#7640,1.);
#7640 = DIRECTION('',(1.,0.,0.));
#7641 = ORIENTED_EDGE('',*,*,#7642,.T.);
#7642 = EDGE_CURVE('',#7635,#7589,#7643,.T.);
#7643 = CIRCLE('',#7644,2.E-02);
#7644 = AXIS2_PLACEMENT_3D('',#7645,#7646,#7647);
#7645 = CARTESIAN_POINT('',(-0.3,0.23,2.E-02));
#7646 = DIRECTION('',(-1.,0.,0.));
#7647 = DIRECTION('',(0.,0.,1.));
#7648 = ORIENTED_EDGE('',*,*,#7596,.F.);
#7649 = ORIENTED_EDGE('',*,*,#7456,.F.);
#7650 = CYLINDRICAL_SURFACE('',#7651,2.E-02);
#7651 = AXIS2_PLACEMENT_3D('',#7652,#7653,#7654);
#7652 = CARTESIAN_POINT('',(-0.5,0.23,2.E-02));
#7653 = DIRECTION('',(1.,0.,0.));
#7654 = DIRECTION('',(-0.,1.,0.));
#7655 = ADVANCED_FACE('',(#7656),#7675,.T.);
#7656 = FACE_BOUND('',#7657,.T.);
#7657 = EDGE_LOOP('',(#7658,#7659,#7660,#7669));
#7658 = ORIENTED_EDGE('',*,*,#7473,.T.);
#7659 = ORIENTED_EDGE('',*,*,#7620,.T.);
#7660 = ORIENTED_EDGE('',*,*,#7661,.F.);
#7661 = EDGE_CURVE('',#7662,#7613,#7664,.T.);
#7662 = VERTEX_POINT('',#7663);
#7663 = CARTESIAN_POINT('',(-0.3,0.25,0.48));
#7664 = CIRCLE('',#7665,2.E-02);
#7665 = AXIS2_PLACEMENT_3D('',#7666,#7667,#7668);
#7666 = CARTESIAN_POINT('',(-0.3,0.23,0.48));
#7667 = DIRECTION('',(1.,0.,-0.));
#7668 = DIRECTION('',(0.,0.,1.));
#7669 = ORIENTED_EDGE('',*,*,#7670,.F.);
#7670 = EDGE_CURVE('',#7466,#7662,#7671,.T.);
#7671 = LINE('',#7672,#7673);
#7672 = CARTESIAN_POINT('',(-0.5,0.25,0.48));
#7673 = VECTOR('',#7674,1.);
#7674 = DIRECTION('',(1.,0.,0.));
#7675 = CYLINDRICAL_SURFACE('',#7676,2.E-02);
#7676 = AXIS2_PLACEMENT_3D('',#7677,#7678,#7679);
#7677 = CARTESIAN_POINT('',(-0.5,0.23,0.48));
#7678 = DIRECTION('',(1.,0.,0.));
#7679 = DIRECTION('',(-0.,1.,0.));
#7680 = ADVANCED_FACE('',(#7681),#7692,.T.);
#7681 = FACE_BOUND('',#7682,.T.);
#7682 = EDGE_LOOP('',(#7683,#7689,#7690,#7691));
#7683 = ORIENTED_EDGE('',*,*,#7684,.F.);
#7684 = EDGE_CURVE('',#7635,#7662,#7685,.T.);
#7685 = LINE('',#7686,#7687);
#7686 = CARTESIAN_POINT('',(-0.3,0.25,0.));
#7687 = VECTOR('',#7688,1.);
#7688 = DIRECTION('',(0.,0.,1.));
#7689 = ORIENTED_EDGE('',*,*,#7634,.F.);
#7690 = ORIENTED_EDGE('',*,*,#7465,.T.);
#7691 = ORIENTED_EDGE('',*,*,#7670,.T.);
#7692 = PLANE('',#7693);
#7693 = AXIS2_PLACEMENT_3D('',#7694,#7695,#7696);
#7694 = CARTESIAN_POINT('',(-0.5,0.25,0.));
#7695 = DIRECTION('',(0.,1.,0.));
#7696 = DIRECTION('',(0.,-0.,1.));
#7697 = ADVANCED_FACE('',(#7698,#7708),#7778,.T.);
#7698 = FACE_BOUND('',#7699,.T.);
#7699 = EDGE_LOOP('',(#7700,#7701,#7702,#7703,#7704,#7705,#7706,#7707));
#7700 = ORIENTED_EDGE('',*,*,#7505,.F.);
#7701 = ORIENTED_EDGE('',*,*,#7545,.T.);
#7702 = ORIENTED_EDGE('',*,*,#7588,.T.);
#7703 = ORIENTED_EDGE('',*,*,#7642,.F.);
#7704 = ORIENTED_EDGE('',*,*,#7684,.T.);
#7705 = ORIENTED_EDGE('',*,*,#7661,.T.);
#7706 = ORIENTED_EDGE('',*,*,#7612,.F.);
#7707 = ORIENTED_EDGE('',*,*,#7562,.F.);
#7708 = FACE_BOUND('',#7709,.T.);
#7709 = EDGE_LOOP('',(#7710,#7721,#7729,#7738,#7746,#7755,#7763,#7772));
#7710 = ORIENTED_EDGE('',*,*,#7711,.F.);
#7711 = EDGE_CURVE('',#7712,#7714,#7716,.T.);
#7712 = VERTEX_POINT('',#7713);
#7713 = CARTESIAN_POINT('',(-0.3,-0.23,4.E-02));
#7714 = VERTEX_POINT('',#7715);
#7715 = CARTESIAN_POINT('',(-0.3,-0.21,2.E-02));
#7716 = CIRCLE('',#7717,2.E-02);
#7717 = AXIS2_PLACEMENT_3D('',#7718,#7719,#7720);
#7718 = CARTESIAN_POINT('',(-0.3,-0.21,4.E-02));
#7719 = DIRECTION('',(1.,0.,-0.));
#7720 = DIRECTION('',(0.,0.,1.));
#7721 = ORIENTED_EDGE('',*,*,#7722,.T.);
#7722 = EDGE_CURVE('',#7712,#7723,#7725,.T.);
#7723 = VERTEX_POINT('',#7724);
#7724 = CARTESIAN_POINT('',(-0.3,-0.23,0.46));
#7725 = LINE('',#7726,#7727);
#7726 = CARTESIAN_POINT('',(-0.3,-0.23,2.E-02));
#7727 = VECTOR('',#7728,1.);
#7728 = DIRECTION('',(0.,0.,1.));
#7729 = ORIENTED_EDGE('',*,*,#7730,.T.);
#7730 = EDGE_CURVE('',#7723,#7731,#7733,.T.);
#7731 = VERTEX_POINT('',#7732);
#7732 = CARTESIAN_POINT('',(-0.3,-0.21,0.48));
#7733 = CIRCLE('',#7734,2.E-02);
#7734 = AXIS2_PLACEMENT_3D('',#7735,#7736,#7737);
#7735 = CARTESIAN_POINT('',(-0.3,-0.21,0.46));
#7736 = DIRECTION('',(-1.,0.,0.));
#7737 = DIRECTION('',(0.,0.,1.));
#7738 = ORIENTED_EDGE('',*,*,#7739,.T.);
#7739 = EDGE_CURVE('',#7731,#7740,#7742,.T.);
#7740 = VERTEX_POINT('',#7741);
#7741 = CARTESIAN_POINT('',(-0.3,0.21,0.48));
#7742 = LINE('',#7743,#7744);
#7743 = CARTESIAN_POINT('',(-0.3,-0.23,0.48));
#7744 = VECTOR('',#7745,1.);
#7745 = DIRECTION('',(0.,1.,0.));
#7746 = ORIENTED_EDGE('',*,*,#7747,.F.);
#7747 = EDGE_CURVE('',#7748,#7740,#7750,.T.);
#7748 = VERTEX_POINT('',#7749);
#7749 = CARTESIAN_POINT('',(-0.3,0.23,0.46));
#7750 = CIRCLE('',#7751,2.E-02);
#7751 = AXIS2_PLACEMENT_3D('',#7752,#7753,#7754);
#7752 = CARTESIAN_POINT('',(-0.3,0.21,0.46));
#7753 = DIRECTION('',(1.,0.,-0.));
#7754 = DIRECTION('',(0.,0.,1.));
#7755 = ORIENTED_EDGE('',*,*,#7756,.F.);
#7756 = EDGE_CURVE('',#7757,#7748,#7759,.T.);
#7757 = VERTEX_POINT('',#7758);
#7758 = CARTESIAN_POINT('',(-0.3,0.23,4.E-02));
#7759 = LINE('',#7760,#7761);
#7760 = CARTESIAN_POINT('',(-0.3,0.23,2.E-02));
#7761 = VECTOR('',#7762,1.);
#7762 = DIRECTION('',(0.,0.,1.));
#7763 = ORIENTED_EDGE('',*,*,#7764,.T.);
#7764 = EDGE_CURVE('',#7757,#7765,#7767,.T.);
#7765 = VERTEX_POINT('',#7766);
#7766 = CARTESIAN_POINT('',(-0.3,0.21,2.E-02));
#7767 = CIRCLE('',#7768,2.E-02);
#7768 = AXIS2_PLACEMENT_3D('',#7769,#7770,#7771);
#7769 = CARTESIAN_POINT('',(-0.3,0.21,4.E-02));
#7770 = DIRECTION('',(-1.,0.,0.));
#7771 = DIRECTION('',(0.,0.,1.));
#7772 = ORIENTED_EDGE('',*,*,#7773,.F.);
#7773 = EDGE_CURVE('',#7714,#7765,#7774,.T.);
#7774 = LINE('',#7775,#7776);
#7775 = CARTESIAN_POINT('',(-0.3,-0.23,2.E-02));
#7776 = VECTOR('',#7777,1.);
#7777 = DIRECTION('',(0.,1.,0.));
#7778 = PLANE('',#7779);
#7779 = AXIS2_PLACEMENT_3D('',#7780,#7781,#7782);
#7780 = CARTESIAN_POINT('',(-0.3,-0.25,0.));
#7781 = DIRECTION('',(1.,0.,0.));
#7782 = DIRECTION('',(0.,0.,1.));
#7783 = ADVANCED_FACE('',(#7784),#7810,.T.);
#7784 = FACE_BOUND('',#7785,.T.);
#7785 = EDGE_LOOP('',(#7786,#7787,#7795,#7804));
#7786 = ORIENTED_EDGE('',*,*,#7711,.T.);
#7787 = ORIENTED_EDGE('',*,*,#7788,.T.);
#7788 = EDGE_CURVE('',#7714,#7789,#7791,.T.);
#7789 = VERTEX_POINT('',#7790);
#7790 = CARTESIAN_POINT('',(0.3,-0.21,2.E-02));
#7791 = LINE('',#7792,#7793);
#7792 = CARTESIAN_POINT('',(-0.3,-0.21,2.E-02));
#7793 = VECTOR('',#7794,1.);
#7794 = DIRECTION('',(1.,0.,0.));
#7795 = ORIENTED_EDGE('',*,*,#7796,.F.);
#7796 = EDGE_CURVE('',#7797,#7789,#7799,.T.);
#7797 = VERTEX_POINT('',#7798);
#7798 = CARTESIAN_POINT('',(0.3,-0.23,4.E-02));
#7799 = CIRCLE('',#7800,2.E-02);
#7800 = AXIS2_PLACEMENT_3D('',#7801,#7802,#7803);
#7801 = CARTESIAN_POINT('',(0.3,-0.21,4.E-02));
#7802 = DIRECTION('',(1.,0.,-0.));
#7803 = DIRECTION('',(0.,0.,1.));
#7804 = ORIENTED_EDGE('',*,*,#7805,.F.);
#7805 = EDGE_CURVE('',#7712,#7797,#7806,.T.);
#7806 = LINE('',#7807,#7808);
#7807 = CARTESIAN_POINT('',(-0.3,-0.23,4.E-02));
#7808 = VECTOR('',#7809,1.);
#7809 = DIRECTION('',(1.,0.,0.));
#7810 = CYLINDRICAL_SURFACE('',#7811,2.E-02);
#7811 = AXIS2_PLACEMENT_3D('',#7812,#7813,#7814);
#7812 = CARTESIAN_POINT('',(-0.3,-0.21,4.E-02));
#7813 = DIRECTION('',(1.,0.,0.));
#7814 = DIRECTION('',(0.,-1.,0.));
#7815 = ADVANCED_FACE('',(#7816),#7834,.F.);
#7816 = FACE_BOUND('',#7817,.F.);
#7817 = EDGE_LOOP('',(#7818,#7819,#7820,#7828));
#7818 = ORIENTED_EDGE('',*,*,#7773,.F.);
#7819 = ORIENTED_EDGE('',*,*,#7788,.T.);
#7820 = ORIENTED_EDGE('',*,*,#7821,.T.);
#7821 = EDGE_CURVE('',#7789,#7822,#7824,.T.);
#7822 = VERTEX_POINT('',#7823);
#7823 = CARTESIAN_POINT('',(0.3,0.21,2.E-02));
#7824 = LINE('',#7825,#7826);
#7825 = CARTESIAN_POINT('',(0.3,-0.23,2.E-02));
#7826 = VECTOR('',#7827,1.);
#7827 = DIRECTION('',(0.,1.,0.));
#7828 = ORIENTED_EDGE('',*,*,#7829,.F.);
#7829 = EDGE_CURVE('',#7765,#7822,#7830,.T.);
#7830 = LINE('',#7831,#7832);
#7831 = CARTESIAN_POINT('',(-0.3,0.21,2.E-02));
#7832 = VECTOR('',#7833,1.);
#7833 = DIRECTION('',(1.,0.,0.));
#7834 = PLANE('',#7835);
#7835 = AXIS2_PLACEMENT_3D('',#7836,#7837,#7838);
#7836 = CARTESIAN_POINT('',(-0.3,-0.23,2.E-02));
#7837 = DIRECTION('',(0.,0.,1.));
#7838 = DIRECTION('',(1.,0.,-0.));
#7839 = ADVANCED_FACE('',(#7840),#7859,.T.);
#7840 = FACE_BOUND('',#7841,.T.);
#7841 = EDGE_LOOP('',(#7842,#7850,#7857,#7858));
#7842 = ORIENTED_EDGE('',*,*,#7843,.T.);
#7843 = EDGE_CURVE('',#7757,#7844,#7846,.T.);
#7844 = VERTEX_POINT('',#7845);
#7845 = CARTESIAN_POINT('',(0.3,0.23,4.E-02));
#7846 = LINE('',#7847,#7848);
#7847 = CARTESIAN_POINT('',(-0.3,0.23,4.E-02));
#7848 = VECTOR('',#7849,1.);
#7849 = DIRECTION('',(1.,0.,0.));
#7850 = ORIENTED_EDGE('',*,*,#7851,.T.);
#7851 = EDGE_CURVE('',#7844,#7822,#7852,.T.);
#7852 = CIRCLE('',#7853,2.E-02);
#7853 = AXIS2_PLACEMENT_3D('',#7854,#7855,#7856);
#7854 = CARTESIAN_POINT('',(0.3,0.21,4.E-02));
#7855 = DIRECTION('',(-1.,0.,0.));
#7856 = DIRECTION('',(0.,0.,1.));
#7857 = ORIENTED_EDGE('',*,*,#7829,.F.);
#7858 = ORIENTED_EDGE('',*,*,#7764,.F.);
#7859 = CYLINDRICAL_SURFACE('',#7860,2.E-02);
#7860 = AXIS2_PLACEMENT_3D('',#7861,#7862,#7863);
#7861 = CARTESIAN_POINT('',(-0.3,0.21,4.E-02));
#7862 = DIRECTION('',(1.,0.,0.));
#7863 = DIRECTION('',(-0.,1.,0.));
#7864 = ADVANCED_FACE('',(#7865),#7883,.T.);
#7865 = FACE_BOUND('',#7866,.T.);
#7866 = EDGE_LOOP('',(#7867,#7875,#7876,#7877));
#7867 = ORIENTED_EDGE('',*,*,#7868,.F.);
#7868 = EDGE_CURVE('',#7844,#7869,#7871,.T.);
#7869 = VERTEX_POINT('',#7870);
#7870 = CARTESIAN_POINT('',(0.3,0.23,0.46));
#7871 = LINE('',#7872,#7873);
#7872 = CARTESIAN_POINT('',(0.3,0.23,2.E-02));
#7873 = VECTOR('',#7874,1.);
#7874 = DIRECTION('',(0.,0.,1.));
#7875 = ORIENTED_EDGE('',*,*,#7843,.F.);
#7876 = ORIENTED_EDGE('',*,*,#7756,.T.);
#7877 = ORIENTED_EDGE('',*,*,#7878,.T.);
#7878 = EDGE_CURVE('',#7748,#7869,#7879,.T.);
#7879 = LINE('',#7880,#7881);
#7880 = CARTESIAN_POINT('',(-0.3,0.23,0.46));
#7881 = VECTOR('',#7882,1.);
#7882 = DIRECTION('',(1.,0.,0.));
#7883 = PLANE('',#7884);
#7884 = AXIS2_PLACEMENT_3D('',#7885,#7886,#7887);
#7885 = CARTESIAN_POINT('',(-0.3,0.23,2.E-02));
#7886 = DIRECTION('',(0.,1.,0.));
#7887 = DIRECTION('',(0.,-0.,1.));
#7888 = ADVANCED_FACE('',(#7889),#7908,.T.);
#7889 = FACE_BOUND('',#7890,.T.);
#7890 = EDGE_LOOP('',(#7891,#7892,#7900,#7907));
#7891 = ORIENTED_EDGE('',*,*,#7747,.T.);
#7892 = ORIENTED_EDGE('',*,*,#7893,.T.);
#7893 = EDGE_CURVE('',#7740,#7894,#7896,.T.);
#7894 = VERTEX_POINT('',#7895);
#7895 = CARTESIAN_POINT('',(0.3,0.21,0.48));
#7896 = LINE('',#7897,#7898);
#7897 = CARTESIAN_POINT('',(-0.3,0.21,0.48));
#7898 = VECTOR('',#7899,1.);
#7899 = DIRECTION('',(1.,0.,0.));
#7900 = ORIENTED_EDGE('',*,*,#7901,.F.);
#7901 = EDGE_CURVE('',#7869,#7894,#7902,.T.);
#7902 = CIRCLE('',#7903,2.E-02);
#7903 = AXIS2_PLACEMENT_3D('',#7904,#7905,#7906);
#7904 = CARTESIAN_POINT('',(0.3,0.21,0.46));
#7905 = DIRECTION('',(1.,0.,-0.));
#7906 = DIRECTION('',(0.,0.,1.));
#7907 = ORIENTED_EDGE('',*,*,#7878,.F.);
#7908 = CYLINDRICAL_SURFACE('',#7909,2.E-02);
#7909 = AXIS2_PLACEMENT_3D('',#7910,#7911,#7912);
#7910 = CARTESIAN_POINT('',(-0.3,0.21,0.46));
#7911 = DIRECTION('',(1.,0.,0.));
#7912 = DIRECTION('',(-0.,1.,0.));
#7913 = ADVANCED_FACE('',(#7914),#7932,.T.);
#7914 = FACE_BOUND('',#7915,.T.);
#7915 = EDGE_LOOP('',(#7916,#7917,#7925,#7931));
#7916 = ORIENTED_EDGE('',*,*,#7739,.F.);
#7917 = ORIENTED_EDGE('',*,*,#7918,.T.);
#7918 = EDGE_CURVE('',#7731,#7919,#7921,.T.);
#7919 = VERTEX_POINT('',#7920);
#7920 = CARTESIAN_POINT('',(0.3,-0.21,0.48));
#7921 = LINE('',#7922,#7923);
#7922 = CARTESIAN_POINT('',(-0.3,-0.21,0.48));
#7923 = VECTOR('',#7924,1.);
#7924 = DIRECTION('',(1.,0.,0.));
#7925 = ORIENTED_EDGE('',*,*,#7926,.T.);
#7926 = EDGE_CURVE('',#7919,#7894,#7927,.T.);
#7927 = LINE('',#7928,#7929);
#7928 = CARTESIAN_POINT('',(0.3,-0.23,0.48));
#7929 = VECTOR('',#7930,1.);
#7930 = DIRECTION('',(0.,1.,0.));
#7931 = ORIENTED_EDGE('',*,*,#7893,.F.);
#7932 = PLANE('',#7933);
#7933 = AXIS2_PLACEMENT_3D('',#7934,#7935,#7936);
#7934 = CARTESIAN_POINT('',(-0.3,-0.23,0.48));
#7935 = DIRECTION('',(0.,0.,1.));
#7936 = DIRECTION('',(1.,0.,-0.));
#7937 = ADVANCED_FACE('',(#7938),#7957,.T.);
#7938 = FACE_BOUND('',#7939,.T.);
#7939 = EDGE_LOOP('',(#7940,#7948,#7955,#7956));
#7940 = ORIENTED_EDGE('',*,*,#7941,.T.);
#7941 = EDGE_CURVE('',#7723,#7942,#7944,.T.);
#7942 = VERTEX_POINT('',#7943);
#7943 = CARTESIAN_POINT('',(0.3,-0.23,0.46));
#7944 = LINE('',#7945,#7946);
#7945 = CARTESIAN_POINT('',(-0.3,-0.23,0.46));
#7946 = VECTOR('',#7947,1.);
#7947 = DIRECTION('',(1.,0.,0.));
#7948 = ORIENTED_EDGE('',*,*,#7949,.T.);
#7949 = EDGE_CURVE('',#7942,#7919,#7950,.T.);
#7950 = CIRCLE('',#7951,2.E-02);
#7951 = AXIS2_PLACEMENT_3D('',#7952,#7953,#7954);
#7952 = CARTESIAN_POINT('',(0.3,-0.21,0.46));
#7953 = DIRECTION('',(-1.,0.,0.));
#7954 = DIRECTION('',(0.,0.,1.));
#7955 = ORIENTED_EDGE('',*,*,#7918,.F.);
#7956 = ORIENTED_EDGE('',*,*,#7730,.F.);
#7957 = CYLINDRICAL_SURFACE('',#7958,2.E-02);
#7958 = AXIS2_PLACEMENT_3D('',#7959,#7960,#7961);
#7959 = CARTESIAN_POINT('',(-0.3,-0.21,0.46));
#7960 = DIRECTION('',(1.,0.,0.));
#7961 = DIRECTION('',(0.,-1.,0.));
#7962 = ADVANCED_FACE('',(#7963),#7974,.F.);
#7963 = FACE_BOUND('',#7964,.F.);
#7964 = EDGE_LOOP('',(#7965,#7971,#7972,#7973));
#7965 = ORIENTED_EDGE('',*,*,#7966,.F.);
#7966 = EDGE_CURVE('',#7797,#7942,#7967,.T.);
#7967 = LINE('',#7968,#7969);
#7968 = CARTESIAN_POINT('',(0.3,-0.23,2.E-02));
#7969 = VECTOR('',#7970,1.);
#7970 = DIRECTION('',(0.,0.,1.));
#7971 = ORIENTED_EDGE('',*,*,#7805,.F.);
#7972 = ORIENTED_EDGE('',*,*,#7722,.T.);
#7973 = ORIENTED_EDGE('',*,*,#7941,.T.);
#7974 = PLANE('',#7975);
#7975 = AXIS2_PLACEMENT_3D('',#7976,#7977,#7978);
#7976 = CARTESIAN_POINT('',(-0.3,-0.23,2.E-02));
#7977 = DIRECTION('',(0.,1.,0.));
#7978 = DIRECTION('',(0.,-0.,1.));
#7979 = ADVANCED_FACE('',(#7980,#8050),#8060,.F.);
#7980 = FACE_BOUND('',#7981,.F.);
#7981 = EDGE_LOOP('',(#7982,#7992,#8001,#8009,#8018,#8026,#8035,#8043));
#7982 = ORIENTED_EDGE('',*,*,#7983,.F.);
#7983 = EDGE_CURVE('',#7984,#7986,#7988,.T.);
#7984 = VERTEX_POINT('',#7985);
#7985 = CARTESIAN_POINT('',(0.3,-0.25,2.E-02));
#7986 = VERTEX_POINT('',#7987);
#7987 = CARTESIAN_POINT('',(0.3,-0.25,0.48));
#7988 = LINE('',#7989,#7990);
#7989 = CARTESIAN_POINT('',(0.3,-0.25,0.));
#7990 = VECTOR('',#7991,1.);
#7991 = DIRECTION('',(0.,0.,1.));
#7992 = ORIENTED_EDGE('',*,*,#7993,.T.);
#7993 = EDGE_CURVE('',#7984,#7994,#7996,.T.);
#7994 = VERTEX_POINT('',#7995);
#7995 = CARTESIAN_POINT('',(0.3,-0.23,0.));
#7996 = CIRCLE('',#7997,2.E-02);
#7997 = AXIS2_PLACEMENT_3D('',#7998,#7999,#8000);
#7998 = CARTESIAN_POINT('',(0.3,-0.23,2.E-02));
#7999 = DIRECTION('',(1.,0.,-0.));
#8000 = DIRECTION('',(0.,0.,1.));
#8001 = ORIENTED_EDGE('',*,*,#8002,.T.);
#8002 = EDGE_CURVE('',#7994,#8003,#8005,.T.);
#8003 = VERTEX_POINT('',#8004);
#8004 = CARTESIAN_POINT('',(0.3,0.23,0.));
#8005 = LINE('',#8006,#8007);
#8006 = CARTESIAN_POINT('',(0.3,-0.25,0.));
#8007 = VECTOR('',#8008,1.);
#8008 = DIRECTION('',(0.,1.,0.));
#8009 = ORIENTED_EDGE('',*,*,#8010,.F.);
#8010 = EDGE_CURVE('',#8011,#8003,#8013,.T.);
#8011 = VERTEX_POINT('',#8012);
#8012 = CARTESIAN_POINT('',(0.3,0.25,2.E-02));
#8013 = CIRCLE('',#8014,2.E-02);
#8014 = AXIS2_PLACEMENT_3D('',#8015,#8016,#8017);
#8015 = CARTESIAN_POINT('',(0.3,0.23,2.E-02));
#8016 = DIRECTION('',(-1.,0.,0.));
#8017 = DIRECTION('',(0.,0.,1.));
#8018 = ORIENTED_EDGE('',*,*,#8019,.T.);
#8019 = EDGE_CURVE('',#8011,#8020,#8022,.T.);
#8020 = VERTEX_POINT('',#8021);
#8021 = CARTESIAN_POINT('',(0.3,0.25,0.48));
#8022 = LINE('',#8023,#8024);
#8023 = CARTESIAN_POINT('',(0.3,0.25,0.));
#8024 = VECTOR('',#8025,1.);
#8025 = DIRECTION('',(0.,0.,1.));
#8026 = ORIENTED_EDGE('',*,*,#8027,.T.);
#8027 = EDGE_CURVE('',#8020,#8028,#8030,.T.);
#8028 = VERTEX_POINT('',#8029);
#8029 = CARTESIAN_POINT('',(0.3,0.23,0.5));
#8030 = CIRCLE('',#8031,2.E-02);
#8031 = AXIS2_PLACEMENT_3D('',#8032,#8033,#8034);
#8032 = CARTESIAN_POINT('',(0.3,0.23,0.48));
#8033 = DIRECTION('',(1.,0.,-0.));
#8034 = DIRECTION('',(0.,0.,1.));
#8035 = ORIENTED_EDGE('',*,*,#8036,.F.);
#8036 = EDGE_CURVE('',#8037,#8028,#8039,.T.);
#8037 = VERTEX_POINT('',#8038);
#8038 = CARTESIAN_POINT('',(0.3,-0.23,0.5));
#8039 = LINE('',#8040,#8041);
#8040 = CARTESIAN_POINT('',(0.3,-0.25,0.5));
#8041 = VECTOR('',#8042,1.);
#8042 = DIRECTION('',(0.,1.,0.));
#8043 = ORIENTED_EDGE('',*,*,#8044,.F.);
#8044 = EDGE_CURVE('',#7986,#8037,#8045,.T.);
#8045 = CIRCLE('',#8046,2.E-02);
#8046 = AXIS2_PLACEMENT_3D('',#8047,#8048,#8049);
#8047 = CARTESIAN_POINT('',(0.3,-0.23,0.48));
#8048 = DIRECTION('',(-1.,0.,0.));
#8049 = DIRECTION('',(0.,0.,1.));
#8050 = FACE_BOUND('',#8051,.F.);
#8051 = EDGE_LOOP('',(#8052,#8053,#8054,#8055,#8056,#8057,#8058,#8059));
#8052 = ORIENTED_EDGE('',*,*,#7796,.F.);
#8053 = ORIENTED_EDGE('',*,*,#7966,.T.);
#8054 = ORIENTED_EDGE('',*,*,#7949,.T.);
#8055 = ORIENTED_EDGE('',*,*,#7926,.T.);
#8056 = ORIENTED_EDGE('',*,*,#7901,.F.);
#8057 = ORIENTED_EDGE('',*,*,#7868,.F.);
#8058 = ORIENTED_EDGE('',*,*,#7851,.T.);
#8059 = ORIENTED_EDGE('',*,*,#7821,.F.);
#8060 = PLANE('',#8061);
#8061 = AXIS2_PLACEMENT_3D('',#8062,#8063,#8064);
#8062 = CARTESIAN_POINT('',(0.3,-0.25,0.));
#8063 = DIRECTION('',(1.,0.,0.));
#8064 = DIRECTION('',(0.,0.,1.));
#8065 = ADVANCED_FACE('',(#8066),#8091,.F.);
#8066 = FACE_BOUND('',#8067,.F.);
#8067 = EDGE_LOOP('',(#8068,#8078,#8084,#8085));
#8068 = ORIENTED_EDGE('',*,*,#8069,.F.);
#8069 = EDGE_CURVE('',#8070,#8072,#8074,.T.);
#8070 = VERTEX_POINT('',#8071);
#8071 = CARTESIAN_POINT('',(0.5,-0.25,2.E-02));
#8072 = VERTEX_POINT('',#8073);
#8073 = CARTESIAN_POINT('',(0.5,-0.25,0.48));
#8074 = LINE('',#8075,#8076);
#8075 = CARTESIAN_POINT('',(0.5,-0.25,0.));
#8076 = VECTOR('',#8077,1.);
#8077 = DIRECTION('',(0.,0.,1.));
#8078 = ORIENTED_EDGE('',*,*,#8079,.F.);
#8079 = EDGE_CURVE('',#7984,#8070,#8080,.T.);
#8080 = LINE('',#8081,#8082);
#8081 = CARTESIAN_POINT('',(0.3,-0.25,2.E-02));
#8082 = VECTOR('',#8083,1.);
#8083 = DIRECTION('',(1.,0.,0.));
#8084 = ORIENTED_EDGE('',*,*,#7983,.T.);
#8085 = ORIENTED_EDGE('',*,*,#8086,.T.);
#8086 = EDGE_CURVE('',#7986,#8072,#8087,.T.);
#8087 = LINE('',#8088,#8089);
#8088 = CARTESIAN_POINT('',(0.3,-0.25,0.48));
#8089 = VECTOR('',#8090,1.);
#8090 = DIRECTION('',(1.,0.,0.));
#8091 = PLANE('',#8092);
#8092 = AXIS2_PLACEMENT_3D('',#8093,#8094,#8095);
#8093 = CARTESIAN_POINT('',(0.3,-0.25,0.));
#8094 = DIRECTION('',(0.,1.,0.));
#8095 = DIRECTION('',(0.,-0.,1.));
#8096 = ADVANCED_FACE('',(#8097),#8116,.T.);
#8097 = FACE_BOUND('',#8098,.T.);
#8098 = EDGE_LOOP('',(#8099,#8100,#8108,#8115));
#8099 = ORIENTED_EDGE('',*,*,#7993,.T.);
#8100 = ORIENTED_EDGE('',*,*,#8101,.T.);
#8101 = EDGE_CURVE('',#7994,#8102,#8104,.T.);
#8102 = VERTEX_POINT('',#8103);
#8103 = CARTESIAN_POINT('',(0.5,-0.23,0.));
#8104 = LINE('',#8105,#8106);
#8105 = CARTESIAN_POINT('',(0.3,-0.23,0.));
#8106 = VECTOR('',#8107,1.);
#8107 = DIRECTION('',(1.,0.,0.));
#8108 = ORIENTED_EDGE('',*,*,#8109,.F.);
#8109 = EDGE_CURVE('',#8070,#8102,#8110,.T.);
#8110 = CIRCLE('',#8111,2.E-02);
#8111 = AXIS2_PLACEMENT_3D('',#8112,#8113,#8114);
#8112 = CARTESIAN_POINT('',(0.5,-0.23,2.E-02));
#8113 = DIRECTION('',(1.,0.,-0.));
#8114 = DIRECTION('',(0.,0.,1.));
#8115 = ORIENTED_EDGE('',*,*,#8079,.F.);
#8116 = CYLINDRICAL_SURFACE('',#8117,2.E-02);
#8117 = AXIS2_PLACEMENT_3D('',#8118,#8119,#8120);
#8118 = CARTESIAN_POINT('',(0.3,-0.23,2.E-02));
#8119 = DIRECTION('',(1.,0.,0.));
#8120 = DIRECTION('',(0.,-1.,0.));
#8121 = ADVANCED_FACE('',(#8122),#8141,.T.);
#8122 = FACE_BOUND('',#8123,.T.);
#8123 = EDGE_LOOP('',(#8124,#8125,#8134,#8140));
#8124 = ORIENTED_EDGE('',*,*,#8086,.T.);
#8125 = ORIENTED_EDGE('',*,*,#8126,.T.);
#8126 = EDGE_CURVE('',#8072,#8127,#8129,.T.);
#8127 = VERTEX_POINT('',#8128);
#8128 = CARTESIAN_POINT('',(0.5,-0.23,0.5));
#8129 = CIRCLE('',#8130,2.E-02);
#8130 = AXIS2_PLACEMENT_3D('',#8131,#8132,#8133);
#8131 = CARTESIAN_POINT('',(0.5,-0.23,0.48));
#8132 = DIRECTION('',(-1.,0.,0.));
#8133 = DIRECTION('',(0.,0.,1.));
#8134 = ORIENTED_EDGE('',*,*,#8135,.F.);
#8135 = EDGE_CURVE('',#8037,#8127,#8136,.T.);
#8136 = LINE('',#8137,#8138);
#8137 = CARTESIAN_POINT('',(0.3,-0.23,0.5));
#8138 = VECTOR('',#8139,1.);
#8139 = DIRECTION('',(1.,0.,0.));
#8140 = ORIENTED_EDGE('',*,*,#8044,.F.);
#8141 = CYLINDRICAL_SURFACE('',#8142,2.E-02);
#8142 = AXIS2_PLACEMENT_3D('',#8143,#8144,#8145);
#8143 = CARTESIAN_POINT('',(0.3,-0.23,0.48));
#8144 = DIRECTION('',(1.,0.,0.));
#8145 = DIRECTION('',(0.,-1.,0.));
#8146 = ADVANCED_FACE('',(#8147),#8165,.F.);
#8147 = FACE_BOUND('',#8148,.F.);
#8148 = EDGE_LOOP('',(#8149,#8150,#8151,#8159));
#8149 = ORIENTED_EDGE('',*,*,#8002,.F.);
#8150 = ORIENTED_EDGE('',*,*,#8101,.T.);
#8151 = ORIENTED_EDGE('',*,*,#8152,.T.);
#8152 = EDGE_CURVE('',#8102,#8153,#8155,.T.);
#8153 = VERTEX_POINT('',#8154);
#8154 = CARTESIAN_POINT('',(0.5,0.23,0.));
#8155 = LINE('',#8156,#8157);
#8156 = CARTESIAN_POINT('',(0.5,-0.25,0.));
#8157 = VECTOR('',#8158,1.);
#8158 = DIRECTION('',(0.,1.,0.));
#8159 = ORIENTED_EDGE('',*,*,#8160,.F.);
#8160 = EDGE_CURVE('',#8003,#8153,#8161,.T.);
#8161 = LINE('',#8162,#8163);
#8162 = CARTESIAN_POINT('',(0.3,0.23,0.));
#8163 = VECTOR('',#8164,1.);
#8164 = DIRECTION('',(1.,0.,0.));
#8165 = PLANE('',#8166);
#8166 = AXIS2_PLACEMENT_3D('',#8167,#8168,#8169);
#8167 = CARTESIAN_POINT('',(0.3,-0.25,0.));
#8168 = DIRECTION('',(0.,0.,1.));
#8169 = DIRECTION('',(1.,0.,-0.));
#8170 = ADVANCED_FACE('',(#8171),#8189,.T.);
#8171 = FACE_BOUND('',#8172,.T.);
#8172 = EDGE_LOOP('',(#8173,#8174,#8175,#8183));
#8173 = ORIENTED_EDGE('',*,*,#8036,.F.);
#8174 = ORIENTED_EDGE('',*,*,#8135,.T.);
#8175 = ORIENTED_EDGE('',*,*,#8176,.T.);
#8176 = EDGE_CURVE('',#8127,#8177,#8179,.T.);
#8177 = VERTEX_POINT('',#8178);
#8178 = CARTESIAN_POINT('',(0.5,0.23,0.5));
#8179 = LINE('',#8180,#8181);
#8180 = CARTESIAN_POINT('',(0.5,-0.25,0.5));
#8181 = VECTOR('',#8182,1.);
#8182 = DIRECTION('',(0.,1.,0.));
#8183 = ORIENTED_EDGE('',*,*,#8184,.F.);
#8184 = EDGE_CURVE('',#8028,#8177,#8185,.T.);
#8185 = LINE('',#8186,#8187);
#8186 = CARTESIAN_POINT('',(0.3,0.23,0.5));
#8187 = VECTOR('',#8188,1.);
#8188 = DIRECTION('',(1.,0.,0.));
#8189 = PLANE('',#8190);
#8190 = AXIS2_PLACEMENT_3D('',#8191,#8192,#8193);
#8191 = CARTESIAN_POINT('',(0.3,-0.25,0.5));
#8192 = DIRECTION('',(0.,0.,1.));
#8193 = DIRECTION('',(1.,0.,-0.));
#8194 = ADVANCED_FACE('',(#8195),#8214,.T.);
#8195 = FACE_BOUND('',#8196,.T.);
#8196 = EDGE_LOOP('',(#8197,#8205,#8212,#8213));
#8197 = ORIENTED_EDGE('',*,*,#8198,.T.);
#8198 = EDGE_CURVE('',#8011,#8199,#8201,.T.);
#8199 = VERTEX_POINT('',#8200);
#8200 = CARTESIAN_POINT('',(0.5,0.25,2.E-02));
#8201 = LINE('',#8202,#8203);
#8202 = CARTESIAN_POINT('',(0.3,0.25,2.E-02));
#8203 = VECTOR('',#8204,1.);
#8204 = DIRECTION('',(1.,0.,0.));
#8205 = ORIENTED_EDGE('',*,*,#8206,.T.);
#8206 = EDGE_CURVE('',#8199,#8153,#8207,.T.);
#8207 = CIRCLE('',#8208,2.E-02);
#8208 = AXIS2_PLACEMENT_3D('',#8209,#8210,#8211);
#8209 = CARTESIAN_POINT('',(0.5,0.23,2.E-02));
#8210 = DIRECTION('',(-1.,0.,0.));
#8211 = DIRECTION('',(0.,0.,1.));
#8212 = ORIENTED_EDGE('',*,*,#8160,.F.);
#8213 = ORIENTED_EDGE('',*,*,#8010,.F.);
#8214 = CYLINDRICAL_SURFACE('',#8215,2.E-02);
#8215 = AXIS2_PLACEMENT_3D('',#8216,#8217,#8218);
#8216 = CARTESIAN_POINT('',(0.3,0.23,2.E-02));
#8217 = DIRECTION('',(1.,0.,0.));
#8218 = DIRECTION('',(-0.,1.,0.));
#8219 = ADVANCED_FACE('',(#8220),#8239,.T.);
#8220 = FACE_BOUND('',#8221,.T.);
#8221 = EDGE_LOOP('',(#8222,#8223,#8224,#8233));
#8222 = ORIENTED_EDGE('',*,*,#8027,.T.);
#8223 = ORIENTED_EDGE('',*,*,#8184,.T.);
#8224 = ORIENTED_EDGE('',*,*,#8225,.F.);
#8225 = EDGE_CURVE('',#8226,#8177,#8228,.T.);
#8226 = VERTEX_POINT('',#8227);
#8227 = CARTESIAN_POINT('',(0.5,0.25,0.48));
#8228 = CIRCLE('',#8229,2.E-02);
#8229 = AXIS2_PLACEMENT_3D('',#8230,#8231,#8232);
#8230 = CARTESIAN_POINT('',(0.5,0.23,0.48));
#8231 = DIRECTION('',(1.,0.,-0.));
#8232 = DIRECTION('',(0.,0.,1.));
#8233 = ORIENTED_EDGE('',*,*,#8234,.F.);
#8234 = EDGE_CURVE('',#8020,#8226,#8235,.T.);
#8235 = LINE('',#8236,#8237);
#8236 = CARTESIAN_POINT('',(0.3,0.25,0.48));
#8237 = VECTOR('',#8238,1.);
#8238 = DIRECTION('',(1.,0.,0.));
#8239 = CYLINDRICAL_SURFACE('',#8240,2.E-02);
#8240 = AXIS2_PLACEMENT_3D('',#8241,#8242,#8243);
#8241 = CARTESIAN_POINT('',(0.3,0.23,0.48));
#8242 = DIRECTION('',(1.,0.,0.));
#8243 = DIRECTION('',(-0.,1.,0.));
#8244 = ADVANCED_FACE('',(#8245),#8256,.T.);
#8245 = FACE_BOUND('',#8246,.T.);
#8246 = EDGE_LOOP('',(#8247,#8253,#8254,#8255));
#8247 = ORIENTED_EDGE('',*,*,#8248,.F.);
#8248 = EDGE_CURVE('',#8199,#8226,#8249,.T.);
#8249 = LINE('',#8250,#8251);
#8250 = CARTESIAN_POINT('',(0.5,0.25,0.));
#8251 = VECTOR('',#8252,1.);
#8252 = DIRECTION('',(0.,0.,1.));
#8253 = ORIENTED_EDGE('',*,*,#8198,.F.);
#8254 = ORIENTED_EDGE('',*,*,#8019,.T.);
#8255 = ORIENTED_EDGE('',*,*,#8234,.T.);
#8256 = PLANE('',#8257);
#8257 = AXIS2_PLACEMENT_3D('',#8258,#8259,#8260);
#8258 = CARTESIAN_POINT('',(0.3,0.25,0.));
#8259 = DIRECTION('',(0.,1.,0.));
#8260 = DIRECTION('',(0.,-0.,1.));
#8261 = ADVANCED_FACE('',(#8262),#8272,.T.);
#8262 = FACE_BOUND('',#8263,.T.);
#8263 = EDGE_LOOP('',(#8264,#8265,#8266,#8267,#8268,#8269,#8270,#8271));
#8264 = ORIENTED_EDGE('',*,*,#8069,.F.);
#8265 = ORIENTED_EDGE('',*,*,#8109,.T.);
#8266 = ORIENTED_EDGE('',*,*,#8152,.T.);
#8267 = ORIENTED_EDGE('',*,*,#8206,.F.);
#8268 = ORIENTED_EDGE('',*,*,#8248,.T.);
#8269 = ORIENTED_EDGE('',*,*,#8225,.T.);
#8270 = ORIENTED_EDGE('',*,*,#8176,.F.);
#8271 = ORIENTED_EDGE('',*,*,#8126,.F.);
#8272 = PLANE('',#8273);
#8273 = AXIS2_PLACEMENT_3D('',#8274,#8275,#8276);
#8274 = CARTESIAN_POINT('',(0.5,-0.25,0.));
#8275 = DIRECTION('',(1.,0.,0.));
#8276 = DIRECTION('',(0.,0.,1.));
#8277 = ( GEOMETRIC_REPRESENTATION_CONTEXT(3) 
GLOBAL_UNCERTAINTY_ASSIGNED_CONTEXT((#8281)) 
GLOBAL_UNIT_ASSIGNED_CONTEXT((#8278,#8279,#8280)) REPRESENTATION_CONTEXT
('Context #1','3D Context with UNIT and UNCERTAINTY') );
#8278 = ( LENGTH_UNIT() NAMED_UNIT(*) SI_UNIT(.MILLI.,.METRE.) );
#8279 = ( NAMED_UNIT(*) PLANE_ANGLE_UNIT() SI_UNIT($,.RADIAN.) );
#8280 = ( NAMED_UNIT(*) SI_UNIT($,.STERADIAN.) SOLID_ANGLE_UNIT() );
#8281 = UNCERTAINTY_MEASURE_WITH_UNIT(LENGTH_MEASURE(1.E-07),#8278,
  'distance_accuracy_value','confusion accuracy');
#8282 = CONTEXT_DEPENDENT_SHAPE_REPRESENTATION(#8283,#8285);
#8283 = ( REPRESENTATION_RELATIONSHIP('','',#7422,#10) 
REPRESENTATION_RELATIONSHIP_WITH_TRANSFORMATION(#8284) 
SHAPE_REPRESENTATION_RELATIONSHIP() );
#8284 = ITEM_DEFINED_TRANSFORMATION('','',#11,#99);
#8285 = PRODUCT_DEFINITION_SHAPE('Placement','Placement of an item',
  #8286);
#8286 = NEXT_ASSEMBLY_USAGE_OCCURRENCE('22','FB1','',#5,#7417,$);
#8287 = PRODUCT_RELATED_PRODUCT_CATEGORY('part',$,(#7419));
#8288 = CONTEXT_DEPENDENT_SHAPE_REPRESENTATION(#8289,#8291);
#8289 = ( REPRESENTATION_RELATIONSHIP('','',#140,#10) 
REPRESENTATION_RELATIONSHIP_WITH_TRANSFORMATION(#8290) 
SHAPE_REPRESENTATION_RELATIONSHIP() );
#8290 = ITEM_DEFINED_TRANSFORMATION('','',#11,#103);
#8291 = PRODUCT_DEFINITION_SHAPE('Placement','Placement of an item',
  #8292);
#8292 = NEXT_ASSEMBLY_USAGE_OCCURRENCE('23','R8','',#5,#135,$);
#8293 = CONTEXT_DEPENDENT_SHAPE_REPRESENTATION(#8294,#8296);
#8294 = ( REPRESENTATION_RELATIONSHIP('','',#949,#10) 
REPRESENTATION_RELATIONSHIP_WITH_TRANSFORMATION(#8295) 
SHAPE_REPRESENTATION_RELATIONSHIP() );
#8295 = ITEM_DEFINED_TRANSFORMATION('','',#11,#107);
#8296 = PRODUCT_DEFINITION_SHAPE('Placement','Placement of an item',
  #8297);
#8297 = NEXT_ASSEMBLY_USAGE_OCCURRENCE('24','C6','',#5,#944,$);
#8298 = CONTEXT_DEPENDENT_SHAPE_REPRESENTATION(#8299,#8301);
#8299 = ( REPRESENTATION_RELATIONSHIP('','',#1822,#10) 
REPRESENTATION_RELATIONSHIP_WITH_TRANSFORMATION(#8300) 
SHAPE_REPRESENTATION_RELATIONSHIP() );
#8300 = ITEM_DEFINED_TRANSFORMATION('','',#11,#111);
#8301 = PRODUCT_DEFINITION_SHAPE('Placement','Placement of an item',
  #8302);
#8302 = NEXT_ASSEMBLY_USAGE_OCCURRENCE('25','D1','',#5,#1817,$);
#8303 = CONTEXT_DEPENDENT_SHAPE_REPRESENTATION(#8304,#8306);
#8304 = ( REPRESENTATION_RELATIONSHIP('','',#949,#10) 
REPRESENTATION_RELATIONSHIP_WITH_TRANSFORMATION(#8305) 
SHAPE_REPRESENTATION_RELATIONSHIP() );
#8305 = ITEM_DEFINED_TRANSFORMATION('','',#11,#115);
#8306 = PRODUCT_DEFINITION_SHAPE('Placement','Placement of an item',
  #8307);
#8307 = NEXT_ASSEMBLY_USAGE_OCCURRENCE('26','C4','',#5,#944,$);
#8308 = CONTEXT_DEPENDENT_SHAPE_REPRESENTATION(#8309,#8311);
#8309 = ( REPRESENTATION_RELATIONSHIP('','',#140,#10) 
REPRESENTATION_RELATIONSHIP_WITH_TRANSFORMATION(#8310) 
SHAPE_REPRESENTATION_RELATIONSHIP() );
#8310 = ITEM_DEFINED_TRANSFORMATION('','',#11,#119);
#8311 = PRODUCT_DEFINITION_SHAPE('Placement','Placement of an item',
  #8312);
#8312 = NEXT_ASSEMBLY_USAGE_OCCURRENCE('27','R2','',#5,#135,$);
#8313 = SHAPE_DEFINITION_REPRESENTATION(#8314,#8320);
#8314 = PRODUCT_DEFINITION_SHAPE('','',#8315);
#8315 = PRODUCT_DEFINITION('design','',#8316,#8319);
#8316 = PRODUCT_DEFINITION_FORMATION('','',#8317);
#8317 = PRODUCT('BarometricPressureSensor_PCB',
  'BarometricPressureSensor_PCB','',(#8318));
#8318 = PRODUCT_CONTEXT('',#2,'mechanical');
#8319 = PRODUCT_DEFINITION_CONTEXT('part definition',#2,'design');
#8320 = ADVANCED_BREP_SHAPE_REPRESENTATION('',(#11,#8321),#12243);
#8321 = MANIFOLD_SOLID_BREP('',#8322);
#8322 = CLOSED_SHELL('',(#8323,#8365,#8396,#8427,#9479,#10531,#10548,
    #10565,#10582,#10599,#10611,#10628,#10645,#10662,#10679,#10696,
    #10713,#10735,#10752,#10769,#10781,#10803,#10820,#10837,#10849,
    #10866,#10888,#10905,#10922,#10934,#10951,#10973,#10990,#11007,
    #11019,#11041,#11058,#11075,#11087,#11109,#11126,#11143,#11155,
    #11172,#11194,#11211,#11228,#11240,#11257,#11274,#11291,#11308,
    #11325,#11342,#11359,#11376,#11393,#11410,#11427,#11444,#11461,
    #11478,#11495,#11512,#11529,#11546,#11563,#11580,#11597,#11614,
    #11631,#11648,#11665,#11682,#11699,#11716,#11733,#11750,#11767,
    #11784,#11801,#11818,#11835,#11852,#11869,#11886,#11903,#11920,
    #11937,#11954,#11971,#11988,#12005,#12022,#12039,#12056,#12073,
    #12090,#12107,#12124,#12141,#12158,#12175,#12192,#12209,#12226));
#8323 = ADVANCED_FACE('',(#8324),#8360,.T.);
#8324 = FACE_BOUND('',#8325,.T.);
#8325 = EDGE_LOOP('',(#8326,#8336,#8345,#8353));
#8326 = ORIENTED_EDGE('',*,*,#8327,.T.);
#8327 = EDGE_CURVE('',#8328,#8330,#8332,.T.);
#8328 = VERTEX_POINT('',#8329);
#8329 = CARTESIAN_POINT('',(170.549828,-104.14,0.));
#8330 = VERTEX_POINT('',#8331);
#8331 = CARTESIAN_POINT('',(170.549828,-104.14,1.51));
#8332 = LINE('',#8333,#8334);
#8333 = CARTESIAN_POINT('',(170.549828,-104.14,0.));
#8334 = VECTOR('',#8335,1.);
#8335 = DIRECTION('',(0.,0.,1.));
#8336 = ORIENTED_EDGE('',*,*,#8337,.T.);
#8337 = EDGE_CURVE('',#8330,#8338,#8340,.T.);
#8338 = VERTEX_POINT('',#8339);
#8339 = CARTESIAN_POINT('',(171.549828,-105.14,1.51));
#8340 = CIRCLE('',#8341,0.999999252925);
#8341 = AXIS2_PLACEMENT_3D('',#8342,#8343,#8344);
#8342 = CARTESIAN_POINT('',(170.54982874707,-105.1399992529,1.51));
#8343 = DIRECTION('',(0.,0.,-1.));
#8344 = DIRECTION('',(-7.470757349539E-07,1.,0.));
#8345 = ORIENTED_EDGE('',*,*,#8346,.F.);
#8346 = EDGE_CURVE('',#8347,#8338,#8349,.T.);
#8347 = VERTEX_POINT('',#8348);
#8348 = CARTESIAN_POINT('',(171.549828,-105.14,0.));
#8349 = LINE('',#8350,#8351);
#8350 = CARTESIAN_POINT('',(171.549828,-105.14,0.));
#8351 = VECTOR('',#8352,1.);
#8352 = DIRECTION('',(0.,0.,1.));
#8353 = ORIENTED_EDGE('',*,*,#8354,.F.);
#8354 = EDGE_CURVE('',#8328,#8347,#8355,.T.);
#8355 = CIRCLE('',#8356,0.999999252925);
#8356 = AXIS2_PLACEMENT_3D('',#8357,#8358,#8359);
#8357 = CARTESIAN_POINT('',(170.54982874707,-105.1399992529,0.));
#8358 = DIRECTION('',(0.,0.,-1.));
#8359 = DIRECTION('',(-7.470757349539E-07,1.,0.));
#8360 = CYLINDRICAL_SURFACE('',#8361,0.999999252925);
#8361 = AXIS2_PLACEMENT_3D('',#8362,#8363,#8364);
#8362 = CARTESIAN_POINT('',(170.54982874707,-105.1399992529,0.));
#8363 = DIRECTION('',(0.,0.,-1.));
#8364 = DIRECTION('',(-7.470757349539E-07,1.,0.));
#8365 = ADVANCED_FACE('',(#8366),#8391,.T.);
#8366 = FACE_BOUND('',#8367,.T.);
#8367 = EDGE_LOOP('',(#8368,#8378,#8384,#8385));
#8368 = ORIENTED_EDGE('',*,*,#8369,.T.);
#8369 = EDGE_CURVE('',#8370,#8372,#8374,.T.);
#8370 = VERTEX_POINT('',#8371);
#8371 = CARTESIAN_POINT('',(68.409828,-104.14,0.));
#8372 = VERTEX_POINT('',#8373);
#8373 = CARTESIAN_POINT('',(68.409828,-104.14,1.51));
#8374 = LINE('',#8375,#8376);
#8375 = CARTESIAN_POINT('',(68.409828,-104.14,0.));
#8376 = VECTOR('',#8377,1.);
#8377 = DIRECTION('',(0.,0.,1.));
#8378 = ORIENTED_EDGE('',*,*,#8379,.T.);
#8379 = EDGE_CURVE('',#8372,#8330,#8380,.T.);
#8380 = LINE('',#8381,#8382);
#8381 = CARTESIAN_POINT('',(68.409828,-104.14,1.51));
#8382 = VECTOR('',#8383,1.);
#8383 = DIRECTION('',(1.,0.,0.));
#8384 = ORIENTED_EDGE('',*,*,#8327,.F.);
#8385 = ORIENTED_EDGE('',*,*,#8386,.F.);
#8386 = EDGE_CURVE('',#8370,#8328,#8387,.T.);
#8387 = LINE('',#8388,#8389);
#8388 = CARTESIAN_POINT('',(68.409828,-104.14,0.));
#8389 = VECTOR('',#8390,1.);
#8390 = DIRECTION('',(1.,0.,0.));
#8391 = PLANE('',#8392);
#8392 = AXIS2_PLACEMENT_3D('',#8393,#8394,#8395);
#8393 = CARTESIAN_POINT('',(68.409828,-104.14,0.));
#8394 = DIRECTION('',(0.,1.,0.));
#8395 = DIRECTION('',(1.,0.,0.));
#8396 = ADVANCED_FACE('',(#8397),#8422,.T.);
#8397 = FACE_BOUND('',#8398,.T.);
#8398 = EDGE_LOOP('',(#8399,#8400,#8408,#8416));
#8399 = ORIENTED_EDGE('',*,*,#8346,.T.);
#8400 = ORIENTED_EDGE('',*,*,#8401,.T.);
#8401 = EDGE_CURVE('',#8338,#8402,#8404,.T.);
#8402 = VERTEX_POINT('',#8403);
#8403 = CARTESIAN_POINT('',(171.549828,-170.196,1.51));
#8404 = LINE('',#8405,#8406);
#8405 = CARTESIAN_POINT('',(171.549828,-105.14,1.51));
#8406 = VECTOR('',#8407,1.);
#8407 = DIRECTION('',(0.,-1.,0.));
#8408 = ORIENTED_EDGE('',*,*,#8409,.F.);
#8409 = EDGE_CURVE('',#8410,#8402,#8412,.T.);
#8410 = VERTEX_POINT('',#8411);
#8411 = CARTESIAN_POINT('',(171.549828,-170.196,0.));
#8412 = LINE('',#8413,#8414);
#8413 = CARTESIAN_POINT('',(171.549828,-170.196,0.));
#8414 = VECTOR('',#8415,1.);
#8415 = DIRECTION('',(0.,0.,1.));
#8416 = ORIENTED_EDGE('',*,*,#8417,.F.);
#8417 = EDGE_CURVE('',#8347,#8410,#8418,.T.);
#8418 = LINE('',#8419,#8420);
#8419 = CARTESIAN_POINT('',(171.549828,-105.14,0.));
#8420 = VECTOR('',#8421,1.);
#8421 = DIRECTION('',(0.,-1.,0.));
#8422 = PLANE('',#8423);
#8423 = AXIS2_PLACEMENT_3D('',#8424,#8425,#8426);
#8424 = CARTESIAN_POINT('',(171.549828,-105.14,0.));
#8425 = DIRECTION('',(1.,0.,-0.));
#8426 = DIRECTION('',(0.,-1.,0.));
#8427 = ADVANCED_FACE('',(#8428,#8474,#8485,#8496,#8507,#8518,#8529,
    #8540,#8576,#8612,#8623,#8659,#8670,#8706,#8742,#8778,#8789,#8825,
    #8836,#8847,#8858,#8869,#8880,#8891,#8902,#8913,#8924,#8935,#8946,
    #8957,#8968,#8979,#8990,#9001,#9012,#9023,#9034,#9045,#9056,#9067,
    #9078,#9089,#9100,#9111,#9122,#9133,#9144,#9155,#9166,#9177,#9188,
    #9199,#9210,#9221,#9232,#9243,#9254,#9265,#9276,#9287,#9298,#9309,
    #9320,#9331,#9342,#9353,#9364,#9375,#9386,#9397,#9408,#9419,#9430,
    #9441,#9452,#9463),#9474,.F.);
#8428 = FACE_BOUND('',#8429,.F.);
#8429 = EDGE_LOOP('',(#8430,#8431,#8432,#8441,#8449,#8458,#8466,#8473));
#8430 = ORIENTED_EDGE('',*,*,#8354,.F.);
#8431 = ORIENTED_EDGE('',*,*,#8386,.F.);
#8432 = ORIENTED_EDGE('',*,*,#8433,.F.);
#8433 = EDGE_CURVE('',#8434,#8370,#8436,.T.);
#8434 = VERTEX_POINT('',#8435);
#8435 = CARTESIAN_POINT('',(67.409828,-105.14,0.));
#8436 = CIRCLE('',#8437,0.999999252925);
#8437 = AXIS2_PLACEMENT_3D('',#8438,#8439,#8440);
#8438 = CARTESIAN_POINT('',(68.409827252925,-105.1399992529,0.));
#8439 = DIRECTION('',(0.,0.,-1.));
#8440 = DIRECTION('',(-1.,-7.470757349539E-07,-0.));
#8441 = ORIENTED_EDGE('',*,*,#8442,.F.);
#8442 = EDGE_CURVE('',#8443,#8434,#8445,.T.);
#8443 = VERTEX_POINT('',#8444);
#8444 = CARTESIAN_POINT('',(67.409828,-170.196,0.));
#8445 = LINE('',#8446,#8447);
#8446 = CARTESIAN_POINT('',(67.409828,-170.196,0.));
#8447 = VECTOR('',#8448,1.);
#8448 = DIRECTION('',(0.,1.,0.));
#8449 = ORIENTED_EDGE('',*,*,#8450,.F.);
#8450 = EDGE_CURVE('',#8451,#8443,#8453,.T.);
#8451 = VERTEX_POINT('',#8452);
#8452 = CARTESIAN_POINT('',(68.409828,-171.196,0.));
#8453 = CIRCLE('',#8454,0.999999252925);
#8454 = AXIS2_PLACEMENT_3D('',#8455,#8456,#8457);
#8455 = CARTESIAN_POINT('',(68.409827252925,-170.196000747,0.));
#8456 = DIRECTION('',(0.,0.,-1.));
#8457 = DIRECTION('',(7.470757633756E-07,-1.,0.));
#8458 = ORIENTED_EDGE('',*,*,#8459,.F.);
#8459 = EDGE_CURVE('',#8460,#8451,#8462,.T.);
#8460 = VERTEX_POINT('',#8461);
#8461 = CARTESIAN_POINT('',(170.549828,-171.196,0.));
#8462 = LINE('',#8463,#8464);
#8463 = CARTESIAN_POINT('',(170.549828,-171.196,0.));
#8464 = VECTOR('',#8465,1.);
#8465 = DIRECTION('',(-1.,0.,0.));
#8466 = ORIENTED_EDGE('',*,*,#8467,.F.);
#8467 = EDGE_CURVE('',#8410,#8460,#8468,.T.);
#8468 = CIRCLE('',#8469,0.999980475351);
#8469 = AXIS2_PLACEMENT_3D('',#8470,#8471,#8472);
#8470 = CARTESIAN_POINT('',(170.54984752483,-170.1960195248,0.));
#8471 = DIRECTION('',(0.,0.,-1.));
#8472 = DIRECTION('',(0.999999999809,1.952522038363E-05,0.));
#8473 = ORIENTED_EDGE('',*,*,#8417,.F.);
#8474 = FACE_BOUND('',#8475,.F.);
#8475 = EDGE_LOOP('',(#8476));
#8476 = ORIENTED_EDGE('',*,*,#8477,.T.);
#8477 = EDGE_CURVE('',#8478,#8478,#8480,.T.);
#8478 = VERTEX_POINT('',#8479);
#8479 = CARTESIAN_POINT('',(72.136,-168.268,0.));
#8480 = CIRCLE('',#8481,1.6);
#8481 = AXIS2_PLACEMENT_3D('',#8482,#8483,#8484);
#8482 = CARTESIAN_POINT('',(72.136,-166.668,0.));
#8483 = DIRECTION('',(-0.,0.,-1.));
#8484 = DIRECTION('',(-0.,-1.,0.));
#8485 = FACE_BOUND('',#8486,.F.);
#8486 = EDGE_LOOP('',(#8487));
#8487 = ORIENTED_EDGE('',*,*,#8488,.T.);
#8488 = EDGE_CURVE('',#8489,#8489,#8491,.T.);
#8489 = VERTEX_POINT('',#8490);
#8490 = CARTESIAN_POINT('',(77.93,-167.882,0.));
#8491 = CIRCLE('',#8492,0.75);
#8492 = AXIS2_PLACEMENT_3D('',#8493,#8494,#8495);
#8493 = CARTESIAN_POINT('',(77.93,-167.132,0.));
#8494 = DIRECTION('',(-0.,0.,-1.));
#8495 = DIRECTION('',(-0.,-1.,0.));
#8496 = FACE_BOUND('',#8497,.F.);
#8497 = EDGE_LOOP('',(#8498));
#8498 = ORIENTED_EDGE('',*,*,#8499,.T.);
#8499 = EDGE_CURVE('',#8500,#8500,#8502,.T.);
#8500 = VERTEX_POINT('',#8501);
#8501 = CARTESIAN_POINT('',(80.78,-167.532,0.));
#8502 = CIRCLE('',#8503,0.4);
#8503 = AXIS2_PLACEMENT_3D('',#8504,#8505,#8506);
#8504 = CARTESIAN_POINT('',(80.78,-167.132,0.));
#8505 = DIRECTION('',(-0.,0.,-1.));
#8506 = DIRECTION('',(-0.,-1.,0.));
#8507 = FACE_BOUND('',#8508,.F.);
#8508 = EDGE_LOOP('',(#8509));
#8509 = ORIENTED_EDGE('',*,*,#8510,.T.);
#8510 = EDGE_CURVE('',#8511,#8511,#8513,.T.);
#8511 = VERTEX_POINT('',#8512);
#8512 = CARTESIAN_POINT('',(82.78,-167.532,0.));
#8513 = CIRCLE('',#8514,0.4);
#8514 = AXIS2_PLACEMENT_3D('',#8515,#8516,#8517);
#8515 = CARTESIAN_POINT('',(82.78,-167.132,0.));
#8516 = DIRECTION('',(-0.,0.,-1.));
#8517 = DIRECTION('',(-0.,-1.,0.));
#8518 = FACE_BOUND('',#8519,.F.);
#8519 = EDGE_LOOP('',(#8520));
#8520 = ORIENTED_EDGE('',*,*,#8521,.T.);
#8521 = EDGE_CURVE('',#8522,#8522,#8524,.T.);
#8522 = VERTEX_POINT('',#8523);
#8523 = CARTESIAN_POINT('',(84.78,-167.532,0.));
#8524 = CIRCLE('',#8525,0.4);
#8525 = AXIS2_PLACEMENT_3D('',#8526,#8527,#8528);
#8526 = CARTESIAN_POINT('',(84.78,-167.132,0.));
#8527 = DIRECTION('',(-0.,0.,-1.));
#8528 = DIRECTION('',(-0.,-1.,0.));
#8529 = FACE_BOUND('',#8530,.F.);
#8530 = EDGE_LOOP('',(#8531));
#8531 = ORIENTED_EDGE('',*,*,#8532,.T.);
#8532 = EDGE_CURVE('',#8533,#8533,#8535,.T.);
#8533 = VERTEX_POINT('',#8534);
#8534 = CARTESIAN_POINT('',(87.63,-167.882,0.));
#8535 = CIRCLE('',#8536,0.75);
#8536 = AXIS2_PLACEMENT_3D('',#8537,#8538,#8539);
#8537 = CARTESIAN_POINT('',(87.63,-167.132,0.));
#8538 = DIRECTION('',(-0.,0.,-1.));
#8539 = DIRECTION('',(-0.,-1.,0.));
#8540 = FACE_BOUND('',#8541,.F.);
#8541 = EDGE_LOOP('',(#8542,#8553,#8561,#8570));
#8542 = ORIENTED_EDGE('',*,*,#8543,.T.);
#8543 = EDGE_CURVE('',#8544,#8546,#8548,.T.);
#8544 = VERTEX_POINT('',#8545);
#8545 = CARTESIAN_POINT('',(92.548,-167.21,0.));
#8546 = VERTEX_POINT('',#8547);
#8547 = CARTESIAN_POINT('',(91.948,-167.21,0.));
#8548 = CIRCLE('',#8549,0.3);
#8549 = AXIS2_PLACEMENT_3D('',#8550,#8551,#8552);
#8550 = CARTESIAN_POINT('',(92.248,-167.21,0.));
#8551 = DIRECTION('',(-0.,0.,-1.));
#8552 = DIRECTION('',(-1.,0.,0.));
#8553 = ORIENTED_EDGE('',*,*,#8554,.T.);
#8554 = EDGE_CURVE('',#8546,#8555,#8557,.T.);
#8555 = VERTEX_POINT('',#8556);
#8556 = CARTESIAN_POINT('',(91.948,-166.41,0.));
#8557 = LINE('',#8558,#8559);
#8558 = CARTESIAN_POINT('',(91.948,-83.205,0.));
#8559 = VECTOR('',#8560,1.);
#8560 = DIRECTION('',(-0.,1.,0.));
#8561 = ORIENTED_EDGE('',*,*,#8562,.T.);
#8562 = EDGE_CURVE('',#8555,#8563,#8565,.T.);
#8563 = VERTEX_POINT('',#8564);
#8564 = CARTESIAN_POINT('',(92.548,-166.41,0.));
#8565 = CIRCLE('',#8566,0.3);
#8566 = AXIS2_PLACEMENT_3D('',#8567,#8568,#8569);
#8567 = CARTESIAN_POINT('',(92.248,-166.41,0.));
#8568 = DIRECTION('',(0.,-0.,-1.));
#8569 = DIRECTION('',(1.,0.,-0.));
#8570 = ORIENTED_EDGE('',*,*,#8571,.T.);
#8571 = EDGE_CURVE('',#8563,#8544,#8572,.T.);
#8572 = LINE('',#8573,#8574);
#8573 = CARTESIAN_POINT('',(92.548,-83.605,0.));
#8574 = VECTOR('',#8575,1.);
#8575 = DIRECTION('',(0.,-1.,0.));
#8576 = FACE_BOUND('',#8577,.F.);
#8577 = EDGE_LOOP('',(#8578,#8589,#8597,#8606));
#8578 = ORIENTED_EDGE('',*,*,#8579,.T.);
#8579 = EDGE_CURVE('',#8580,#8582,#8584,.T.);
#8580 = VERTEX_POINT('',#8581);
#8581 = CARTESIAN_POINT('',(92.548,-163.18,0.));
#8582 = VERTEX_POINT('',#8583);
#8583 = CARTESIAN_POINT('',(91.948,-163.18,0.));
#8584 = CIRCLE('',#8585,0.3);
#8585 = AXIS2_PLACEMENT_3D('',#8586,#8587,#8588);
#8586 = CARTESIAN_POINT('',(92.248,-163.18,0.));
#8587 = DIRECTION('',(-0.,0.,-1.));
#8588 = DIRECTION('',(-1.,-9.473903143468E-14,0.));
#8589 = ORIENTED_EDGE('',*,*,#8590,.T.);
#8590 = EDGE_CURVE('',#8582,#8591,#8593,.T.);
#8591 = VERTEX_POINT('',#8592);
#8592 = CARTESIAN_POINT('',(91.948,-162.08,0.));
#8593 = LINE('',#8594,#8595);
#8594 = CARTESIAN_POINT('',(91.948,-81.04,0.));
#8595 = VECTOR('',#8596,1.);
#8596 = DIRECTION('',(-0.,1.,0.));
#8597 = ORIENTED_EDGE('',*,*,#8598,.T.);
#8598 = EDGE_CURVE('',#8591,#8599,#8601,.T.);
#8599 = VERTEX_POINT('',#8600);
#8600 = CARTESIAN_POINT('',(92.548,-162.08,0.));
#8601 = CIRCLE('',#8602,0.3);
#8602 = AXIS2_PLACEMENT_3D('',#8603,#8604,#8605);
#8603 = CARTESIAN_POINT('',(92.248,-162.08,0.));
#8604 = DIRECTION('',(0.,-0.,-1.));
#8605 = DIRECTION('',(1.,0.,-0.));
#8606 = ORIENTED_EDGE('',*,*,#8607,.T.);
#8607 = EDGE_CURVE('',#8599,#8580,#8608,.T.);
#8608 = LINE('',#8609,#8610);
#8609 = CARTESIAN_POINT('',(92.548,-81.59,0.));
#8610 = VECTOR('',#8611,1.);
#8611 = DIRECTION('',(0.,-1.,0.));
#8612 = FACE_BOUND('',#8613,.F.);
#8613 = EDGE_LOOP('',(#8614));
#8614 = ORIENTED_EDGE('',*,*,#8615,.T.);
#8615 = EDGE_CURVE('',#8616,#8616,#8618,.T.);
#8616 = VERTEX_POINT('',#8617);
#8617 = CARTESIAN_POINT('',(93.678,-163.455,0.));
#8618 = CIRCLE('',#8619,0.325);
#8619 = AXIS2_PLACEMENT_3D('',#8620,#8621,#8622);
#8620 = CARTESIAN_POINT('',(93.678,-163.13,0.));
#8621 = DIRECTION('',(-0.,0.,-1.));
#8622 = DIRECTION('',(-0.,-1.,0.));
#8623 = FACE_BOUND('',#8624,.F.);
#8624 = EDGE_LOOP('',(#8625,#8636,#8644,#8653));
#8625 = ORIENTED_EDGE('',*,*,#8626,.T.);
#8626 = EDGE_CURVE('',#8627,#8629,#8631,.T.);
#8627 = VERTEX_POINT('',#8628);
#8628 = CARTESIAN_POINT('',(77.124,-160.828,0.));
#8629 = VERTEX_POINT('',#8630);
#8630 = CARTESIAN_POINT('',(77.124,-160.228,0.));
#8631 = CIRCLE('',#8632,0.3);
#8632 = AXIS2_PLACEMENT_3D('',#8633,#8634,#8635);
#8633 = CARTESIAN_POINT('',(77.124,-160.528,0.));
#8634 = DIRECTION('',(-0.,0.,-1.));
#8635 = DIRECTION('',(0.,1.,0.));
#8636 = ORIENTED_EDGE('',*,*,#8637,.T.);
#8637 = EDGE_CURVE('',#8629,#8638,#8640,.T.);
#8638 = VERTEX_POINT('',#8639);
#8639 = CARTESIAN_POINT('',(78.324,-160.228,0.));
#8640 = LINE('',#8641,#8642);
#8641 = CARTESIAN_POINT('',(39.162,-160.228,0.));
#8642 = VECTOR('',#8643,1.);
#8643 = DIRECTION('',(1.,0.,-0.));
#8644 = ORIENTED_EDGE('',*,*,#8645,.T.);
#8645 = EDGE_CURVE('',#8638,#8646,#8648,.T.);
#8646 = VERTEX_POINT('',#8647);
#8647 = CARTESIAN_POINT('',(78.324,-160.828,0.));
#8648 = CIRCLE('',#8649,0.3);
#8649 = AXIS2_PLACEMENT_3D('',#8650,#8651,#8652);
#8650 = CARTESIAN_POINT('',(78.324,-160.528,0.));
#8651 = DIRECTION('',(-0.,0.,-1.));
#8652 = DIRECTION('',(4.736951571734E-14,-1.,-0.));
#8653 = ORIENTED_EDGE('',*,*,#8654,.T.);
#8654 = EDGE_CURVE('',#8646,#8627,#8655,.T.);
#8655 = LINE('',#8656,#8657);
#8656 = CARTESIAN_POINT('',(38.562,-160.828,0.));
#8657 = VECTOR('',#8658,1.);
#8658 = DIRECTION('',(-1.,0.,0.));
#8659 = FACE_BOUND('',#8660,.F.);
#8660 = EDGE_LOOP('',(#8661));
#8661 = ORIENTED_EDGE('',*,*,#8662,.T.);
#8662 = EDGE_CURVE('',#8663,#8663,#8665,.T.);
#8663 = VERTEX_POINT('',#8664);
#8664 = CARTESIAN_POINT('',(72.724,-157.178,0.));
#8665 = CIRCLE('',#8666,0.65);
#8666 = AXIS2_PLACEMENT_3D('',#8667,#8668,#8669);
#8667 = CARTESIAN_POINT('',(72.724,-156.528,0.));
#8668 = DIRECTION('',(-0.,0.,-1.));
#8669 = DIRECTION('',(2.1862853408E-14,-1.,-0.));
#8670 = FACE_BOUND('',#8671,.F.);
#8671 = EDGE_LOOP('',(#8672,#8683,#8691,#8700));
#8672 = ORIENTED_EDGE('',*,*,#8673,.T.);
#8673 = EDGE_CURVE('',#8674,#8676,#8678,.T.);
#8674 = VERTEX_POINT('',#8675);
#8675 = CARTESIAN_POINT('',(77.124,-156.828,0.));
#8676 = VERTEX_POINT('',#8677);
#8677 = CARTESIAN_POINT('',(77.124,-156.228,0.));
#8678 = CIRCLE('',#8679,0.3);
#8679 = AXIS2_PLACEMENT_3D('',#8680,#8681,#8682);
#8680 = CARTESIAN_POINT('',(77.124,-156.528,0.));
#8681 = DIRECTION('',(-0.,0.,-1.));
#8682 = DIRECTION('',(0.,1.,0.));
#8683 = ORIENTED_EDGE('',*,*,#8684,.T.);
#8684 = EDGE_CURVE('',#8676,#8685,#8687,.T.);
#8685 = VERTEX_POINT('',#8686);
#8686 = CARTESIAN_POINT('',(78.324,-156.228,0.));
#8687 = LINE('',#8688,#8689);
#8688 = CARTESIAN_POINT('',(39.162,-156.228,0.));
#8689 = VECTOR('',#8690,1.);
#8690 = DIRECTION('',(1.,0.,-0.));
#8691 = ORIENTED_EDGE('',*,*,#8692,.T.);
#8692 = EDGE_CURVE('',#8685,#8693,#8695,.T.);
#8693 = VERTEX_POINT('',#8694);
#8694 = CARTESIAN_POINT('',(78.324,-156.828,0.));
#8695 = CIRCLE('',#8696,0.3);
#8696 = AXIS2_PLACEMENT_3D('',#8697,#8698,#8699);
#8697 = CARTESIAN_POINT('',(78.324,-156.528,0.));
#8698 = DIRECTION('',(-0.,0.,-1.));
#8699 = DIRECTION('',(4.736951571734E-14,-1.,-0.));
#8700 = ORIENTED_EDGE('',*,*,#8701,.T.);
#8701 = EDGE_CURVE('',#8693,#8674,#8702,.T.);
#8702 = LINE('',#8703,#8704);
#8703 = CARTESIAN_POINT('',(38.562,-156.828,0.));
#8704 = VECTOR('',#8705,1.);
#8705 = DIRECTION('',(-1.,0.,0.));
#8706 = FACE_BOUND('',#8707,.F.);
#8707 = EDGE_LOOP('',(#8708,#8719,#8727,#8736));
#8708 = ORIENTED_EDGE('',*,*,#8709,.T.);
#8709 = EDGE_CURVE('',#8710,#8712,#8714,.T.);
#8710 = VERTEX_POINT('',#8711);
#8711 = CARTESIAN_POINT('',(77.124,-153.328,0.));
#8712 = VERTEX_POINT('',#8713);
#8713 = CARTESIAN_POINT('',(77.124,-152.728,0.));
#8714 = CIRCLE('',#8715,0.3);
#8715 = AXIS2_PLACEMENT_3D('',#8716,#8717,#8718);
#8716 = CARTESIAN_POINT('',(77.124,-153.028,0.));
#8717 = DIRECTION('',(-0.,0.,-1.));
#8718 = DIRECTION('',(0.,1.,0.));
#8719 = ORIENTED_EDGE('',*,*,#8720,.T.);
#8720 = EDGE_CURVE('',#8712,#8721,#8723,.T.);
#8721 = VERTEX_POINT('',#8722);
#8722 = CARTESIAN_POINT('',(78.324,-152.728,0.));
#8723 = LINE('',#8724,#8725);
#8724 = CARTESIAN_POINT('',(39.162,-152.728,0.));
#8725 = VECTOR('',#8726,1.);
#8726 = DIRECTION('',(1.,0.,-0.));
#8727 = ORIENTED_EDGE('',*,*,#8728,.T.);
#8728 = EDGE_CURVE('',#8721,#8729,#8731,.T.);
#8729 = VERTEX_POINT('',#8730);
#8730 = CARTESIAN_POINT('',(78.324,-153.328,0.));
#8731 = CIRCLE('',#8732,0.3);
#8732 = AXIS2_PLACEMENT_3D('',#8733,#8734,#8735);
#8733 = CARTESIAN_POINT('',(78.324,-153.028,0.));
#8734 = DIRECTION('',(-0.,0.,-1.));
#8735 = DIRECTION('',(4.736951571734E-14,-1.,-0.));
#8736 = ORIENTED_EDGE('',*,*,#8737,.T.);
#8737 = EDGE_CURVE('',#8729,#8710,#8738,.T.);
#8738 = LINE('',#8739,#8740);
#8739 = CARTESIAN_POINT('',(38.562,-153.328,0.));
#8740 = VECTOR('',#8741,1.);
#8741 = DIRECTION('',(-1.,0.,0.));
#8742 = FACE_BOUND('',#8743,.F.);
#8743 = EDGE_LOOP('',(#8744,#8755,#8763,#8772));
#8744 = ORIENTED_EDGE('',*,*,#8745,.T.);
#8745 = EDGE_CURVE('',#8746,#8748,#8750,.T.);
#8746 = VERTEX_POINT('',#8747);
#8747 = CARTESIAN_POINT('',(101.188,-167.21,0.));
#8748 = VERTEX_POINT('',#8749);
#8749 = CARTESIAN_POINT('',(100.588,-167.21,0.));
#8750 = CIRCLE('',#8751,0.3);
#8751 = AXIS2_PLACEMENT_3D('',#8752,#8753,#8754);
#8752 = CARTESIAN_POINT('',(100.888,-167.21,0.));
#8753 = DIRECTION('',(-0.,0.,-1.));
#8754 = DIRECTION('',(-1.,0.,0.));
#8755 = ORIENTED_EDGE('',*,*,#8756,.T.);
#8756 = EDGE_CURVE('',#8748,#8757,#8759,.T.);
#8757 = VERTEX_POINT('',#8758);
#8758 = CARTESIAN_POINT('',(100.588,-166.41,0.));
#8759 = LINE('',#8760,#8761);
#8760 = CARTESIAN_POINT('',(100.588,-83.205,0.));
#8761 = VECTOR('',#8762,1.);
#8762 = DIRECTION('',(-0.,1.,0.));
#8763 = ORIENTED_EDGE('',*,*,#8764,.T.);
#8764 = EDGE_CURVE('',#8757,#8765,#8767,.T.);
#8765 = VERTEX_POINT('',#8766);
#8766 = CARTESIAN_POINT('',(101.188,-166.41,0.));
#8767 = CIRCLE('',#8768,0.3);
#8768 = AXIS2_PLACEMENT_3D('',#8769,#8770,#8771);
#8769 = CARTESIAN_POINT('',(100.888,-166.41,0.));
#8770 = DIRECTION('',(0.,-0.,-1.));
#8771 = DIRECTION('',(1.,0.,-0.));
#8772 = ORIENTED_EDGE('',*,*,#8773,.T.);
#8773 = EDGE_CURVE('',#8765,#8746,#8774,.T.);
#8774 = LINE('',#8775,#8776);
#8775 = CARTESIAN_POINT('',(101.188,-83.605,0.));
#8776 = VECTOR('',#8777,1.);
#8777 = DIRECTION('',(0.,-1.,0.));
#8778 = FACE_BOUND('',#8779,.F.);
#8779 = EDGE_LOOP('',(#8780));
#8780 = ORIENTED_EDGE('',*,*,#8781,.T.);
#8781 = EDGE_CURVE('',#8782,#8782,#8784,.T.);
#8782 = VERTEX_POINT('',#8783);
#8783 = CARTESIAN_POINT('',(99.458,-163.455,0.));
#8784 = CIRCLE('',#8785,0.325);
#8785 = AXIS2_PLACEMENT_3D('',#8786,#8787,#8788);
#8786 = CARTESIAN_POINT('',(99.458,-163.13,0.));
#8787 = DIRECTION('',(-0.,0.,-1.));
#8788 = DIRECTION('',(-0.,-1.,0.));
#8789 = FACE_BOUND('',#8790,.F.);
#8790 = EDGE_LOOP('',(#8791,#8802,#8810,#8819));
#8791 = ORIENTED_EDGE('',*,*,#8792,.T.);
#8792 = EDGE_CURVE('',#8793,#8795,#8797,.T.);
#8793 = VERTEX_POINT('',#8794);
#8794 = CARTESIAN_POINT('',(101.188,-163.18,0.));
#8795 = VERTEX_POINT('',#8796);
#8796 = CARTESIAN_POINT('',(100.588,-163.18,0.));
#8797 = CIRCLE('',#8798,0.3);
#8798 = AXIS2_PLACEMENT_3D('',#8799,#8800,#8801);
#8799 = CARTESIAN_POINT('',(100.888,-163.18,0.));
#8800 = DIRECTION('',(-0.,0.,-1.));
#8801 = DIRECTION('',(-1.,-9.473903143468E-14,0.));
#8802 = ORIENTED_EDGE('',*,*,#8803,.T.);
#8803 = EDGE_CURVE('',#8795,#8804,#8806,.T.);
#8804 = VERTEX_POINT('',#8805);
#8805 = CARTESIAN_POINT('',(100.588,-162.08,0.));
#8806 = LINE('',#8807,#8808);
#8807 = CARTESIAN_POINT('',(100.588,-81.04,0.));
#8808 = VECTOR('',#8809,1.);
#8809 = DIRECTION('',(-0.,1.,0.));
#8810 = ORIENTED_EDGE('',*,*,#8811,.T.);
#8811 = EDGE_CURVE('',#8804,#8812,#8814,.T.);
#8812 = VERTEX_POINT('',#8813);
#8813 = CARTESIAN_POINT('',(101.188,-162.08,0.));
#8814 = CIRCLE('',#8815,0.3);
#8815 = AXIS2_PLACEMENT_3D('',#8816,#8817,#8818);
#8816 = CARTESIAN_POINT('',(100.888,-162.08,0.));
#8817 = DIRECTION('',(0.,-0.,-1.));
#8818 = DIRECTION('',(1.,0.,-0.));
#8819 = ORIENTED_EDGE('',*,*,#8820,.T.);
#8820 = EDGE_CURVE('',#8812,#8793,#8821,.T.);
#8821 = LINE('',#8822,#8823);
#8822 = CARTESIAN_POINT('',(101.188,-81.59,0.));
#8823 = VECTOR('',#8824,1.);
#8824 = DIRECTION('',(0.,-1.,0.));
#8825 = FACE_BOUND('',#8826,.F.);
#8826 = EDGE_LOOP('',(#8827));
#8827 = ORIENTED_EDGE('',*,*,#8828,.T.);
#8828 = EDGE_CURVE('',#8829,#8829,#8831,.T.);
#8829 = VERTEX_POINT('',#8830);
#8830 = CARTESIAN_POINT('',(72.094,-144.656,0.));
#8831 = CIRCLE('',#8832,0.4);
#8832 = AXIS2_PLACEMENT_3D('',#8833,#8834,#8835);
#8833 = CARTESIAN_POINT('',(72.094,-144.256,0.));
#8834 = DIRECTION('',(-0.,0.,-1.));
#8835 = DIRECTION('',(-0.,-1.,0.));
#8836 = FACE_BOUND('',#8837,.F.);
#8837 = EDGE_LOOP('',(#8838));
#8838 = ORIENTED_EDGE('',*,*,#8839,.T.);
#8839 = EDGE_CURVE('',#8840,#8840,#8842,.T.);
#8840 = VERTEX_POINT('',#8841);
#8841 = CARTESIAN_POINT('',(72.094,-142.656,0.));
#8842 = CIRCLE('',#8843,0.4);
#8843 = AXIS2_PLACEMENT_3D('',#8844,#8845,#8846);
#8844 = CARTESIAN_POINT('',(72.094,-142.256,0.));
#8845 = DIRECTION('',(-0.,0.,-1.));
#8846 = DIRECTION('',(-0.,-1.,0.));
#8847 = FACE_BOUND('',#8848,.F.);
#8848 = EDGE_LOOP('',(#8849));
#8849 = ORIENTED_EDGE('',*,*,#8850,.T.);
#8850 = EDGE_CURVE('',#8851,#8851,#8853,.T.);
#8851 = VERTEX_POINT('',#8852);
#8852 = CARTESIAN_POINT('',(106.68,-141.734,0.));
#8853 = CIRCLE('',#8854,0.51);
#8854 = AXIS2_PLACEMENT_3D('',#8855,#8856,#8857);
#8855 = CARTESIAN_POINT('',(106.68,-141.224,0.));
#8856 = DIRECTION('',(-0.,0.,-1.));
#8857 = DIRECTION('',(-0.,-1.,0.));
#8858 = FACE_BOUND('',#8859,.F.);
#8859 = EDGE_LOOP('',(#8860));
#8860 = ORIENTED_EDGE('',*,*,#8861,.T.);
#8861 = EDGE_CURVE('',#8862,#8862,#8864,.T.);
#8862 = VERTEX_POINT('',#8863);
#8863 = CARTESIAN_POINT('',(109.22,-141.734,0.));
#8864 = CIRCLE('',#8865,0.51);
#8865 = AXIS2_PLACEMENT_3D('',#8866,#8867,#8868);
#8866 = CARTESIAN_POINT('',(109.22,-141.224,0.));
#8867 = DIRECTION('',(-0.,0.,-1.));
#8868 = DIRECTION('',(-0.,-1.,0.));
#8869 = FACE_BOUND('',#8870,.F.);
#8870 = EDGE_LOOP('',(#8871));
#8871 = ORIENTED_EDGE('',*,*,#8872,.T.);
#8872 = EDGE_CURVE('',#8873,#8873,#8875,.T.);
#8873 = VERTEX_POINT('',#8874);
#8874 = CARTESIAN_POINT('',(111.76,-141.734,0.));
#8875 = CIRCLE('',#8876,0.51);
#8876 = AXIS2_PLACEMENT_3D('',#8877,#8878,#8879);
#8877 = CARTESIAN_POINT('',(111.76,-141.224,0.));
#8878 = DIRECTION('',(-0.,0.,-1.));
#8879 = DIRECTION('',(2.78644210102E-14,-1.,-0.));
#8880 = FACE_BOUND('',#8881,.F.);
#8881 = EDGE_LOOP('',(#8882));
#8882 = ORIENTED_EDGE('',*,*,#8883,.T.);
#8883 = EDGE_CURVE('',#8884,#8884,#8886,.T.);
#8884 = VERTEX_POINT('',#8885);
#8885 = CARTESIAN_POINT('',(114.3,-141.734,0.));
#8886 = CIRCLE('',#8887,0.51);
#8887 = AXIS2_PLACEMENT_3D('',#8888,#8889,#8890);
#8888 = CARTESIAN_POINT('',(114.3,-141.224,0.));
#8889 = DIRECTION('',(-0.,0.,-1.));
#8890 = DIRECTION('',(-2.78644210102E-14,-1.,0.));
#8891 = FACE_BOUND('',#8892,.F.);
#8892 = EDGE_LOOP('',(#8893));
#8893 = ORIENTED_EDGE('',*,*,#8894,.T.);
#8894 = EDGE_CURVE('',#8895,#8895,#8897,.T.);
#8895 = VERTEX_POINT('',#8896);
#8896 = CARTESIAN_POINT('',(116.84,-141.734,0.));
#8897 = CIRCLE('',#8898,0.51);
#8898 = AXIS2_PLACEMENT_3D('',#8899,#8900,#8901);
#8899 = CARTESIAN_POINT('',(116.84,-141.224,0.));
#8900 = DIRECTION('',(-0.,0.,-1.));
#8901 = DIRECTION('',(-0.,-1.,0.));
#8902 = FACE_BOUND('',#8903,.F.);
#8903 = EDGE_LOOP('',(#8904));
#8904 = ORIENTED_EDGE('',*,*,#8905,.T.);
#8905 = EDGE_CURVE('',#8906,#8906,#8908,.T.);
#8906 = VERTEX_POINT('',#8907);
#8907 = CARTESIAN_POINT('',(119.38,-141.734,0.));
#8908 = CIRCLE('',#8909,0.51);
#8909 = AXIS2_PLACEMENT_3D('',#8910,#8911,#8912);
#8910 = CARTESIAN_POINT('',(119.38,-141.224,0.));
#8911 = DIRECTION('',(-0.,0.,-1.));
#8912 = DIRECTION('',(-0.,-1.,0.));
#8913 = FACE_BOUND('',#8914,.F.);
#8914 = EDGE_LOOP('',(#8915));
#8915 = ORIENTED_EDGE('',*,*,#8916,.T.);
#8916 = EDGE_CURVE('',#8917,#8917,#8919,.T.);
#8917 = VERTEX_POINT('',#8918);
#8918 = CARTESIAN_POINT('',(129.62,-160.886,0.));
#8919 = CIRCLE('',#8920,0.4);
#8920 = AXIS2_PLACEMENT_3D('',#8921,#8922,#8923);
#8921 = CARTESIAN_POINT('',(129.62,-160.486,0.));
#8922 = DIRECTION('',(-0.,0.,-1.));
#8923 = DIRECTION('',(-0.,-1.,0.));
#8924 = FACE_BOUND('',#8925,.F.);
#8925 = EDGE_LOOP('',(#8926));
#8926 = ORIENTED_EDGE('',*,*,#8927,.T.);
#8927 = EDGE_CURVE('',#8928,#8928,#8930,.T.);
#8928 = VERTEX_POINT('',#8929);
#8929 = CARTESIAN_POINT('',(131.62,-160.886,0.));
#8930 = CIRCLE('',#8931,0.4);
#8931 = AXIS2_PLACEMENT_3D('',#8932,#8933,#8934);
#8932 = CARTESIAN_POINT('',(131.62,-160.486,0.));
#8933 = DIRECTION('',(-0.,0.,-1.));
#8934 = DIRECTION('',(-0.,-1.,0.));
#8935 = FACE_BOUND('',#8936,.F.);
#8936 = EDGE_LOOP('',(#8937));
#8937 = ORIENTED_EDGE('',*,*,#8938,.T.);
#8938 = EDGE_CURVE('',#8939,#8939,#8941,.T.);
#8939 = VERTEX_POINT('',#8940);
#8940 = CARTESIAN_POINT('',(133.62,-160.886,0.));
#8941 = CIRCLE('',#8942,0.4);
#8942 = AXIS2_PLACEMENT_3D('',#8943,#8944,#8945);
#8943 = CARTESIAN_POINT('',(133.62,-160.486,0.));
#8944 = DIRECTION('',(-0.,0.,-1.));
#8945 = DIRECTION('',(-0.,-1.,0.));
#8946 = FACE_BOUND('',#8947,.F.);
#8947 = EDGE_LOOP('',(#8948));
#8948 = ORIENTED_EDGE('',*,*,#8949,.T.);
#8949 = EDGE_CURVE('',#8950,#8950,#8952,.T.);
#8950 = VERTEX_POINT('',#8951);
#8951 = CARTESIAN_POINT('',(135.62,-160.886,0.));
#8952 = CIRCLE('',#8953,0.4);
#8953 = AXIS2_PLACEMENT_3D('',#8954,#8955,#8956);
#8954 = CARTESIAN_POINT('',(135.62,-160.486,0.));
#8955 = DIRECTION('',(-0.,0.,-1.));
#8956 = DIRECTION('',(-0.,-1.,0.));
#8957 = FACE_BOUND('',#8958,.F.);
#8958 = EDGE_LOOP('',(#8959));
#8959 = ORIENTED_EDGE('',*,*,#8960,.T.);
#8960 = EDGE_CURVE('',#8961,#8961,#8963,.T.);
#8961 = VERTEX_POINT('',#8962);
#8962 = CARTESIAN_POINT('',(137.62,-160.886,0.));
#8963 = CIRCLE('',#8964,0.4);
#8964 = AXIS2_PLACEMENT_3D('',#8965,#8966,#8967);
#8965 = CARTESIAN_POINT('',(137.62,-160.486,0.));
#8966 = DIRECTION('',(-0.,0.,-1.));
#8967 = DIRECTION('',(-0.,-1.,0.));
#8968 = FACE_BOUND('',#8969,.F.);
#8969 = EDGE_LOOP('',(#8970));
#8970 = ORIENTED_EDGE('',*,*,#8971,.T.);
#8971 = EDGE_CURVE('',#8972,#8972,#8974,.T.);
#8972 = VERTEX_POINT('',#8973);
#8973 = CARTESIAN_POINT('',(139.62,-160.886,0.));
#8974 = CIRCLE('',#8975,0.4);
#8975 = AXIS2_PLACEMENT_3D('',#8976,#8977,#8978);
#8976 = CARTESIAN_POINT('',(139.62,-160.486,0.));
#8977 = DIRECTION('',(-0.,0.,-1.));
#8978 = DIRECTION('',(-0.,-1.,0.));
#8979 = FACE_BOUND('',#8980,.F.);
#8980 = EDGE_LOOP('',(#8981));
#8981 = ORIENTED_EDGE('',*,*,#8982,.T.);
#8982 = EDGE_CURVE('',#8983,#8983,#8985,.T.);
#8983 = VERTEX_POINT('',#8984);
#8984 = CARTESIAN_POINT('',(144.812,-161.986,0.));
#8985 = CIRCLE('',#8986,0.4);
#8986 = AXIS2_PLACEMENT_3D('',#8987,#8988,#8989);
#8987 = CARTESIAN_POINT('',(144.812,-161.586,0.));
#8988 = DIRECTION('',(-0.,0.,-1.));
#8989 = DIRECTION('',(-0.,-1.,0.));
#8990 = FACE_BOUND('',#8991,.F.);
#8991 = EDGE_LOOP('',(#8992));
#8992 = ORIENTED_EDGE('',*,*,#8993,.T.);
#8993 = EDGE_CURVE('',#8994,#8994,#8996,.T.);
#8994 = VERTEX_POINT('',#8995);
#8995 = CARTESIAN_POINT('',(146.812,-161.986,0.));
#8996 = CIRCLE('',#8997,0.4);
#8997 = AXIS2_PLACEMENT_3D('',#8998,#8999,#9000);
#8998 = CARTESIAN_POINT('',(146.812,-161.586,0.));
#8999 = DIRECTION('',(-0.,0.,-1.));
#9000 = DIRECTION('',(-0.,-1.,0.));
#9001 = FACE_BOUND('',#9002,.F.);
#9002 = EDGE_LOOP('',(#9003));
#9003 = ORIENTED_EDGE('',*,*,#9004,.T.);
#9004 = EDGE_CURVE('',#9005,#9005,#9007,.T.);
#9005 = VERTEX_POINT('',#9006);
#9006 = CARTESIAN_POINT('',(148.812,-161.986,0.));
#9007 = CIRCLE('',#9008,0.4);
#9008 = AXIS2_PLACEMENT_3D('',#9009,#9010,#9011);
#9009 = CARTESIAN_POINT('',(148.812,-161.586,0.));
#9010 = DIRECTION('',(-0.,0.,-1.));
#9011 = DIRECTION('',(-0.,-1.,0.));
#9012 = FACE_BOUND('',#9013,.F.);
#9013 = EDGE_LOOP('',(#9014));
#9014 = ORIENTED_EDGE('',*,*,#9015,.T.);
#9015 = EDGE_CURVE('',#9016,#9016,#9018,.T.);
#9016 = VERTEX_POINT('',#9017);
#9017 = CARTESIAN_POINT('',(167.132,-168.268,0.));
#9018 = CIRCLE('',#9019,1.6);
#9019 = AXIS2_PLACEMENT_3D('',#9020,#9021,#9022);
#9020 = CARTESIAN_POINT('',(167.132,-166.668,0.));
#9021 = DIRECTION('',(-0.,0.,-1.));
#9022 = DIRECTION('',(-0.,-1.,0.));
#9023 = FACE_BOUND('',#9024,.F.);
#9024 = EDGE_LOOP('',(#9025));
#9025 = ORIENTED_EDGE('',*,*,#9026,.T.);
#9026 = EDGE_CURVE('',#9027,#9027,#9029,.T.);
#9027 = VERTEX_POINT('',#9028);
#9028 = CARTESIAN_POINT('',(121.92,-141.734,0.));
#9029 = CIRCLE('',#9030,0.51);
#9030 = AXIS2_PLACEMENT_3D('',#9031,#9032,#9033);
#9031 = CARTESIAN_POINT('',(121.92,-141.224,0.));
#9032 = DIRECTION('',(-0.,0.,-1.));
#9033 = DIRECTION('',(-0.,-1.,0.));
#9034 = FACE_BOUND('',#9035,.F.);
#9035 = EDGE_LOOP('',(#9036));
#9036 = ORIENTED_EDGE('',*,*,#9037,.T.);
#9037 = EDGE_CURVE('',#9038,#9038,#9040,.T.);
#9038 = VERTEX_POINT('',#9039);
#9039 = CARTESIAN_POINT('',(124.46,-141.734,0.));
#9040 = CIRCLE('',#9041,0.51);
#9041 = AXIS2_PLACEMENT_3D('',#9042,#9043,#9044);
#9042 = CARTESIAN_POINT('',(124.46,-141.224,0.));
#9043 = DIRECTION('',(-0.,0.,-1.));
#9044 = DIRECTION('',(-2.78644210102E-14,-1.,0.));
#9045 = FACE_BOUND('',#9046,.F.);
#9046 = EDGE_LOOP('',(#9047));
#9047 = ORIENTED_EDGE('',*,*,#9048,.T.);
#9048 = EDGE_CURVE('',#9049,#9049,#9051,.T.);
#9049 = VERTEX_POINT('',#9050);
#9050 = CARTESIAN_POINT('',(127.,-141.734,0.));
#9051 = CIRCLE('',#9052,0.51);
#9052 = AXIS2_PLACEMENT_3D('',#9053,#9054,#9055);
#9053 = CARTESIAN_POINT('',(127.,-141.224,0.));
#9054 = DIRECTION('',(-0.,0.,-1.));
#9055 = DIRECTION('',(-0.,-1.,0.));
#9056 = FACE_BOUND('',#9057,.F.);
#9057 = EDGE_LOOP('',(#9058));
#9058 = ORIENTED_EDGE('',*,*,#9059,.T.);
#9059 = EDGE_CURVE('',#9060,#9060,#9062,.T.);
#9060 = VERTEX_POINT('',#9061);
#9061 = CARTESIAN_POINT('',(129.54,-141.734,0.));
#9062 = CIRCLE('',#9063,0.51);
#9063 = AXIS2_PLACEMENT_3D('',#9064,#9065,#9066);
#9064 = CARTESIAN_POINT('',(129.54,-141.224,0.));
#9065 = DIRECTION('',(-0.,0.,-1.));
#9066 = DIRECTION('',(-5.57288420204E-14,-1.,0.));
#9067 = FACE_BOUND('',#9068,.F.);
#9068 = EDGE_LOOP('',(#9069));
#9069 = ORIENTED_EDGE('',*,*,#9070,.T.);
#9070 = EDGE_CURVE('',#9071,#9071,#9073,.T.);
#9071 = VERTEX_POINT('',#9072);
#9072 = CARTESIAN_POINT('',(132.08,-141.734,0.));
#9073 = CIRCLE('',#9074,0.51);
#9074 = AXIS2_PLACEMENT_3D('',#9075,#9076,#9077);
#9075 = CARTESIAN_POINT('',(132.08,-141.224,0.));
#9076 = DIRECTION('',(-0.,0.,-1.));
#9077 = DIRECTION('',(5.57288420204E-14,-1.,-0.));
#9078 = FACE_BOUND('',#9079,.F.);
#9079 = EDGE_LOOP('',(#9080));
#9080 = ORIENTED_EDGE('',*,*,#9081,.T.);
#9081 = EDGE_CURVE('',#9082,#9082,#9084,.T.);
#9082 = VERTEX_POINT('',#9083);
#9083 = CARTESIAN_POINT('',(134.62,-141.734,0.));
#9084 = CIRCLE('',#9085,0.51);
#9085 = AXIS2_PLACEMENT_3D('',#9086,#9087,#9088);
#9086 = CARTESIAN_POINT('',(134.62,-141.224,0.));
#9087 = DIRECTION('',(-0.,0.,-1.));
#9088 = DIRECTION('',(-0.,-1.,0.));
#9089 = FACE_BOUND('',#9090,.F.);
#9090 = EDGE_LOOP('',(#9091));
#9091 = ORIENTED_EDGE('',*,*,#9092,.T.);
#9092 = EDGE_CURVE('',#9093,#9093,#9095,.T.);
#9093 = VERTEX_POINT('',#9094);
#9094 = CARTESIAN_POINT('',(137.16,-141.734,0.));
#9095 = CIRCLE('',#9096,0.51);
#9096 = AXIS2_PLACEMENT_3D('',#9097,#9098,#9099);
#9097 = CARTESIAN_POINT('',(137.16,-141.224,0.));
#9098 = DIRECTION('',(-0.,0.,-1.));
#9099 = DIRECTION('',(-0.,-1.,0.));
#9100 = FACE_BOUND('',#9101,.F.);
#9101 = EDGE_LOOP('',(#9102));
#9102 = ORIENTED_EDGE('',*,*,#9103,.T.);
#9103 = EDGE_CURVE('',#9104,#9104,#9106,.T.);
#9104 = VERTEX_POINT('',#9105);
#9105 = CARTESIAN_POINT('',(139.7,-141.734,0.));
#9106 = CIRCLE('',#9107,0.51);
#9107 = AXIS2_PLACEMENT_3D('',#9108,#9109,#9110);
#9108 = CARTESIAN_POINT('',(139.7,-141.224,0.));
#9109 = DIRECTION('',(-0.,0.,-1.));
#9110 = DIRECTION('',(-0.,-1.,0.));
#9111 = FACE_BOUND('',#9112,.F.);
#9112 = EDGE_LOOP('',(#9113));
#9113 = ORIENTED_EDGE('',*,*,#9114,.T.);
#9114 = EDGE_CURVE('',#9115,#9115,#9117,.T.);
#9115 = VERTEX_POINT('',#9116);
#9116 = CARTESIAN_POINT('',(142.24,-141.734,0.));
#9117 = CIRCLE('',#9118,0.51);
#9118 = AXIS2_PLACEMENT_3D('',#9119,#9120,#9121);
#9119 = CARTESIAN_POINT('',(142.24,-141.224,0.));
#9120 = DIRECTION('',(-0.,0.,-1.));
#9121 = DIRECTION('',(-0.,-1.,0.));
#9122 = FACE_BOUND('',#9123,.F.);
#9123 = EDGE_LOOP('',(#9124));
#9124 = ORIENTED_EDGE('',*,*,#9125,.T.);
#9125 = EDGE_CURVE('',#9126,#9126,#9128,.T.);
#9126 = VERTEX_POINT('',#9127);
#9127 = CARTESIAN_POINT('',(144.78,-141.734,0.));
#9128 = CIRCLE('',#9129,0.51);
#9129 = AXIS2_PLACEMENT_3D('',#9130,#9131,#9132);
#9130 = CARTESIAN_POINT('',(144.78,-141.224,0.));
#9131 = DIRECTION('',(-0.,0.,-1.));
#9132 = DIRECTION('',(-0.,-1.,0.));
#9133 = FACE_BOUND('',#9134,.F.);
#9134 = EDGE_LOOP('',(#9135));
#9135 = ORIENTED_EDGE('',*,*,#9136,.T.);
#9136 = EDGE_CURVE('',#9137,#9137,#9139,.T.);
#9137 = VERTEX_POINT('',#9138);
#9138 = CARTESIAN_POINT('',(147.32,-141.734,0.));
#9139 = CIRCLE('',#9140,0.51);
#9140 = AXIS2_PLACEMENT_3D('',#9141,#9142,#9143);
#9141 = CARTESIAN_POINT('',(147.32,-141.224,0.));
#9142 = DIRECTION('',(-0.,0.,-1.));
#9143 = DIRECTION('',(-0.,-1.,0.));
#9144 = FACE_BOUND('',#9145,.F.);
#9145 = EDGE_LOOP('',(#9146));
#9146 = ORIENTED_EDGE('',*,*,#9147,.T.);
#9147 = EDGE_CURVE('',#9148,#9148,#9150,.T.);
#9148 = VERTEX_POINT('',#9149);
#9149 = CARTESIAN_POINT('',(149.86,-141.734,0.));
#9150 = CIRCLE('',#9151,0.51);
#9151 = AXIS2_PLACEMENT_3D('',#9152,#9153,#9154);
#9152 = CARTESIAN_POINT('',(149.86,-141.224,0.));
#9153 = DIRECTION('',(-0.,0.,-1.));
#9154 = DIRECTION('',(-0.,-1.,0.));
#9155 = FACE_BOUND('',#9156,.F.);
#9156 = EDGE_LOOP('',(#9157));
#9157 = ORIENTED_EDGE('',*,*,#9158,.T.);
#9158 = EDGE_CURVE('',#9159,#9159,#9161,.T.);
#9159 = VERTEX_POINT('',#9160);
#9160 = CARTESIAN_POINT('',(152.4,-141.734,0.));
#9161 = CIRCLE('',#9162,0.51);
#9162 = AXIS2_PLACEMENT_3D('',#9163,#9164,#9165);
#9163 = CARTESIAN_POINT('',(152.4,-141.224,0.));
#9164 = DIRECTION('',(-0.,0.,-1.));
#9165 = DIRECTION('',(5.57288420204E-14,-1.,-0.));
#9166 = FACE_BOUND('',#9167,.F.);
#9167 = EDGE_LOOP('',(#9168));
#9168 = ORIENTED_EDGE('',*,*,#9169,.T.);
#9169 = EDGE_CURVE('',#9170,#9170,#9172,.T.);
#9170 = VERTEX_POINT('',#9171);
#9171 = CARTESIAN_POINT('',(154.94,-141.734,0.));
#9172 = CIRCLE('',#9173,0.51);
#9173 = AXIS2_PLACEMENT_3D('',#9174,#9175,#9176);
#9174 = CARTESIAN_POINT('',(154.94,-141.224,0.));
#9175 = DIRECTION('',(-0.,0.,-1.));
#9176 = DIRECTION('',(-0.,-1.,0.));
#9177 = FACE_BOUND('',#9178,.F.);
#9178 = EDGE_LOOP('',(#9179));
#9179 = ORIENTED_EDGE('',*,*,#9180,.T.);
#9180 = EDGE_CURVE('',#9181,#9181,#9183,.T.);
#9181 = VERTEX_POINT('',#9182);
#9182 = CARTESIAN_POINT('',(157.48,-141.734,0.));
#9183 = CIRCLE('',#9184,0.51);
#9184 = AXIS2_PLACEMENT_3D('',#9185,#9186,#9187);
#9185 = CARTESIAN_POINT('',(157.48,-141.224,0.));
#9186 = DIRECTION('',(-0.,0.,-1.));
#9187 = DIRECTION('',(-5.57288420204E-14,-1.,0.));
#9188 = FACE_BOUND('',#9189,.F.);
#9189 = EDGE_LOOP('',(#9190));
#9190 = ORIENTED_EDGE('',*,*,#9191,.T.);
#9191 = EDGE_CURVE('',#9192,#9192,#9194,.T.);
#9192 = VERTEX_POINT('',#9193);
#9193 = CARTESIAN_POINT('',(160.02,-141.734,0.));
#9194 = CIRCLE('',#9195,0.51);
#9195 = AXIS2_PLACEMENT_3D('',#9196,#9197,#9198);
#9196 = CARTESIAN_POINT('',(160.02,-141.224,0.));
#9197 = DIRECTION('',(-0.,0.,-1.));
#9198 = DIRECTION('',(5.57288420204E-14,-1.,-0.));
#9199 = FACE_BOUND('',#9200,.F.);
#9200 = EDGE_LOOP('',(#9201));
#9201 = ORIENTED_EDGE('',*,*,#9202,.T.);
#9202 = EDGE_CURVE('',#9203,#9203,#9205,.T.);
#9203 = VERTEX_POINT('',#9204);
#9204 = CARTESIAN_POINT('',(85.852,-120.493,0.));
#9205 = CIRCLE('',#9206,0.605);
#9206 = AXIS2_PLACEMENT_3D('',#9207,#9208,#9209);
#9207 = CARTESIAN_POINT('',(85.852,-119.888,0.));
#9208 = DIRECTION('',(-0.,0.,-1.));
#9209 = DIRECTION('',(-0.,-1.,0.));
#9210 = FACE_BOUND('',#9211,.F.);
#9211 = EDGE_LOOP('',(#9212));
#9212 = ORIENTED_EDGE('',*,*,#9213,.T.);
#9213 = EDGE_CURVE('',#9214,#9214,#9216,.T.);
#9214 = VERTEX_POINT('',#9215);
#9215 = CARTESIAN_POINT('',(72.136,-110.268,0.));
#9216 = CIRCLE('',#9217,1.6);
#9217 = AXIS2_PLACEMENT_3D('',#9218,#9219,#9220);
#9218 = CARTESIAN_POINT('',(72.136,-108.668,0.));
#9219 = DIRECTION('',(-0.,0.,-1.));
#9220 = DIRECTION('',(-0.,-1.,0.));
#9221 = FACE_BOUND('',#9222,.F.);
#9222 = EDGE_LOOP('',(#9223));
#9223 = ORIENTED_EDGE('',*,*,#9224,.T.);
#9224 = EDGE_CURVE('',#9225,#9225,#9227,.T.);
#9225 = VERTEX_POINT('',#9226);
#9226 = CARTESIAN_POINT('',(106.68,-118.874,0.));
#9227 = CIRCLE('',#9228,0.51);
#9228 = AXIS2_PLACEMENT_3D('',#9229,#9230,#9231);
#9229 = CARTESIAN_POINT('',(106.68,-118.364,0.));
#9230 = DIRECTION('',(-0.,0.,-1.));
#9231 = DIRECTION('',(-0.,-1.,0.));
#9232 = FACE_BOUND('',#9233,.F.);
#9233 = EDGE_LOOP('',(#9234));
#9234 = ORIENTED_EDGE('',*,*,#9235,.T.);
#9235 = EDGE_CURVE('',#9236,#9236,#9238,.T.);
#9236 = VERTEX_POINT('',#9237);
#9237 = CARTESIAN_POINT('',(109.22,-118.874,0.));
#9238 = CIRCLE('',#9239,0.51);
#9239 = AXIS2_PLACEMENT_3D('',#9240,#9241,#9242);
#9240 = CARTESIAN_POINT('',(109.22,-118.364,0.));
#9241 = DIRECTION('',(-0.,0.,-1.));
#9242 = DIRECTION('',(-0.,-1.,0.));
#9243 = FACE_BOUND('',#9244,.F.);
#9244 = EDGE_LOOP('',(#9245));
#9245 = ORIENTED_EDGE('',*,*,#9246,.T.);
#9246 = EDGE_CURVE('',#9247,#9247,#9249,.T.);
#9247 = VERTEX_POINT('',#9248);
#9248 = CARTESIAN_POINT('',(111.76,-118.874,0.));
#9249 = CIRCLE('',#9250,0.51);
#9250 = AXIS2_PLACEMENT_3D('',#9251,#9252,#9253);
#9251 = CARTESIAN_POINT('',(111.76,-118.364,0.));
#9252 = DIRECTION('',(-0.,0.,-1.));
#9253 = DIRECTION('',(2.78644210102E-14,-1.,-0.));
#9254 = FACE_BOUND('',#9255,.F.);
#9255 = EDGE_LOOP('',(#9256));
#9256 = ORIENTED_EDGE('',*,*,#9257,.T.);
#9257 = EDGE_CURVE('',#9258,#9258,#9260,.T.);
#9258 = VERTEX_POINT('',#9259);
#9259 = CARTESIAN_POINT('',(114.3,-118.874,0.));
#9260 = CIRCLE('',#9261,0.51);
#9261 = AXIS2_PLACEMENT_3D('',#9262,#9263,#9264);
#9262 = CARTESIAN_POINT('',(114.3,-118.364,0.));
#9263 = DIRECTION('',(-0.,0.,-1.));
#9264 = DIRECTION('',(-2.78644210102E-14,-1.,0.));
#9265 = FACE_BOUND('',#9266,.F.);
#9266 = EDGE_LOOP('',(#9267));
#9267 = ORIENTED_EDGE('',*,*,#9268,.T.);
#9268 = EDGE_CURVE('',#9269,#9269,#9271,.T.);
#9269 = VERTEX_POINT('',#9270);
#9270 = CARTESIAN_POINT('',(116.84,-118.874,0.));
#9271 = CIRCLE('',#9272,0.51);
#9272 = AXIS2_PLACEMENT_3D('',#9273,#9274,#9275);
#9273 = CARTESIAN_POINT('',(116.84,-118.364,0.));
#9274 = DIRECTION('',(-0.,0.,-1.));
#9275 = DIRECTION('',(-0.,-1.,0.));
#9276 = FACE_BOUND('',#9277,.F.);
#9277 = EDGE_LOOP('',(#9278));
#9278 = ORIENTED_EDGE('',*,*,#9279,.T.);
#9279 = EDGE_CURVE('',#9280,#9280,#9282,.T.);
#9280 = VERTEX_POINT('',#9281);
#9281 = CARTESIAN_POINT('',(119.38,-118.874,0.));
#9282 = CIRCLE('',#9283,0.51);
#9283 = AXIS2_PLACEMENT_3D('',#9284,#9285,#9286);
#9284 = CARTESIAN_POINT('',(119.38,-118.364,0.));
#9285 = DIRECTION('',(-0.,0.,-1.));
#9286 = DIRECTION('',(-0.,-1.,0.));
#9287 = FACE_BOUND('',#9288,.F.);
#9288 = EDGE_LOOP('',(#9289));
#9289 = ORIENTED_EDGE('',*,*,#9290,.T.);
#9290 = EDGE_CURVE('',#9291,#9291,#9293,.T.);
#9291 = VERTEX_POINT('',#9292);
#9292 = CARTESIAN_POINT('',(121.92,-118.874,0.));
#9293 = CIRCLE('',#9294,0.51);
#9294 = AXIS2_PLACEMENT_3D('',#9295,#9296,#9297);
#9295 = CARTESIAN_POINT('',(121.92,-118.364,0.));
#9296 = DIRECTION('',(-0.,0.,-1.));
#9297 = DIRECTION('',(-0.,-1.,0.));
#9298 = FACE_BOUND('',#9299,.F.);
#9299 = EDGE_LOOP('',(#9300));
#9300 = ORIENTED_EDGE('',*,*,#9301,.T.);
#9301 = EDGE_CURVE('',#9302,#9302,#9304,.T.);
#9302 = VERTEX_POINT('',#9303);
#9303 = CARTESIAN_POINT('',(124.46,-118.874,0.));
#9304 = CIRCLE('',#9305,0.51);
#9305 = AXIS2_PLACEMENT_3D('',#9306,#9307,#9308);
#9306 = CARTESIAN_POINT('',(124.46,-118.364,0.));
#9307 = DIRECTION('',(-0.,0.,-1.));
#9308 = DIRECTION('',(-2.78644210102E-14,-1.,0.));
#9309 = FACE_BOUND('',#9310,.F.);
#9310 = EDGE_LOOP('',(#9311));
#9311 = ORIENTED_EDGE('',*,*,#9312,.T.);
#9312 = EDGE_CURVE('',#9313,#9313,#9315,.T.);
#9313 = VERTEX_POINT('',#9314);
#9314 = CARTESIAN_POINT('',(127.,-118.874,0.));
#9315 = CIRCLE('',#9316,0.51);
#9316 = AXIS2_PLACEMENT_3D('',#9317,#9318,#9319);
#9317 = CARTESIAN_POINT('',(127.,-118.364,0.));
#9318 = DIRECTION('',(-0.,0.,-1.));
#9319 = DIRECTION('',(-0.,-1.,0.));
#9320 = FACE_BOUND('',#9321,.F.);
#9321 = EDGE_LOOP('',(#9322));
#9322 = ORIENTED_EDGE('',*,*,#9323,.T.);
#9323 = EDGE_CURVE('',#9324,#9324,#9326,.T.);
#9324 = VERTEX_POINT('',#9325);
#9325 = CARTESIAN_POINT('',(129.54,-118.874,0.));
#9326 = CIRCLE('',#9327,0.51);
#9327 = AXIS2_PLACEMENT_3D('',#9328,#9329,#9330);
#9328 = CARTESIAN_POINT('',(129.54,-118.364,0.));
#9329 = DIRECTION('',(-0.,0.,-1.));
#9330 = DIRECTION('',(-5.57288420204E-14,-1.,0.));
#9331 = FACE_BOUND('',#9332,.F.);
#9332 = EDGE_LOOP('',(#9333));
#9333 = ORIENTED_EDGE('',*,*,#9334,.T.);
#9334 = EDGE_CURVE('',#9335,#9335,#9337,.T.);
#9335 = VERTEX_POINT('',#9336);
#9336 = CARTESIAN_POINT('',(132.08,-118.874,0.));
#9337 = CIRCLE('',#9338,0.51);
#9338 = AXIS2_PLACEMENT_3D('',#9339,#9340,#9341);
#9339 = CARTESIAN_POINT('',(132.08,-118.364,0.));
#9340 = DIRECTION('',(-0.,0.,-1.));
#9341 = DIRECTION('',(5.57288420204E-14,-1.,-0.));
#9342 = FACE_BOUND('',#9343,.F.);
#9343 = EDGE_LOOP('',(#9344));
#9344 = ORIENTED_EDGE('',*,*,#9345,.T.);
#9345 = EDGE_CURVE('',#9346,#9346,#9348,.T.);
#9346 = VERTEX_POINT('',#9347);
#9347 = CARTESIAN_POINT('',(134.62,-118.874,0.));
#9348 = CIRCLE('',#9349,0.51);
#9349 = AXIS2_PLACEMENT_3D('',#9350,#9351,#9352);
#9350 = CARTESIAN_POINT('',(134.62,-118.364,0.));
#9351 = DIRECTION('',(-0.,0.,-1.));
#9352 = DIRECTION('',(-0.,-1.,0.));
#9353 = FACE_BOUND('',#9354,.F.);
#9354 = EDGE_LOOP('',(#9355));
#9355 = ORIENTED_EDGE('',*,*,#9356,.T.);
#9356 = EDGE_CURVE('',#9357,#9357,#9359,.T.);
#9357 = VERTEX_POINT('',#9358);
#9358 = CARTESIAN_POINT('',(137.16,-118.874,0.));
#9359 = CIRCLE('',#9360,0.51);
#9360 = AXIS2_PLACEMENT_3D('',#9361,#9362,#9363);
#9361 = CARTESIAN_POINT('',(137.16,-118.364,0.));
#9362 = DIRECTION('',(-0.,0.,-1.));
#9363 = DIRECTION('',(-0.,-1.,0.));
#9364 = FACE_BOUND('',#9365,.F.);
#9365 = EDGE_LOOP('',(#9366));
#9366 = ORIENTED_EDGE('',*,*,#9367,.T.);
#9367 = EDGE_CURVE('',#9368,#9368,#9370,.T.);
#9368 = VERTEX_POINT('',#9369);
#9369 = CARTESIAN_POINT('',(139.7,-118.874,0.));
#9370 = CIRCLE('',#9371,0.51);
#9371 = AXIS2_PLACEMENT_3D('',#9372,#9373,#9374);
#9372 = CARTESIAN_POINT('',(139.7,-118.364,0.));
#9373 = DIRECTION('',(-0.,0.,-1.));
#9374 = DIRECTION('',(-0.,-1.,0.));
#9375 = FACE_BOUND('',#9376,.F.);
#9376 = EDGE_LOOP('',(#9377));
#9377 = ORIENTED_EDGE('',*,*,#9378,.T.);
#9378 = EDGE_CURVE('',#9379,#9379,#9381,.T.);
#9379 = VERTEX_POINT('',#9380);
#9380 = CARTESIAN_POINT('',(142.24,-118.874,0.));
#9381 = CIRCLE('',#9382,0.51);
#9382 = AXIS2_PLACEMENT_3D('',#9383,#9384,#9385);
#9383 = CARTESIAN_POINT('',(142.24,-118.364,0.));
#9384 = DIRECTION('',(-0.,0.,-1.));
#9385 = DIRECTION('',(-0.,-1.,0.));
#9386 = FACE_BOUND('',#9387,.F.);
#9387 = EDGE_LOOP('',(#9388));
#9388 = ORIENTED_EDGE('',*,*,#9389,.T.);
#9389 = EDGE_CURVE('',#9390,#9390,#9392,.T.);
#9390 = VERTEX_POINT('',#9391);
#9391 = CARTESIAN_POINT('',(144.78,-118.874,0.));
#9392 = CIRCLE('',#9393,0.51);
#9393 = AXIS2_PLACEMENT_3D('',#9394,#9395,#9396);
#9394 = CARTESIAN_POINT('',(144.78,-118.364,0.));
#9395 = DIRECTION('',(-0.,0.,-1.));
#9396 = DIRECTION('',(-0.,-1.,0.));
#9397 = FACE_BOUND('',#9398,.F.);
#9398 = EDGE_LOOP('',(#9399));
#9399 = ORIENTED_EDGE('',*,*,#9400,.T.);
#9400 = EDGE_CURVE('',#9401,#9401,#9403,.T.);
#9401 = VERTEX_POINT('',#9402);
#9402 = CARTESIAN_POINT('',(147.32,-118.874,0.));
#9403 = CIRCLE('',#9404,0.51);
#9404 = AXIS2_PLACEMENT_3D('',#9405,#9406,#9407);
#9405 = CARTESIAN_POINT('',(147.32,-118.364,0.));
#9406 = DIRECTION('',(-0.,0.,-1.));
#9407 = DIRECTION('',(-0.,-1.,0.));
#9408 = FACE_BOUND('',#9409,.F.);
#9409 = EDGE_LOOP('',(#9410));
#9410 = ORIENTED_EDGE('',*,*,#9411,.T.);
#9411 = EDGE_CURVE('',#9412,#9412,#9414,.T.);
#9412 = VERTEX_POINT('',#9413);
#9413 = CARTESIAN_POINT('',(149.86,-118.874,0.));
#9414 = CIRCLE('',#9415,0.51);
#9415 = AXIS2_PLACEMENT_3D('',#9416,#9417,#9418);
#9416 = CARTESIAN_POINT('',(149.86,-118.364,0.));
#9417 = DIRECTION('',(-0.,0.,-1.));
#9418 = DIRECTION('',(-0.,-1.,0.));
#9419 = FACE_BOUND('',#9420,.F.);
#9420 = EDGE_LOOP('',(#9421));
#9421 = ORIENTED_EDGE('',*,*,#9422,.T.);
#9422 = EDGE_CURVE('',#9423,#9423,#9425,.T.);
#9423 = VERTEX_POINT('',#9424);
#9424 = CARTESIAN_POINT('',(152.4,-118.874,0.));
#9425 = CIRCLE('',#9426,0.51);
#9426 = AXIS2_PLACEMENT_3D('',#9427,#9428,#9429);
#9427 = CARTESIAN_POINT('',(152.4,-118.364,0.));
#9428 = DIRECTION('',(-0.,0.,-1.));
#9429 = DIRECTION('',(5.57288420204E-14,-1.,-0.));
#9430 = FACE_BOUND('',#9431,.F.);
#9431 = EDGE_LOOP('',(#9432));
#9432 = ORIENTED_EDGE('',*,*,#9433,.T.);
#9433 = EDGE_CURVE('',#9434,#9434,#9436,.T.);
#9434 = VERTEX_POINT('',#9435);
#9435 = CARTESIAN_POINT('',(154.94,-118.874,0.));
#9436 = CIRCLE('',#9437,0.51);
#9437 = AXIS2_PLACEMENT_3D('',#9438,#9439,#9440);
#9438 = CARTESIAN_POINT('',(154.94,-118.364,0.));
#9439 = DIRECTION('',(-0.,0.,-1.));
#9440 = DIRECTION('',(-0.,-1.,0.));
#9441 = FACE_BOUND('',#9442,.F.);
#9442 = EDGE_LOOP('',(#9443));
#9443 = ORIENTED_EDGE('',*,*,#9444,.T.);
#9444 = EDGE_CURVE('',#9445,#9445,#9447,.T.);
#9445 = VERTEX_POINT('',#9446);
#9446 = CARTESIAN_POINT('',(157.48,-118.874,0.));
#9447 = CIRCLE('',#9448,0.51);
#9448 = AXIS2_PLACEMENT_3D('',#9449,#9450,#9451);
#9449 = CARTESIAN_POINT('',(157.48,-118.364,0.));
#9450 = DIRECTION('',(-0.,0.,-1.));
#9451 = DIRECTION('',(-5.57288420204E-14,-1.,0.));
#9452 = FACE_BOUND('',#9453,.F.);
#9453 = EDGE_LOOP('',(#9454));
#9454 = ORIENTED_EDGE('',*,*,#9455,.T.);
#9455 = EDGE_CURVE('',#9456,#9456,#9458,.T.);
#9456 = VERTEX_POINT('',#9457);
#9457 = CARTESIAN_POINT('',(160.02,-118.874,0.));
#9458 = CIRCLE('',#9459,0.51);
#9459 = AXIS2_PLACEMENT_3D('',#9460,#9461,#9462);
#9460 = CARTESIAN_POINT('',(160.02,-118.364,0.));
#9461 = DIRECTION('',(-0.,0.,-1.));
#9462 = DIRECTION('',(5.57288420204E-14,-1.,-0.));
#9463 = FACE_BOUND('',#9464,.F.);
#9464 = EDGE_LOOP('',(#9465));
#9465 = ORIENTED_EDGE('',*,*,#9466,.T.);
#9466 = EDGE_CURVE('',#9467,#9467,#9469,.T.);
#9467 = VERTEX_POINT('',#9468);
#9468 = CARTESIAN_POINT('',(167.136,-110.312,0.));
#9469 = CIRCLE('',#9470,1.6);
#9470 = AXIS2_PLACEMENT_3D('',#9471,#9472,#9473);
#9471 = CARTESIAN_POINT('',(167.136,-108.712,0.));
#9472 = DIRECTION('',(-0.,0.,-1.));
#9473 = DIRECTION('',(-0.,-1.,0.));
#9474 = PLANE('',#9475);
#9475 = AXIS2_PLACEMENT_3D('',#9476,#9477,#9478);
#9476 = CARTESIAN_POINT('',(0.,0.,0.));
#9477 = DIRECTION('',(0.,0.,1.));
#9478 = DIRECTION('',(1.,0.,-0.));
#9479 = ADVANCED_FACE('',(#9480,#9526,#9537,#9548,#9559,#9570,#9581,
    #9592,#9628,#9664,#9675,#9711,#9722,#9758,#9794,#9830,#9841,#9877,
    #9888,#9899,#9910,#9921,#9932,#9943,#9954,#9965,#9976,#9987,#9998,
    #10009,#10020,#10031,#10042,#10053,#10064,#10075,#10086,#10097,
    #10108,#10119,#10130,#10141,#10152,#10163,#10174,#10185,#10196,
    #10207,#10218,#10229,#10240,#10251,#10262,#10273,#10284,#10295,
    #10306,#10317,#10328,#10339,#10350,#10361,#10372,#10383,#10394,
    #10405,#10416,#10427,#10438,#10449,#10460,#10471,#10482,#10493,
    #10504,#10515),#10526,.T.);
#9480 = FACE_BOUND('',#9481,.T.);
#9481 = EDGE_LOOP('',(#9482,#9483,#9484,#9493,#9501,#9510,#9518,#9525));
#9482 = ORIENTED_EDGE('',*,*,#8337,.F.);
#9483 = ORIENTED_EDGE('',*,*,#8379,.F.);
#9484 = ORIENTED_EDGE('',*,*,#9485,.F.);
#9485 = EDGE_CURVE('',#9486,#8372,#9488,.T.);
#9486 = VERTEX_POINT('',#9487);
#9487 = CARTESIAN_POINT('',(67.409828,-105.14,1.51));
#9488 = CIRCLE('',#9489,0.999999252925);
#9489 = AXIS2_PLACEMENT_3D('',#9490,#9491,#9492);
#9490 = CARTESIAN_POINT('',(68.409827252925,-105.1399992529,1.51));
#9491 = DIRECTION('',(0.,0.,-1.));
#9492 = DIRECTION('',(-1.,-7.470757349539E-07,-0.));
#9493 = ORIENTED_EDGE('',*,*,#9494,.F.);
#9494 = EDGE_CURVE('',#9495,#9486,#9497,.T.);
#9495 = VERTEX_POINT('',#9496);
#9496 = CARTESIAN_POINT('',(67.409828,-170.196,1.51));
#9497 = LINE('',#9498,#9499);
#9498 = CARTESIAN_POINT('',(67.409828,-170.196,1.51));
#9499 = VECTOR('',#9500,1.);
#9500 = DIRECTION('',(0.,1.,0.));
#9501 = ORIENTED_EDGE('',*,*,#9502,.F.);
#9502 = EDGE_CURVE('',#9503,#9495,#9505,.T.);
#9503 = VERTEX_POINT('',#9504);
#9504 = CARTESIAN_POINT('',(68.409828,-171.196,1.51));
#9505 = CIRCLE('',#9506,0.999999252925);
#9506 = AXIS2_PLACEMENT_3D('',#9507,#9508,#9509);
#9507 = CARTESIAN_POINT('',(68.409827252925,-170.196000747,1.51));
#9508 = DIRECTION('',(0.,0.,-1.));
#9509 = DIRECTION('',(7.470757633756E-07,-1.,0.));
#9510 = ORIENTED_EDGE('',*,*,#9511,.F.);
#9511 = EDGE_CURVE('',#9512,#9503,#9514,.T.);
#9512 = VERTEX_POINT('',#9513);
#9513 = CARTESIAN_POINT('',(170.549828,-171.196,1.51));
#9514 = LINE('',#9515,#9516);
#9515 = CARTESIAN_POINT('',(170.549828,-171.196,1.51));
#9516 = VECTOR('',#9517,1.);
#9517 = DIRECTION('',(-1.,0.,0.));
#9518 = ORIENTED_EDGE('',*,*,#9519,.F.);
#9519 = EDGE_CURVE('',#8402,#9512,#9520,.T.);
#9520 = CIRCLE('',#9521,0.999980475351);
#9521 = AXIS2_PLACEMENT_3D('',#9522,#9523,#9524);
#9522 = CARTESIAN_POINT('',(170.54984752483,-170.1960195248,1.51));
#9523 = DIRECTION('',(0.,0.,-1.));
#9524 = DIRECTION('',(0.999999999809,1.952522038363E-05,0.));
#9525 = ORIENTED_EDGE('',*,*,#8401,.F.);
#9526 = FACE_BOUND('',#9527,.T.);
#9527 = EDGE_LOOP('',(#9528));
#9528 = ORIENTED_EDGE('',*,*,#9529,.T.);
#9529 = EDGE_CURVE('',#9530,#9530,#9532,.T.);
#9530 = VERTEX_POINT('',#9531);
#9531 = CARTESIAN_POINT('',(72.136,-168.268,1.51));
#9532 = CIRCLE('',#9533,1.6);
#9533 = AXIS2_PLACEMENT_3D('',#9534,#9535,#9536);
#9534 = CARTESIAN_POINT('',(72.136,-166.668,1.51));
#9535 = DIRECTION('',(-0.,0.,-1.));
#9536 = DIRECTION('',(-0.,-1.,0.));
#9537 = FACE_BOUND('',#9538,.T.);
#9538 = EDGE_LOOP('',(#9539));
#9539 = ORIENTED_EDGE('',*,*,#9540,.T.);
#9540 = EDGE_CURVE('',#9541,#9541,#9543,.T.);
#9541 = VERTEX_POINT('',#9542);
#9542 = CARTESIAN_POINT('',(77.93,-167.882,1.51));
#9543 = CIRCLE('',#9544,0.75);
#9544 = AXIS2_PLACEMENT_3D('',#9545,#9546,#9547);
#9545 = CARTESIAN_POINT('',(77.93,-167.132,1.51));
#9546 = DIRECTION('',(-0.,0.,-1.));
#9547 = DIRECTION('',(-0.,-1.,0.));
#9548 = FACE_BOUND('',#9549,.T.);
#9549 = EDGE_LOOP('',(#9550));
#9550 = ORIENTED_EDGE('',*,*,#9551,.T.);
#9551 = EDGE_CURVE('',#9552,#9552,#9554,.T.);
#9552 = VERTEX_POINT('',#9553);
#9553 = CARTESIAN_POINT('',(80.78,-167.532,1.51));
#9554 = CIRCLE('',#9555,0.4);
#9555 = AXIS2_PLACEMENT_3D('',#9556,#9557,#9558);
#9556 = CARTESIAN_POINT('',(80.78,-167.132,1.51));
#9557 = DIRECTION('',(-0.,0.,-1.));
#9558 = DIRECTION('',(-0.,-1.,0.));
#9559 = FACE_BOUND('',#9560,.T.);
#9560 = EDGE_LOOP('',(#9561));
#9561 = ORIENTED_EDGE('',*,*,#9562,.T.);
#9562 = EDGE_CURVE('',#9563,#9563,#9565,.T.);
#9563 = VERTEX_POINT('',#9564);
#9564 = CARTESIAN_POINT('',(82.78,-167.532,1.51));
#9565 = CIRCLE('',#9566,0.4);
#9566 = AXIS2_PLACEMENT_3D('',#9567,#9568,#9569);
#9567 = CARTESIAN_POINT('',(82.78,-167.132,1.51));
#9568 = DIRECTION('',(-0.,0.,-1.));
#9569 = DIRECTION('',(-0.,-1.,0.));
#9570 = FACE_BOUND('',#9571,.T.);
#9571 = EDGE_LOOP('',(#9572));
#9572 = ORIENTED_EDGE('',*,*,#9573,.T.);
#9573 = EDGE_CURVE('',#9574,#9574,#9576,.T.);
#9574 = VERTEX_POINT('',#9575);
#9575 = CARTESIAN_POINT('',(84.78,-167.532,1.51));
#9576 = CIRCLE('',#9577,0.4);
#9577 = AXIS2_PLACEMENT_3D('',#9578,#9579,#9580);
#9578 = CARTESIAN_POINT('',(84.78,-167.132,1.51));
#9579 = DIRECTION('',(-0.,0.,-1.));
#9580 = DIRECTION('',(-0.,-1.,0.));
#9581 = FACE_BOUND('',#9582,.T.);
#9582 = EDGE_LOOP('',(#9583));
#9583 = ORIENTED_EDGE('',*,*,#9584,.T.);
#9584 = EDGE_CURVE('',#9585,#9585,#9587,.T.);
#9585 = VERTEX_POINT('',#9586);
#9586 = CARTESIAN_POINT('',(87.63,-167.882,1.51));
#9587 = CIRCLE('',#9588,0.75);
#9588 = AXIS2_PLACEMENT_3D('',#9589,#9590,#9591);
#9589 = CARTESIAN_POINT('',(87.63,-167.132,1.51));
#9590 = DIRECTION('',(-0.,0.,-1.));
#9591 = DIRECTION('',(-0.,-1.,0.));
#9592 = FACE_BOUND('',#9593,.T.);
#9593 = EDGE_LOOP('',(#9594,#9605,#9613,#9622));
#9594 = ORIENTED_EDGE('',*,*,#9595,.T.);
#9595 = EDGE_CURVE('',#9596,#9598,#9600,.T.);
#9596 = VERTEX_POINT('',#9597);
#9597 = CARTESIAN_POINT('',(92.548,-167.21,1.51));
#9598 = VERTEX_POINT('',#9599);
#9599 = CARTESIAN_POINT('',(91.948,-167.21,1.51));
#9600 = CIRCLE('',#9601,0.3);
#9601 = AXIS2_PLACEMENT_3D('',#9602,#9603,#9604);
#9602 = CARTESIAN_POINT('',(92.248,-167.21,1.51));
#9603 = DIRECTION('',(-0.,0.,-1.));
#9604 = DIRECTION('',(-1.,0.,0.));
#9605 = ORIENTED_EDGE('',*,*,#9606,.T.);
#9606 = EDGE_CURVE('',#9598,#9607,#9609,.T.);
#9607 = VERTEX_POINT('',#9608);
#9608 = CARTESIAN_POINT('',(91.948,-166.41,1.51));
#9609 = LINE('',#9610,#9611);
#9610 = CARTESIAN_POINT('',(91.948,-83.205,1.51));
#9611 = VECTOR('',#9612,1.);
#9612 = DIRECTION('',(-0.,1.,0.));
#9613 = ORIENTED_EDGE('',*,*,#9614,.T.);
#9614 = EDGE_CURVE('',#9607,#9615,#9617,.T.);
#9615 = VERTEX_POINT('',#9616);
#9616 = CARTESIAN_POINT('',(92.548,-166.41,1.51));
#9617 = CIRCLE('',#9618,0.3);
#9618 = AXIS2_PLACEMENT_3D('',#9619,#9620,#9621);
#9619 = CARTESIAN_POINT('',(92.248,-166.41,1.51));
#9620 = DIRECTION('',(0.,-0.,-1.));
#9621 = DIRECTION('',(1.,0.,-0.));
#9622 = ORIENTED_EDGE('',*,*,#9623,.T.);
#9623 = EDGE_CURVE('',#9615,#9596,#9624,.T.);
#9624 = LINE('',#9625,#9626);
#9625 = CARTESIAN_POINT('',(92.548,-83.605,1.51));
#9626 = VECTOR('',#9627,1.);
#9627 = DIRECTION('',(0.,-1.,0.));
#9628 = FACE_BOUND('',#9629,.T.);
#9629 = EDGE_LOOP('',(#9630,#9641,#9649,#9658));
#9630 = ORIENTED_EDGE('',*,*,#9631,.T.);
#9631 = EDGE_CURVE('',#9632,#9634,#9636,.T.);
#9632 = VERTEX_POINT('',#9633);
#9633 = CARTESIAN_POINT('',(92.548,-163.18,1.51));
#9634 = VERTEX_POINT('',#9635);
#9635 = CARTESIAN_POINT('',(91.948,-163.18,1.51));
#9636 = CIRCLE('',#9637,0.3);
#9637 = AXIS2_PLACEMENT_3D('',#9638,#9639,#9640);
#9638 = CARTESIAN_POINT('',(92.248,-163.18,1.51));
#9639 = DIRECTION('',(-0.,0.,-1.));
#9640 = DIRECTION('',(-1.,-9.473903143468E-14,0.));
#9641 = ORIENTED_EDGE('',*,*,#9642,.T.);
#9642 = EDGE_CURVE('',#9634,#9643,#9645,.T.);
#9643 = VERTEX_POINT('',#9644);
#9644 = CARTESIAN_POINT('',(91.948,-162.08,1.51));
#9645 = LINE('',#9646,#9647);
#9646 = CARTESIAN_POINT('',(91.948,-81.04,1.51));
#9647 = VECTOR('',#9648,1.);
#9648 = DIRECTION('',(-0.,1.,0.));
#9649 = ORIENTED_EDGE('',*,*,#9650,.T.);
#9650 = EDGE_CURVE('',#9643,#9651,#9653,.T.);
#9651 = VERTEX_POINT('',#9652);
#9652 = CARTESIAN_POINT('',(92.548,-162.08,1.51));
#9653 = CIRCLE('',#9654,0.3);
#9654 = AXIS2_PLACEMENT_3D('',#9655,#9656,#9657);
#9655 = CARTESIAN_POINT('',(92.248,-162.08,1.51));
#9656 = DIRECTION('',(0.,-0.,-1.));
#9657 = DIRECTION('',(1.,0.,-0.));
#9658 = ORIENTED_EDGE('',*,*,#9659,.T.);
#9659 = EDGE_CURVE('',#9651,#9632,#9660,.T.);
#9660 = LINE('',#9661,#9662);
#9661 = CARTESIAN_POINT('',(92.548,-81.59,1.51));
#9662 = VECTOR('',#9663,1.);
#9663 = DIRECTION('',(0.,-1.,0.));
#9664 = FACE_BOUND('',#9665,.T.);
#9665 = EDGE_LOOP('',(#9666));
#9666 = ORIENTED_EDGE('',*,*,#9667,.T.);
#9667 = EDGE_CURVE('',#9668,#9668,#9670,.T.);
#9668 = VERTEX_POINT('',#9669);
#9669 = CARTESIAN_POINT('',(93.678,-163.455,1.51));
#9670 = CIRCLE('',#9671,0.325);
#9671 = AXIS2_PLACEMENT_3D('',#9672,#9673,#9674);
#9672 = CARTESIAN_POINT('',(93.678,-163.13,1.51));
#9673 = DIRECTION('',(-0.,0.,-1.));
#9674 = DIRECTION('',(-0.,-1.,0.));
#9675 = FACE_BOUND('',#9676,.T.);
#9676 = EDGE_LOOP('',(#9677,#9688,#9696,#9705));
#9677 = ORIENTED_EDGE('',*,*,#9678,.T.);
#9678 = EDGE_CURVE('',#9679,#9681,#9683,.T.);
#9679 = VERTEX_POINT('',#9680);
#9680 = CARTESIAN_POINT('',(77.124,-160.828,1.51));
#9681 = VERTEX_POINT('',#9682);
#9682 = CARTESIAN_POINT('',(77.124,-160.228,1.51));
#9683 = CIRCLE('',#9684,0.3);
#9684 = AXIS2_PLACEMENT_3D('',#9685,#9686,#9687);
#9685 = CARTESIAN_POINT('',(77.124,-160.528,1.51));
#9686 = DIRECTION('',(-0.,0.,-1.));
#9687 = DIRECTION('',(0.,1.,0.));
#9688 = ORIENTED_EDGE('',*,*,#9689,.T.);
#9689 = EDGE_CURVE('',#9681,#9690,#9692,.T.);
#9690 = VERTEX_POINT('',#9691);
#9691 = CARTESIAN_POINT('',(78.324,-160.228,1.51));
#9692 = LINE('',#9693,#9694);
#9693 = CARTESIAN_POINT('',(39.162,-160.228,1.51));
#9694 = VECTOR('',#9695,1.);
#9695 = DIRECTION('',(1.,0.,-0.));
#9696 = ORIENTED_EDGE('',*,*,#9697,.T.);
#9697 = EDGE_CURVE('',#9690,#9698,#9700,.T.);
#9698 = VERTEX_POINT('',#9699);
#9699 = CARTESIAN_POINT('',(78.324,-160.828,1.51));
#9700 = CIRCLE('',#9701,0.3);
#9701 = AXIS2_PLACEMENT_3D('',#9702,#9703,#9704);
#9702 = CARTESIAN_POINT('',(78.324,-160.528,1.51));
#9703 = DIRECTION('',(-0.,0.,-1.));
#9704 = DIRECTION('',(4.736951571734E-14,-1.,-0.));
#9705 = ORIENTED_EDGE('',*,*,#9706,.T.);
#9706 = EDGE_CURVE('',#9698,#9679,#9707,.T.);
#9707 = LINE('',#9708,#9709);
#9708 = CARTESIAN_POINT('',(38.562,-160.828,1.51));
#9709 = VECTOR('',#9710,1.);
#9710 = DIRECTION('',(-1.,0.,0.));
#9711 = FACE_BOUND('',#9712,.T.);
#9712 = EDGE_LOOP('',(#9713));
#9713 = ORIENTED_EDGE('',*,*,#9714,.T.);
#9714 = EDGE_CURVE('',#9715,#9715,#9717,.T.);
#9715 = VERTEX_POINT('',#9716);
#9716 = CARTESIAN_POINT('',(72.724,-157.178,1.51));
#9717 = CIRCLE('',#9718,0.65);
#9718 = AXIS2_PLACEMENT_3D('',#9719,#9720,#9721);
#9719 = CARTESIAN_POINT('',(72.724,-156.528,1.51));
#9720 = DIRECTION('',(-0.,0.,-1.));
#9721 = DIRECTION('',(2.1862853408E-14,-1.,-0.));
#9722 = FACE_BOUND('',#9723,.T.);
#9723 = EDGE_LOOP('',(#9724,#9735,#9743,#9752));
#9724 = ORIENTED_EDGE('',*,*,#9725,.T.);
#9725 = EDGE_CURVE('',#9726,#9728,#9730,.T.);
#9726 = VERTEX_POINT('',#9727);
#9727 = CARTESIAN_POINT('',(77.124,-156.828,1.51));
#9728 = VERTEX_POINT('',#9729);
#9729 = CARTESIAN_POINT('',(77.124,-156.228,1.51));
#9730 = CIRCLE('',#9731,0.3);
#9731 = AXIS2_PLACEMENT_3D('',#9732,#9733,#9734);
#9732 = CARTESIAN_POINT('',(77.124,-156.528,1.51));
#9733 = DIRECTION('',(-0.,0.,-1.));
#9734 = DIRECTION('',(0.,1.,0.));
#9735 = ORIENTED_EDGE('',*,*,#9736,.T.);
#9736 = EDGE_CURVE('',#9728,#9737,#9739,.T.);
#9737 = VERTEX_POINT('',#9738);
#9738 = CARTESIAN_POINT('',(78.324,-156.228,1.51));
#9739 = LINE('',#9740,#9741);
#9740 = CARTESIAN_POINT('',(39.162,-156.228,1.51));
#9741 = VECTOR('',#9742,1.);
#9742 = DIRECTION('',(1.,0.,-0.));
#9743 = ORIENTED_EDGE('',*,*,#9744,.T.);
#9744 = EDGE_CURVE('',#9737,#9745,#9747,.T.);
#9745 = VERTEX_POINT('',#9746);
#9746 = CARTESIAN_POINT('',(78.324,-156.828,1.51));
#9747 = CIRCLE('',#9748,0.3);
#9748 = AXIS2_PLACEMENT_3D('',#9749,#9750,#9751);
#9749 = CARTESIAN_POINT('',(78.324,-156.528,1.51));
#9750 = DIRECTION('',(-0.,0.,-1.));
#9751 = DIRECTION('',(4.736951571734E-14,-1.,-0.));
#9752 = ORIENTED_EDGE('',*,*,#9753,.T.);
#9753 = EDGE_CURVE('',#9745,#9726,#9754,.T.);
#9754 = LINE('',#9755,#9756);
#9755 = CARTESIAN_POINT('',(38.562,-156.828,1.51));
#9756 = VECTOR('',#9757,1.);
#9757 = DIRECTION('',(-1.,0.,0.));
#9758 = FACE_BOUND('',#9759,.T.);
#9759 = EDGE_LOOP('',(#9760,#9771,#9779,#9788));
#9760 = ORIENTED_EDGE('',*,*,#9761,.T.);
#9761 = EDGE_CURVE('',#9762,#9764,#9766,.T.);
#9762 = VERTEX_POINT('',#9763);
#9763 = CARTESIAN_POINT('',(77.124,-153.328,1.51));
#9764 = VERTEX_POINT('',#9765);
#9765 = CARTESIAN_POINT('',(77.124,-152.728,1.51));
#9766 = CIRCLE('',#9767,0.3);
#9767 = AXIS2_PLACEMENT_3D('',#9768,#9769,#9770);
#9768 = CARTESIAN_POINT('',(77.124,-153.028,1.51));
#9769 = DIRECTION('',(-0.,0.,-1.));
#9770 = DIRECTION('',(0.,1.,0.));
#9771 = ORIENTED_EDGE('',*,*,#9772,.T.);
#9772 = EDGE_CURVE('',#9764,#9773,#9775,.T.);
#9773 = VERTEX_POINT('',#9774);
#9774 = CARTESIAN_POINT('',(78.324,-152.728,1.51));
#9775 = LINE('',#9776,#9777);
#9776 = CARTESIAN_POINT('',(39.162,-152.728,1.51));
#9777 = VECTOR('',#9778,1.);
#9778 = DIRECTION('',(1.,0.,-0.));
#9779 = ORIENTED_EDGE('',*,*,#9780,.T.);
#9780 = EDGE_CURVE('',#9773,#9781,#9783,.T.);
#9781 = VERTEX_POINT('',#9782);
#9782 = CARTESIAN_POINT('',(78.324,-153.328,1.51));
#9783 = CIRCLE('',#9784,0.3);
#9784 = AXIS2_PLACEMENT_3D('',#9785,#9786,#9787);
#9785 = CARTESIAN_POINT('',(78.324,-153.028,1.51));
#9786 = DIRECTION('',(-0.,0.,-1.));
#9787 = DIRECTION('',(4.736951571734E-14,-1.,-0.));
#9788 = ORIENTED_EDGE('',*,*,#9789,.T.);
#9789 = EDGE_CURVE('',#9781,#9762,#9790,.T.);
#9790 = LINE('',#9791,#9792);
#9791 = CARTESIAN_POINT('',(38.562,-153.328,1.51));
#9792 = VECTOR('',#9793,1.);
#9793 = DIRECTION('',(-1.,0.,0.));
#9794 = FACE_BOUND('',#9795,.T.);
#9795 = EDGE_LOOP('',(#9796,#9807,#9815,#9824));
#9796 = ORIENTED_EDGE('',*,*,#9797,.T.);
#9797 = EDGE_CURVE('',#9798,#9800,#9802,.T.);
#9798 = VERTEX_POINT('',#9799);
#9799 = CARTESIAN_POINT('',(101.188,-167.21,1.51));
#9800 = VERTEX_POINT('',#9801);
#9801 = CARTESIAN_POINT('',(100.588,-167.21,1.51));
#9802 = CIRCLE('',#9803,0.3);
#9803 = AXIS2_PLACEMENT_3D('',#9804,#9805,#9806);
#9804 = CARTESIAN_POINT('',(100.888,-167.21,1.51));
#9805 = DIRECTION('',(-0.,0.,-1.));
#9806 = DIRECTION('',(-1.,0.,0.));
#9807 = ORIENTED_EDGE('',*,*,#9808,.T.);
#9808 = EDGE_CURVE('',#9800,#9809,#9811,.T.);
#9809 = VERTEX_POINT('',#9810);
#9810 = CARTESIAN_POINT('',(100.588,-166.41,1.51));
#9811 = LINE('',#9812,#9813);
#9812 = CARTESIAN_POINT('',(100.588,-83.205,1.51));
#9813 = VECTOR('',#9814,1.);
#9814 = DIRECTION('',(-0.,1.,0.));
#9815 = ORIENTED_EDGE('',*,*,#9816,.T.);
#9816 = EDGE_CURVE('',#9809,#9817,#9819,.T.);
#9817 = VERTEX_POINT('',#9818);
#9818 = CARTESIAN_POINT('',(101.188,-166.41,1.51));
#9819 = CIRCLE('',#9820,0.3);
#9820 = AXIS2_PLACEMENT_3D('',#9821,#9822,#9823);
#9821 = CARTESIAN_POINT('',(100.888,-166.41,1.51));
#9822 = DIRECTION('',(0.,-0.,-1.));
#9823 = DIRECTION('',(1.,0.,-0.));
#9824 = ORIENTED_EDGE('',*,*,#9825,.T.);
#9825 = EDGE_CURVE('',#9817,#9798,#9826,.T.);
#9826 = LINE('',#9827,#9828);
#9827 = CARTESIAN_POINT('',(101.188,-83.605,1.51));
#9828 = VECTOR('',#9829,1.);
#9829 = DIRECTION('',(0.,-1.,0.));
#9830 = FACE_BOUND('',#9831,.T.);
#9831 = EDGE_LOOP('',(#9832));
#9832 = ORIENTED_EDGE('',*,*,#9833,.T.);
#9833 = EDGE_CURVE('',#9834,#9834,#9836,.T.);
#9834 = VERTEX_POINT('',#9835);
#9835 = CARTESIAN_POINT('',(99.458,-163.455,1.51));
#9836 = CIRCLE('',#9837,0.325);
#9837 = AXIS2_PLACEMENT_3D('',#9838,#9839,#9840);
#9838 = CARTESIAN_POINT('',(99.458,-163.13,1.51));
#9839 = DIRECTION('',(-0.,0.,-1.));
#9840 = DIRECTION('',(-0.,-1.,0.));
#9841 = FACE_BOUND('',#9842,.T.);
#9842 = EDGE_LOOP('',(#9843,#9854,#9862,#9871));
#9843 = ORIENTED_EDGE('',*,*,#9844,.T.);
#9844 = EDGE_CURVE('',#9845,#9847,#9849,.T.);
#9845 = VERTEX_POINT('',#9846);
#9846 = CARTESIAN_POINT('',(101.188,-163.18,1.51));
#9847 = VERTEX_POINT('',#9848);
#9848 = CARTESIAN_POINT('',(100.588,-163.18,1.51));
#9849 = CIRCLE('',#9850,0.3);
#9850 = AXIS2_PLACEMENT_3D('',#9851,#9852,#9853);
#9851 = CARTESIAN_POINT('',(100.888,-163.18,1.51));
#9852 = DIRECTION('',(-0.,0.,-1.));
#9853 = DIRECTION('',(-1.,-9.473903143468E-14,0.));
#9854 = ORIENTED_EDGE('',*,*,#9855,.T.);
#9855 = EDGE_CURVE('',#9847,#9856,#9858,.T.);
#9856 = VERTEX_POINT('',#9857);
#9857 = CARTESIAN_POINT('',(100.588,-162.08,1.51));
#9858 = LINE('',#9859,#9860);
#9859 = CARTESIAN_POINT('',(100.588,-81.04,1.51));
#9860 = VECTOR('',#9861,1.);
#9861 = DIRECTION('',(-0.,1.,0.));
#9862 = ORIENTED_EDGE('',*,*,#9863,.T.);
#9863 = EDGE_CURVE('',#9856,#9864,#9866,.T.);
#9864 = VERTEX_POINT('',#9865);
#9865 = CARTESIAN_POINT('',(101.188,-162.08,1.51));
#9866 = CIRCLE('',#9867,0.3);
#9867 = AXIS2_PLACEMENT_3D('',#9868,#9869,#9870);
#9868 = CARTESIAN_POINT('',(100.888,-162.08,1.51));
#9869 = DIRECTION('',(0.,-0.,-1.));
#9870 = DIRECTION('',(1.,0.,-0.));
#9871 = ORIENTED_EDGE('',*,*,#9872,.T.);
#9872 = EDGE_CURVE('',#9864,#9845,#9873,.T.);
#9873 = LINE('',#9874,#9875);
#9874 = CARTESIAN_POINT('',(101.188,-81.59,1.51));
#9875 = VECTOR('',#9876,1.);
#9876 = DIRECTION('',(0.,-1.,0.));
#9877 = FACE_BOUND('',#9878,.T.);
#9878 = EDGE_LOOP('',(#9879));
#9879 = ORIENTED_EDGE('',*,*,#9880,.T.);
#9880 = EDGE_CURVE('',#9881,#9881,#9883,.T.);
#9881 = VERTEX_POINT('',#9882);
#9882 = CARTESIAN_POINT('',(72.094,-144.656,1.51));
#9883 = CIRCLE('',#9884,0.4);
#9884 = AXIS2_PLACEMENT_3D('',#9885,#9886,#9887);
#9885 = CARTESIAN_POINT('',(72.094,-144.256,1.51));
#9886 = DIRECTION('',(-0.,0.,-1.));
#9887 = DIRECTION('',(-0.,-1.,0.));
#9888 = FACE_BOUND('',#9889,.T.);
#9889 = EDGE_LOOP('',(#9890));
#9890 = ORIENTED_EDGE('',*,*,#9891,.T.);
#9891 = EDGE_CURVE('',#9892,#9892,#9894,.T.);
#9892 = VERTEX_POINT('',#9893);
#9893 = CARTESIAN_POINT('',(72.094,-142.656,1.51));
#9894 = CIRCLE('',#9895,0.4);
#9895 = AXIS2_PLACEMENT_3D('',#9896,#9897,#9898);
#9896 = CARTESIAN_POINT('',(72.094,-142.256,1.51));
#9897 = DIRECTION('',(-0.,0.,-1.));
#9898 = DIRECTION('',(-0.,-1.,0.));
#9899 = FACE_BOUND('',#9900,.T.);
#9900 = EDGE_LOOP('',(#9901));
#9901 = ORIENTED_EDGE('',*,*,#9902,.T.);
#9902 = EDGE_CURVE('',#9903,#9903,#9905,.T.);
#9903 = VERTEX_POINT('',#9904);
#9904 = CARTESIAN_POINT('',(106.68,-141.734,1.51));
#9905 = CIRCLE('',#9906,0.51);
#9906 = AXIS2_PLACEMENT_3D('',#9907,#9908,#9909);
#9907 = CARTESIAN_POINT('',(106.68,-141.224,1.51));
#9908 = DIRECTION('',(-0.,0.,-1.));
#9909 = DIRECTION('',(-0.,-1.,0.));
#9910 = FACE_BOUND('',#9911,.T.);
#9911 = EDGE_LOOP('',(#9912));
#9912 = ORIENTED_EDGE('',*,*,#9913,.T.);
#9913 = EDGE_CURVE('',#9914,#9914,#9916,.T.);
#9914 = VERTEX_POINT('',#9915);
#9915 = CARTESIAN_POINT('',(109.22,-141.734,1.51));
#9916 = CIRCLE('',#9917,0.51);
#9917 = AXIS2_PLACEMENT_3D('',#9918,#9919,#9920);
#9918 = CARTESIAN_POINT('',(109.22,-141.224,1.51));
#9919 = DIRECTION('',(-0.,0.,-1.));
#9920 = DIRECTION('',(-0.,-1.,0.));
#9921 = FACE_BOUND('',#9922,.T.);
#9922 = EDGE_LOOP('',(#9923));
#9923 = ORIENTED_EDGE('',*,*,#9924,.T.);
#9924 = EDGE_CURVE('',#9925,#9925,#9927,.T.);
#9925 = VERTEX_POINT('',#9926);
#9926 = CARTESIAN_POINT('',(111.76,-141.734,1.51));
#9927 = CIRCLE('',#9928,0.51);
#9928 = AXIS2_PLACEMENT_3D('',#9929,#9930,#9931);
#9929 = CARTESIAN_POINT('',(111.76,-141.224,1.51));
#9930 = DIRECTION('',(-0.,0.,-1.));
#9931 = DIRECTION('',(2.78644210102E-14,-1.,-0.));
#9932 = FACE_BOUND('',#9933,.T.);
#9933 = EDGE_LOOP('',(#9934));
#9934 = ORIENTED_EDGE('',*,*,#9935,.T.);
#9935 = EDGE_CURVE('',#9936,#9936,#9938,.T.);
#9936 = VERTEX_POINT('',#9937);
#9937 = CARTESIAN_POINT('',(114.3,-141.734,1.51));
#9938 = CIRCLE('',#9939,0.51);
#9939 = AXIS2_PLACEMENT_3D('',#9940,#9941,#9942);
#9940 = CARTESIAN_POINT('',(114.3,-141.224,1.51));
#9941 = DIRECTION('',(-0.,0.,-1.));
#9942 = DIRECTION('',(-2.78644210102E-14,-1.,0.));
#9943 = FACE_BOUND('',#9944,.T.);
#9944 = EDGE_LOOP('',(#9945));
#9945 = ORIENTED_EDGE('',*,*,#9946,.T.);
#9946 = EDGE_CURVE('',#9947,#9947,#9949,.T.);
#9947 = VERTEX_POINT('',#9948);
#9948 = CARTESIAN_POINT('',(116.84,-141.734,1.51));
#9949 = CIRCLE('',#9950,0.51);
#9950 = AXIS2_PLACEMENT_3D('',#9951,#9952,#9953);
#9951 = CARTESIAN_POINT('',(116.84,-141.224,1.51));
#9952 = DIRECTION('',(-0.,0.,-1.));
#9953 = DIRECTION('',(-0.,-1.,0.));
#9954 = FACE_BOUND('',#9955,.T.);
#9955 = EDGE_LOOP('',(#9956));
#9956 = ORIENTED_EDGE('',*,*,#9957,.T.);
#9957 = EDGE_CURVE('',#9958,#9958,#9960,.T.);
#9958 = VERTEX_POINT('',#9959);
#9959 = CARTESIAN_POINT('',(119.38,-141.734,1.51));
#9960 = CIRCLE('',#9961,0.51);
#9961 = AXIS2_PLACEMENT_3D('',#9962,#9963,#9964);
#9962 = CARTESIAN_POINT('',(119.38,-141.224,1.51));
#9963 = DIRECTION('',(-0.,0.,-1.));
#9964 = DIRECTION('',(-0.,-1.,0.));
#9965 = FACE_BOUND('',#9966,.T.);
#9966 = EDGE_LOOP('',(#9967));
#9967 = ORIENTED_EDGE('',*,*,#9968,.T.);
#9968 = EDGE_CURVE('',#9969,#9969,#9971,.T.);
#9969 = VERTEX_POINT('',#9970);
#9970 = CARTESIAN_POINT('',(129.62,-160.886,1.51));
#9971 = CIRCLE('',#9972,0.4);
#9972 = AXIS2_PLACEMENT_3D('',#9973,#9974,#9975);
#9973 = CARTESIAN_POINT('',(129.62,-160.486,1.51));
#9974 = DIRECTION('',(-0.,0.,-1.));
#9975 = DIRECTION('',(-0.,-1.,0.));
#9976 = FACE_BOUND('',#9977,.T.);
#9977 = EDGE_LOOP('',(#9978));
#9978 = ORIENTED_EDGE('',*,*,#9979,.T.);
#9979 = EDGE_CURVE('',#9980,#9980,#9982,.T.);
#9980 = VERTEX_POINT('',#9981);
#9981 = CARTESIAN_POINT('',(131.62,-160.886,1.51));
#9982 = CIRCLE('',#9983,0.4);
#9983 = AXIS2_PLACEMENT_3D('',#9984,#9985,#9986);
#9984 = CARTESIAN_POINT('',(131.62,-160.486,1.51));
#9985 = DIRECTION('',(-0.,0.,-1.));
#9986 = DIRECTION('',(-0.,-1.,0.));
#9987 = FACE_BOUND('',#9988,.T.);
#9988 = EDGE_LOOP('',(#9989));
#9989 = ORIENTED_EDGE('',*,*,#9990,.T.);
#9990 = EDGE_CURVE('',#9991,#9991,#9993,.T.);
#9991 = VERTEX_POINT('',#9992);
#9992 = CARTESIAN_POINT('',(133.62,-160.886,1.51));
#9993 = CIRCLE('',#9994,0.4);
#9994 = AXIS2_PLACEMENT_3D('',#9995,#9996,#9997);
#9995 = CARTESIAN_POINT('',(133.62,-160.486,1.51));
#9996 = DIRECTION('',(-0.,0.,-1.));
#9997 = DIRECTION('',(-0.,-1.,0.));
#9998 = FACE_BOUND('',#9999,.T.);
#9999 = EDGE_LOOP('',(#10000));
#10000 = ORIENTED_EDGE('',*,*,#10001,.T.);
#10001 = EDGE_CURVE('',#10002,#10002,#10004,.T.);
#10002 = VERTEX_POINT('',#10003);
#10003 = CARTESIAN_POINT('',(135.62,-160.886,1.51));
#10004 = CIRCLE('',#10005,0.4);
#10005 = AXIS2_PLACEMENT_3D('',#10006,#10007,#10008);
#10006 = CARTESIAN_POINT('',(135.62,-160.486,1.51));
#10007 = DIRECTION('',(-0.,0.,-1.));
#10008 = DIRECTION('',(-0.,-1.,0.));
#10009 = FACE_BOUND('',#10010,.T.);
#10010 = EDGE_LOOP('',(#10011));
#10011 = ORIENTED_EDGE('',*,*,#10012,.T.);
#10012 = EDGE_CURVE('',#10013,#10013,#10015,.T.);
#10013 = VERTEX_POINT('',#10014);
#10014 = CARTESIAN_POINT('',(137.62,-160.886,1.51));
#10015 = CIRCLE('',#10016,0.4);
#10016 = AXIS2_PLACEMENT_3D('',#10017,#10018,#10019);
#10017 = CARTESIAN_POINT('',(137.62,-160.486,1.51));
#10018 = DIRECTION('',(-0.,0.,-1.));
#10019 = DIRECTION('',(-0.,-1.,0.));
#10020 = FACE_BOUND('',#10021,.T.);
#10021 = EDGE_LOOP('',(#10022));
#10022 = ORIENTED_EDGE('',*,*,#10023,.T.);
#10023 = EDGE_CURVE('',#10024,#10024,#10026,.T.);
#10024 = VERTEX_POINT('',#10025);
#10025 = CARTESIAN_POINT('',(139.62,-160.886,1.51));
#10026 = CIRCLE('',#10027,0.4);
#10027 = AXIS2_PLACEMENT_3D('',#10028,#10029,#10030);
#10028 = CARTESIAN_POINT('',(139.62,-160.486,1.51));
#10029 = DIRECTION('',(-0.,0.,-1.));
#10030 = DIRECTION('',(-0.,-1.,0.));
#10031 = FACE_BOUND('',#10032,.T.);
#10032 = EDGE_LOOP('',(#10033));
#10033 = ORIENTED_EDGE('',*,*,#10034,.T.);
#10034 = EDGE_CURVE('',#10035,#10035,#10037,.T.);
#10035 = VERTEX_POINT('',#10036);
#10036 = CARTESIAN_POINT('',(144.812,-161.986,1.51));
#10037 = CIRCLE('',#10038,0.4);
#10038 = AXIS2_PLACEMENT_3D('',#10039,#10040,#10041);
#10039 = CARTESIAN_POINT('',(144.812,-161.586,1.51));
#10040 = DIRECTION('',(-0.,0.,-1.));
#10041 = DIRECTION('',(-0.,-1.,0.));
#10042 = FACE_BOUND('',#10043,.T.);
#10043 = EDGE_LOOP('',(#10044));
#10044 = ORIENTED_EDGE('',*,*,#10045,.T.);
#10045 = EDGE_CURVE('',#10046,#10046,#10048,.T.);
#10046 = VERTEX_POINT('',#10047);
#10047 = CARTESIAN_POINT('',(146.812,-161.986,1.51));
#10048 = CIRCLE('',#10049,0.4);
#10049 = AXIS2_PLACEMENT_3D('',#10050,#10051,#10052);
#10050 = CARTESIAN_POINT('',(146.812,-161.586,1.51));
#10051 = DIRECTION('',(-0.,0.,-1.));
#10052 = DIRECTION('',(-0.,-1.,0.));
#10053 = FACE_BOUND('',#10054,.T.);
#10054 = EDGE_LOOP('',(#10055));
#10055 = ORIENTED_EDGE('',*,*,#10056,.T.);
#10056 = EDGE_CURVE('',#10057,#10057,#10059,.T.);
#10057 = VERTEX_POINT('',#10058);
#10058 = CARTESIAN_POINT('',(148.812,-161.986,1.51));
#10059 = CIRCLE('',#10060,0.4);
#10060 = AXIS2_PLACEMENT_3D('',#10061,#10062,#10063);
#10061 = CARTESIAN_POINT('',(148.812,-161.586,1.51));
#10062 = DIRECTION('',(-0.,0.,-1.));
#10063 = DIRECTION('',(-0.,-1.,0.));
#10064 = FACE_BOUND('',#10065,.T.);
#10065 = EDGE_LOOP('',(#10066));
#10066 = ORIENTED_EDGE('',*,*,#10067,.T.);
#10067 = EDGE_CURVE('',#10068,#10068,#10070,.T.);
#10068 = VERTEX_POINT('',#10069);
#10069 = CARTESIAN_POINT('',(167.132,-168.268,1.51));
#10070 = CIRCLE('',#10071,1.6);
#10071 = AXIS2_PLACEMENT_3D('',#10072,#10073,#10074);
#10072 = CARTESIAN_POINT('',(167.132,-166.668,1.51));
#10073 = DIRECTION('',(-0.,0.,-1.));
#10074 = DIRECTION('',(-0.,-1.,0.));
#10075 = FACE_BOUND('',#10076,.T.);
#10076 = EDGE_LOOP('',(#10077));
#10077 = ORIENTED_EDGE('',*,*,#10078,.T.);
#10078 = EDGE_CURVE('',#10079,#10079,#10081,.T.);
#10079 = VERTEX_POINT('',#10080);
#10080 = CARTESIAN_POINT('',(121.92,-141.734,1.51));
#10081 = CIRCLE('',#10082,0.51);
#10082 = AXIS2_PLACEMENT_3D('',#10083,#10084,#10085);
#10083 = CARTESIAN_POINT('',(121.92,-141.224,1.51));
#10084 = DIRECTION('',(-0.,0.,-1.));
#10085 = DIRECTION('',(-0.,-1.,0.));
#10086 = FACE_BOUND('',#10087,.T.);
#10087 = EDGE_LOOP('',(#10088));
#10088 = ORIENTED_EDGE('',*,*,#10089,.T.);
#10089 = EDGE_CURVE('',#10090,#10090,#10092,.T.);
#10090 = VERTEX_POINT('',#10091);
#10091 = CARTESIAN_POINT('',(124.46,-141.734,1.51));
#10092 = CIRCLE('',#10093,0.51);
#10093 = AXIS2_PLACEMENT_3D('',#10094,#10095,#10096);
#10094 = CARTESIAN_POINT('',(124.46,-141.224,1.51));
#10095 = DIRECTION('',(-0.,0.,-1.));
#10096 = DIRECTION('',(-2.78644210102E-14,-1.,0.));
#10097 = FACE_BOUND('',#10098,.T.);
#10098 = EDGE_LOOP('',(#10099));
#10099 = ORIENTED_EDGE('',*,*,#10100,.T.);
#10100 = EDGE_CURVE('',#10101,#10101,#10103,.T.);
#10101 = VERTEX_POINT('',#10102);
#10102 = CARTESIAN_POINT('',(127.,-141.734,1.51));
#10103 = CIRCLE('',#10104,0.51);
#10104 = AXIS2_PLACEMENT_3D('',#10105,#10106,#10107);
#10105 = CARTESIAN_POINT('',(127.,-141.224,1.51));
#10106 = DIRECTION('',(-0.,0.,-1.));
#10107 = DIRECTION('',(-0.,-1.,0.));
#10108 = FACE_BOUND('',#10109,.T.);
#10109 = EDGE_LOOP('',(#10110));
#10110 = ORIENTED_EDGE('',*,*,#10111,.T.);
#10111 = EDGE_CURVE('',#10112,#10112,#10114,.T.);
#10112 = VERTEX_POINT('',#10113);
#10113 = CARTESIAN_POINT('',(129.54,-141.734,1.51));
#10114 = CIRCLE('',#10115,0.51);
#10115 = AXIS2_PLACEMENT_3D('',#10116,#10117,#10118);
#10116 = CARTESIAN_POINT('',(129.54,-141.224,1.51));
#10117 = DIRECTION('',(-0.,0.,-1.));
#10118 = DIRECTION('',(-5.57288420204E-14,-1.,0.));
#10119 = FACE_BOUND('',#10120,.T.);
#10120 = EDGE_LOOP('',(#10121));
#10121 = ORIENTED_EDGE('',*,*,#10122,.T.);
#10122 = EDGE_CURVE('',#10123,#10123,#10125,.T.);
#10123 = VERTEX_POINT('',#10124);
#10124 = CARTESIAN_POINT('',(132.08,-141.734,1.51));
#10125 = CIRCLE('',#10126,0.51);
#10126 = AXIS2_PLACEMENT_3D('',#10127,#10128,#10129);
#10127 = CARTESIAN_POINT('',(132.08,-141.224,1.51));
#10128 = DIRECTION('',(-0.,0.,-1.));
#10129 = DIRECTION('',(5.57288420204E-14,-1.,-0.));
#10130 = FACE_BOUND('',#10131,.T.);
#10131 = EDGE_LOOP('',(#10132));
#10132 = ORIENTED_EDGE('',*,*,#10133,.T.);
#10133 = EDGE_CURVE('',#10134,#10134,#10136,.T.);
#10134 = VERTEX_POINT('',#10135);
#10135 = CARTESIAN_POINT('',(134.62,-141.734,1.51));
#10136 = CIRCLE('',#10137,0.51);
#10137 = AXIS2_PLACEMENT_3D('',#10138,#10139,#10140);
#10138 = CARTESIAN_POINT('',(134.62,-141.224,1.51));
#10139 = DIRECTION('',(-0.,0.,-1.));
#10140 = DIRECTION('',(-0.,-1.,0.));
#10141 = FACE_BOUND('',#10142,.T.);
#10142 = EDGE_LOOP('',(#10143));
#10143 = ORIENTED_EDGE('',*,*,#10144,.T.);
#10144 = EDGE_CURVE('',#10145,#10145,#10147,.T.);
#10145 = VERTEX_POINT('',#10146);
#10146 = CARTESIAN_POINT('',(137.16,-141.734,1.51));
#10147 = CIRCLE('',#10148,0.51);
#10148 = AXIS2_PLACEMENT_3D('',#10149,#10150,#10151);
#10149 = CARTESIAN_POINT('',(137.16,-141.224,1.51));
#10150 = DIRECTION('',(-0.,0.,-1.));
#10151 = DIRECTION('',(-0.,-1.,0.));
#10152 = FACE_BOUND('',#10153,.T.);
#10153 = EDGE_LOOP('',(#10154));
#10154 = ORIENTED_EDGE('',*,*,#10155,.T.);
#10155 = EDGE_CURVE('',#10156,#10156,#10158,.T.);
#10156 = VERTEX_POINT('',#10157);
#10157 = CARTESIAN_POINT('',(139.7,-141.734,1.51));
#10158 = CIRCLE('',#10159,0.51);
#10159 = AXIS2_PLACEMENT_3D('',#10160,#10161,#10162);
#10160 = CARTESIAN_POINT('',(139.7,-141.224,1.51));
#10161 = DIRECTION('',(-0.,0.,-1.));
#10162 = DIRECTION('',(-0.,-1.,0.));
#10163 = FACE_BOUND('',#10164,.T.);
#10164 = EDGE_LOOP('',(#10165));
#10165 = ORIENTED_EDGE('',*,*,#10166,.T.);
#10166 = EDGE_CURVE('',#10167,#10167,#10169,.T.);
#10167 = VERTEX_POINT('',#10168);
#10168 = CARTESIAN_POINT('',(142.24,-141.734,1.51));
#10169 = CIRCLE('',#10170,0.51);
#10170 = AXIS2_PLACEMENT_3D('',#10171,#10172,#10173);
#10171 = CARTESIAN_POINT('',(142.24,-141.224,1.51));
#10172 = DIRECTION('',(-0.,0.,-1.));
#10173 = DIRECTION('',(-0.,-1.,0.));
#10174 = FACE_BOUND('',#10175,.T.);
#10175 = EDGE_LOOP('',(#10176));
#10176 = ORIENTED_EDGE('',*,*,#10177,.T.);
#10177 = EDGE_CURVE('',#10178,#10178,#10180,.T.);
#10178 = VERTEX_POINT('',#10179);
#10179 = CARTESIAN_POINT('',(144.78,-141.734,1.51));
#10180 = CIRCLE('',#10181,0.51);
#10181 = AXIS2_PLACEMENT_3D('',#10182,#10183,#10184);
#10182 = CARTESIAN_POINT('',(144.78,-141.224,1.51));
#10183 = DIRECTION('',(-0.,0.,-1.));
#10184 = DIRECTION('',(-0.,-1.,0.));
#10185 = FACE_BOUND('',#10186,.T.);
#10186 = EDGE_LOOP('',(#10187));
#10187 = ORIENTED_EDGE('',*,*,#10188,.T.);
#10188 = EDGE_CURVE('',#10189,#10189,#10191,.T.);
#10189 = VERTEX_POINT('',#10190);
#10190 = CARTESIAN_POINT('',(147.32,-141.734,1.51));
#10191 = CIRCLE('',#10192,0.51);
#10192 = AXIS2_PLACEMENT_3D('',#10193,#10194,#10195);
#10193 = CARTESIAN_POINT('',(147.32,-141.224,1.51));
#10194 = DIRECTION('',(-0.,0.,-1.));
#10195 = DIRECTION('',(-0.,-1.,0.));
#10196 = FACE_BOUND('',#10197,.T.);
#10197 = EDGE_LOOP('',(#10198));
#10198 = ORIENTED_EDGE('',*,*,#10199,.T.);
#10199 = EDGE_CURVE('',#10200,#10200,#10202,.T.);
#10200 = VERTEX_POINT('',#10201);
#10201 = CARTESIAN_POINT('',(149.86,-141.734,1.51));
#10202 = CIRCLE('',#10203,0.51);
#10203 = AXIS2_PLACEMENT_3D('',#10204,#10205,#10206);
#10204 = CARTESIAN_POINT('',(149.86,-141.224,1.51));
#10205 = DIRECTION('',(-0.,0.,-1.));
#10206 = DIRECTION('',(-0.,-1.,0.));
#10207 = FACE_BOUND('',#10208,.T.);
#10208 = EDGE_LOOP('',(#10209));
#10209 = ORIENTED_EDGE('',*,*,#10210,.T.);
#10210 = EDGE_CURVE('',#10211,#10211,#10213,.T.);
#10211 = VERTEX_POINT('',#10212);
#10212 = CARTESIAN_POINT('',(152.4,-141.734,1.51));
#10213 = CIRCLE('',#10214,0.51);
#10214 = AXIS2_PLACEMENT_3D('',#10215,#10216,#10217);
#10215 = CARTESIAN_POINT('',(152.4,-141.224,1.51));
#10216 = DIRECTION('',(-0.,0.,-1.));
#10217 = DIRECTION('',(5.57288420204E-14,-1.,-0.));
#10218 = FACE_BOUND('',#10219,.T.);
#10219 = EDGE_LOOP('',(#10220));
#10220 = ORIENTED_EDGE('',*,*,#10221,.T.);
#10221 = EDGE_CURVE('',#10222,#10222,#10224,.T.);
#10222 = VERTEX_POINT('',#10223);
#10223 = CARTESIAN_POINT('',(154.94,-141.734,1.51));
#10224 = CIRCLE('',#10225,0.51);
#10225 = AXIS2_PLACEMENT_3D('',#10226,#10227,#10228);
#10226 = CARTESIAN_POINT('',(154.94,-141.224,1.51));
#10227 = DIRECTION('',(-0.,0.,-1.));
#10228 = DIRECTION('',(-0.,-1.,0.));
#10229 = FACE_BOUND('',#10230,.T.);
#10230 = EDGE_LOOP('',(#10231));
#10231 = ORIENTED_EDGE('',*,*,#10232,.T.);
#10232 = EDGE_CURVE('',#10233,#10233,#10235,.T.);
#10233 = VERTEX_POINT('',#10234);
#10234 = CARTESIAN_POINT('',(157.48,-141.734,1.51));
#10235 = CIRCLE('',#10236,0.51);
#10236 = AXIS2_PLACEMENT_3D('',#10237,#10238,#10239);
#10237 = CARTESIAN_POINT('',(157.48,-141.224,1.51));
#10238 = DIRECTION('',(-0.,0.,-1.));
#10239 = DIRECTION('',(-5.57288420204E-14,-1.,0.));
#10240 = FACE_BOUND('',#10241,.T.);
#10241 = EDGE_LOOP('',(#10242));
#10242 = ORIENTED_EDGE('',*,*,#10243,.T.);
#10243 = EDGE_CURVE('',#10244,#10244,#10246,.T.);
#10244 = VERTEX_POINT('',#10245);
#10245 = CARTESIAN_POINT('',(160.02,-141.734,1.51));
#10246 = CIRCLE('',#10247,0.51);
#10247 = AXIS2_PLACEMENT_3D('',#10248,#10249,#10250);
#10248 = CARTESIAN_POINT('',(160.02,-141.224,1.51));
#10249 = DIRECTION('',(-0.,0.,-1.));
#10250 = DIRECTION('',(5.57288420204E-14,-1.,-0.));
#10251 = FACE_BOUND('',#10252,.T.);
#10252 = EDGE_LOOP('',(#10253));
#10253 = ORIENTED_EDGE('',*,*,#10254,.T.);
#10254 = EDGE_CURVE('',#10255,#10255,#10257,.T.);
#10255 = VERTEX_POINT('',#10256);
#10256 = CARTESIAN_POINT('',(85.852,-120.493,1.51));
#10257 = CIRCLE('',#10258,0.605);
#10258 = AXIS2_PLACEMENT_3D('',#10259,#10260,#10261);
#10259 = CARTESIAN_POINT('',(85.852,-119.888,1.51));
#10260 = DIRECTION('',(-0.,0.,-1.));
#10261 = DIRECTION('',(-0.,-1.,0.));
#10262 = FACE_BOUND('',#10263,.T.);
#10263 = EDGE_LOOP('',(#10264));
#10264 = ORIENTED_EDGE('',*,*,#10265,.T.);
#10265 = EDGE_CURVE('',#10266,#10266,#10268,.T.);
#10266 = VERTEX_POINT('',#10267);
#10267 = CARTESIAN_POINT('',(72.136,-110.268,1.51));
#10268 = CIRCLE('',#10269,1.6);
#10269 = AXIS2_PLACEMENT_3D('',#10270,#10271,#10272);
#10270 = CARTESIAN_POINT('',(72.136,-108.668,1.51));
#10271 = DIRECTION('',(-0.,0.,-1.));
#10272 = DIRECTION('',(-0.,-1.,0.));
#10273 = FACE_BOUND('',#10274,.T.);
#10274 = EDGE_LOOP('',(#10275));
#10275 = ORIENTED_EDGE('',*,*,#10276,.T.);
#10276 = EDGE_CURVE('',#10277,#10277,#10279,.T.);
#10277 = VERTEX_POINT('',#10278);
#10278 = CARTESIAN_POINT('',(106.68,-118.874,1.51));
#10279 = CIRCLE('',#10280,0.51);
#10280 = AXIS2_PLACEMENT_3D('',#10281,#10282,#10283);
#10281 = CARTESIAN_POINT('',(106.68,-118.364,1.51));
#10282 = DIRECTION('',(-0.,0.,-1.));
#10283 = DIRECTION('',(-0.,-1.,0.));
#10284 = FACE_BOUND('',#10285,.T.);
#10285 = EDGE_LOOP('',(#10286));
#10286 = ORIENTED_EDGE('',*,*,#10287,.T.);
#10287 = EDGE_CURVE('',#10288,#10288,#10290,.T.);
#10288 = VERTEX_POINT('',#10289);
#10289 = CARTESIAN_POINT('',(109.22,-118.874,1.51));
#10290 = CIRCLE('',#10291,0.51);
#10291 = AXIS2_PLACEMENT_3D('',#10292,#10293,#10294);
#10292 = CARTESIAN_POINT('',(109.22,-118.364,1.51));
#10293 = DIRECTION('',(-0.,0.,-1.));
#10294 = DIRECTION('',(-0.,-1.,0.));
#10295 = FACE_BOUND('',#10296,.T.);
#10296 = EDGE_LOOP('',(#10297));
#10297 = ORIENTED_EDGE('',*,*,#10298,.T.);
#10298 = EDGE_CURVE('',#10299,#10299,#10301,.T.);
#10299 = VERTEX_POINT('',#10300);
#10300 = CARTESIAN_POINT('',(111.76,-118.874,1.51));
#10301 = CIRCLE('',#10302,0.51);
#10302 = AXIS2_PLACEMENT_3D('',#10303,#10304,#10305);
#10303 = CARTESIAN_POINT('',(111.76,-118.364,1.51));
#10304 = DIRECTION('',(-0.,0.,-1.));
#10305 = DIRECTION('',(2.78644210102E-14,-1.,-0.));
#10306 = FACE_BOUND('',#10307,.T.);
#10307 = EDGE_LOOP('',(#10308));
#10308 = ORIENTED_EDGE('',*,*,#10309,.T.);
#10309 = EDGE_CURVE('',#10310,#10310,#10312,.T.);
#10310 = VERTEX_POINT('',#10311);
#10311 = CARTESIAN_POINT('',(114.3,-118.874,1.51));
#10312 = CIRCLE('',#10313,0.51);
#10313 = AXIS2_PLACEMENT_3D('',#10314,#10315,#10316);
#10314 = CARTESIAN_POINT('',(114.3,-118.364,1.51));
#10315 = DIRECTION('',(-0.,0.,-1.));
#10316 = DIRECTION('',(-2.78644210102E-14,-1.,0.));
#10317 = FACE_BOUND('',#10318,.T.);
#10318 = EDGE_LOOP('',(#10319));
#10319 = ORIENTED_EDGE('',*,*,#10320,.T.);
#10320 = EDGE_CURVE('',#10321,#10321,#10323,.T.);
#10321 = VERTEX_POINT('',#10322);
#10322 = CARTESIAN_POINT('',(116.84,-118.874,1.51));
#10323 = CIRCLE('',#10324,0.51);
#10324 = AXIS2_PLACEMENT_3D('',#10325,#10326,#10327);
#10325 = CARTESIAN_POINT('',(116.84,-118.364,1.51));
#10326 = DIRECTION('',(-0.,0.,-1.));
#10327 = DIRECTION('',(-0.,-1.,0.));
#10328 = FACE_BOUND('',#10329,.T.);
#10329 = EDGE_LOOP('',(#10330));
#10330 = ORIENTED_EDGE('',*,*,#10331,.T.);
#10331 = EDGE_CURVE('',#10332,#10332,#10334,.T.);
#10332 = VERTEX_POINT('',#10333);
#10333 = CARTESIAN_POINT('',(119.38,-118.874,1.51));
#10334 = CIRCLE('',#10335,0.51);
#10335 = AXIS2_PLACEMENT_3D('',#10336,#10337,#10338);
#10336 = CARTESIAN_POINT('',(119.38,-118.364,1.51));
#10337 = DIRECTION('',(-0.,0.,-1.));
#10338 = DIRECTION('',(-0.,-1.,0.));
#10339 = FACE_BOUND('',#10340,.T.);
#10340 = EDGE_LOOP('',(#10341));
#10341 = ORIENTED_EDGE('',*,*,#10342,.T.);
#10342 = EDGE_CURVE('',#10343,#10343,#10345,.T.);
#10343 = VERTEX_POINT('',#10344);
#10344 = CARTESIAN_POINT('',(121.92,-118.874,1.51));
#10345 = CIRCLE('',#10346,0.51);
#10346 = AXIS2_PLACEMENT_3D('',#10347,#10348,#10349);
#10347 = CARTESIAN_POINT('',(121.92,-118.364,1.51));
#10348 = DIRECTION('',(-0.,0.,-1.));
#10349 = DIRECTION('',(-0.,-1.,0.));
#10350 = FACE_BOUND('',#10351,.T.);
#10351 = EDGE_LOOP('',(#10352));
#10352 = ORIENTED_EDGE('',*,*,#10353,.T.);
#10353 = EDGE_CURVE('',#10354,#10354,#10356,.T.);
#10354 = VERTEX_POINT('',#10355);
#10355 = CARTESIAN_POINT('',(124.46,-118.874,1.51));
#10356 = CIRCLE('',#10357,0.51);
#10357 = AXIS2_PLACEMENT_3D('',#10358,#10359,#10360);
#10358 = CARTESIAN_POINT('',(124.46,-118.364,1.51));
#10359 = DIRECTION('',(-0.,0.,-1.));
#10360 = DIRECTION('',(-2.78644210102E-14,-1.,0.));
#10361 = FACE_BOUND('',#10362,.T.);
#10362 = EDGE_LOOP('',(#10363));
#10363 = ORIENTED_EDGE('',*,*,#10364,.T.);
#10364 = EDGE_CURVE('',#10365,#10365,#10367,.T.);
#10365 = VERTEX_POINT('',#10366);
#10366 = CARTESIAN_POINT('',(127.,-118.874,1.51));
#10367 = CIRCLE('',#10368,0.51);
#10368 = AXIS2_PLACEMENT_3D('',#10369,#10370,#10371);
#10369 = CARTESIAN_POINT('',(127.,-118.364,1.51));
#10370 = DIRECTION('',(-0.,0.,-1.));
#10371 = DIRECTION('',(-0.,-1.,0.));
#10372 = FACE_BOUND('',#10373,.T.);
#10373 = EDGE_LOOP('',(#10374));
#10374 = ORIENTED_EDGE('',*,*,#10375,.T.);
#10375 = EDGE_CURVE('',#10376,#10376,#10378,.T.);
#10376 = VERTEX_POINT('',#10377);
#10377 = CARTESIAN_POINT('',(129.54,-118.874,1.51));
#10378 = CIRCLE('',#10379,0.51);
#10379 = AXIS2_PLACEMENT_3D('',#10380,#10381,#10382);
#10380 = CARTESIAN_POINT('',(129.54,-118.364,1.51));
#10381 = DIRECTION('',(-0.,0.,-1.));
#10382 = DIRECTION('',(-5.57288420204E-14,-1.,0.));
#10383 = FACE_BOUND('',#10384,.T.);
#10384 = EDGE_LOOP('',(#10385));
#10385 = ORIENTED_EDGE('',*,*,#10386,.T.);
#10386 = EDGE_CURVE('',#10387,#10387,#10389,.T.);
#10387 = VERTEX_POINT('',#10388);
#10388 = CARTESIAN_POINT('',(132.08,-118.874,1.51));
#10389 = CIRCLE('',#10390,0.51);
#10390 = AXIS2_PLACEMENT_3D('',#10391,#10392,#10393);
#10391 = CARTESIAN_POINT('',(132.08,-118.364,1.51));
#10392 = DIRECTION('',(-0.,0.,-1.));
#10393 = DIRECTION('',(5.57288420204E-14,-1.,-0.));
#10394 = FACE_BOUND('',#10395,.T.);
#10395 = EDGE_LOOP('',(#10396));
#10396 = ORIENTED_EDGE('',*,*,#10397,.T.);
#10397 = EDGE_CURVE('',#10398,#10398,#10400,.T.);
#10398 = VERTEX_POINT('',#10399);
#10399 = CARTESIAN_POINT('',(134.62,-118.874,1.51));
#10400 = CIRCLE('',#10401,0.51);
#10401 = AXIS2_PLACEMENT_3D('',#10402,#10403,#10404);
#10402 = CARTESIAN_POINT('',(134.62,-118.364,1.51));
#10403 = DIRECTION('',(-0.,0.,-1.));
#10404 = DIRECTION('',(-0.,-1.,0.));
#10405 = FACE_BOUND('',#10406,.T.);
#10406 = EDGE_LOOP('',(#10407));
#10407 = ORIENTED_EDGE('',*,*,#10408,.T.);
#10408 = EDGE_CURVE('',#10409,#10409,#10411,.T.);
#10409 = VERTEX_POINT('',#10410);
#10410 = CARTESIAN_POINT('',(137.16,-118.874,1.51));
#10411 = CIRCLE('',#10412,0.51);
#10412 = AXIS2_PLACEMENT_3D('',#10413,#10414,#10415);
#10413 = CARTESIAN_POINT('',(137.16,-118.364,1.51));
#10414 = DIRECTION('',(-0.,0.,-1.));
#10415 = DIRECTION('',(-0.,-1.,0.));
#10416 = FACE_BOUND('',#10417,.T.);
#10417 = EDGE_LOOP('',(#10418));
#10418 = ORIENTED_EDGE('',*,*,#10419,.T.);
#10419 = EDGE_CURVE('',#10420,#10420,#10422,.T.);
#10420 = VERTEX_POINT('',#10421);
#10421 = CARTESIAN_POINT('',(139.7,-118.874,1.51));
#10422 = CIRCLE('',#10423,0.51);
#10423 = AXIS2_PLACEMENT_3D('',#10424,#10425,#10426);
#10424 = CARTESIAN_POINT('',(139.7,-118.364,1.51));
#10425 = DIRECTION('',(-0.,0.,-1.));
#10426 = DIRECTION('',(-0.,-1.,0.));
#10427 = FACE_BOUND('',#10428,.T.);
#10428 = EDGE_LOOP('',(#10429));
#10429 = ORIENTED_EDGE('',*,*,#10430,.T.);
#10430 = EDGE_CURVE('',#10431,#10431,#10433,.T.);
#10431 = VERTEX_POINT('',#10432);
#10432 = CARTESIAN_POINT('',(142.24,-118.874,1.51));
#10433 = CIRCLE('',#10434,0.51);
#10434 = AXIS2_PLACEMENT_3D('',#10435,#10436,#10437);
#10435 = CARTESIAN_POINT('',(142.24,-118.364,1.51));
#10436 = DIRECTION('',(-0.,0.,-1.));
#10437 = DIRECTION('',(-0.,-1.,0.));
#10438 = FACE_BOUND('',#10439,.T.);
#10439 = EDGE_LOOP('',(#10440));
#10440 = ORIENTED_EDGE('',*,*,#10441,.T.);
#10441 = EDGE_CURVE('',#10442,#10442,#10444,.T.);
#10442 = VERTEX_POINT('',#10443);
#10443 = CARTESIAN_POINT('',(144.78,-118.874,1.51));
#10444 = CIRCLE('',#10445,0.51);
#10445 = AXIS2_PLACEMENT_3D('',#10446,#10447,#10448);
#10446 = CARTESIAN_POINT('',(144.78,-118.364,1.51));
#10447 = DIRECTION('',(-0.,0.,-1.));
#10448 = DIRECTION('',(-0.,-1.,0.));
#10449 = FACE_BOUND('',#10450,.T.);
#10450 = EDGE_LOOP('',(#10451));
#10451 = ORIENTED_EDGE('',*,*,#10452,.T.);
#10452 = EDGE_CURVE('',#10453,#10453,#10455,.T.);
#10453 = VERTEX_POINT('',#10454);
#10454 = CARTESIAN_POINT('',(147.32,-118.874,1.51));
#10455 = CIRCLE('',#10456,0.51);
#10456 = AXIS2_PLACEMENT_3D('',#10457,#10458,#10459);
#10457 = CARTESIAN_POINT('',(147.32,-118.364,1.51));
#10458 = DIRECTION('',(-0.,0.,-1.));
#10459 = DIRECTION('',(-0.,-1.,0.));
#10460 = FACE_BOUND('',#10461,.T.);
#10461 = EDGE_LOOP('',(#10462));
#10462 = ORIENTED_EDGE('',*,*,#10463,.T.);
#10463 = EDGE_CURVE('',#10464,#10464,#10466,.T.);
#10464 = VERTEX_POINT('',#10465);
#10465 = CARTESIAN_POINT('',(149.86,-118.874,1.51));
#10466 = CIRCLE('',#10467,0.51);
#10467 = AXIS2_PLACEMENT_3D('',#10468,#10469,#10470);
#10468 = CARTESIAN_POINT('',(149.86,-118.364,1.51));
#10469 = DIRECTION('',(-0.,0.,-1.));
#10470 = DIRECTION('',(-0.,-1.,0.));
#10471 = FACE_BOUND('',#10472,.T.);
#10472 = EDGE_LOOP('',(#10473));
#10473 = ORIENTED_EDGE('',*,*,#10474,.T.);
#10474 = EDGE_CURVE('',#10475,#10475,#10477,.T.);
#10475 = VERTEX_POINT('',#10476);
#10476 = CARTESIAN_POINT('',(152.4,-118.874,1.51));
#10477 = CIRCLE('',#10478,0.51);
#10478 = AXIS2_PLACEMENT_3D('',#10479,#10480,#10481);
#10479 = CARTESIAN_POINT('',(152.4,-118.364,1.51));
#10480 = DIRECTION('',(-0.,0.,-1.));
#10481 = DIRECTION('',(5.57288420204E-14,-1.,-0.));
#10482 = FACE_BOUND('',#10483,.T.);
#10483 = EDGE_LOOP('',(#10484));
#10484 = ORIENTED_EDGE('',*,*,#10485,.T.);
#10485 = EDGE_CURVE('',#10486,#10486,#10488,.T.);
#10486 = VERTEX_POINT('',#10487);
#10487 = CARTESIAN_POINT('',(154.94,-118.874,1.51));
#10488 = CIRCLE('',#10489,0.51);
#10489 = AXIS2_PLACEMENT_3D('',#10490,#10491,#10492);
#10490 = CARTESIAN_POINT('',(154.94,-118.364,1.51));
#10491 = DIRECTION('',(-0.,0.,-1.));
#10492 = DIRECTION('',(-0.,-1.,0.));
#10493 = FACE_BOUND('',#10494,.T.);
#10494 = EDGE_LOOP('',(#10495));
#10495 = ORIENTED_EDGE('',*,*,#10496,.T.);
#10496 = EDGE_CURVE('',#10497,#10497,#10499,.T.);
#10497 = VERTEX_POINT('',#10498);
#10498 = CARTESIAN_POINT('',(157.48,-118.874,1.51));
#10499 = CIRCLE('',#10500,0.51);
#10500 = AXIS2_PLACEMENT_3D('',#10501,#10502,#10503);
#10501 = CARTESIAN_POINT('',(157.48,-118.364,1.51));
#10502 = DIRECTION('',(-0.,0.,-1.));
#10503 = DIRECTION('',(-5.57288420204E-14,-1.,0.));
#10504 = FACE_BOUND('',#10505,.T.);
#10505 = EDGE_LOOP('',(#10506));
#10506 = ORIENTED_EDGE('',*,*,#10507,.T.);
#10507 = EDGE_CURVE('',#10508,#10508,#10510,.T.);
#10508 = VERTEX_POINT('',#10509);
#10509 = CARTESIAN_POINT('',(160.02,-118.874,1.51));
#10510 = CIRCLE('',#10511,0.51);
#10511 = AXIS2_PLACEMENT_3D('',#10512,#10513,#10514);
#10512 = CARTESIAN_POINT('',(160.02,-118.364,1.51));
#10513 = DIRECTION('',(-0.,0.,-1.));
#10514 = DIRECTION('',(5.57288420204E-14,-1.,-0.));
#10515 = FACE_BOUND('',#10516,.T.);
#10516 = EDGE_LOOP('',(#10517));
#10517 = ORIENTED_EDGE('',*,*,#10518,.T.);
#10518 = EDGE_CURVE('',#10519,#10519,#10521,.T.);
#10519 = VERTEX_POINT('',#10520);
#10520 = CARTESIAN_POINT('',(167.136,-110.312,1.51));
#10521 = CIRCLE('',#10522,1.6);
#10522 = AXIS2_PLACEMENT_3D('',#10523,#10524,#10525);
#10523 = CARTESIAN_POINT('',(167.136,-108.712,1.51));
#10524 = DIRECTION('',(-0.,0.,-1.));
#10525 = DIRECTION('',(-0.,-1.,0.));
#10526 = PLANE('',#10527);
#10527 = AXIS2_PLACEMENT_3D('',#10528,#10529,#10530);
#10528 = CARTESIAN_POINT('',(0.,0.,1.51));
#10529 = DIRECTION('',(0.,0.,1.));
#10530 = DIRECTION('',(1.,0.,-0.));
#10531 = ADVANCED_FACE('',(#10532),#10543,.T.);
#10532 = FACE_BOUND('',#10533,.T.);
#10533 = EDGE_LOOP('',(#10534,#10540,#10541,#10542));
#10534 = ORIENTED_EDGE('',*,*,#10535,.T.);
#10535 = EDGE_CURVE('',#8434,#9486,#10536,.T.);
#10536 = LINE('',#10537,#10538);
#10537 = CARTESIAN_POINT('',(67.409828,-105.14,0.));
#10538 = VECTOR('',#10539,1.);
#10539 = DIRECTION('',(0.,0.,1.));
#10540 = ORIENTED_EDGE('',*,*,#9485,.T.);
#10541 = ORIENTED_EDGE('',*,*,#8369,.F.);
#10542 = ORIENTED_EDGE('',*,*,#8433,.F.);
#10543 = CYLINDRICAL_SURFACE('',#10544,0.999999252925);
#10544 = AXIS2_PLACEMENT_3D('',#10545,#10546,#10547);
#10545 = CARTESIAN_POINT('',(68.409827252925,-105.1399992529,0.));
#10546 = DIRECTION('',(0.,0.,-1.));
#10547 = DIRECTION('',(-1.,-7.470757349539E-07,-0.));
#10548 = ADVANCED_FACE('',(#10549),#10560,.T.);
#10549 = FACE_BOUND('',#10550,.T.);
#10550 = EDGE_LOOP('',(#10551,#10552,#10553,#10559));
#10551 = ORIENTED_EDGE('',*,*,#8409,.T.);
#10552 = ORIENTED_EDGE('',*,*,#9519,.T.);
#10553 = ORIENTED_EDGE('',*,*,#10554,.F.);
#10554 = EDGE_CURVE('',#8460,#9512,#10555,.T.);
#10555 = LINE('',#10556,#10557);
#10556 = CARTESIAN_POINT('',(170.549828,-171.196,0.));
#10557 = VECTOR('',#10558,1.);
#10558 = DIRECTION('',(0.,0.,1.));
#10559 = ORIENTED_EDGE('',*,*,#8467,.F.);
#10560 = CYLINDRICAL_SURFACE('',#10561,0.999980475351);
#10561 = AXIS2_PLACEMENT_3D('',#10562,#10563,#10564);
#10562 = CARTESIAN_POINT('',(170.54984752483,-170.1960195248,0.));
#10563 = DIRECTION('',(0.,0.,-1.));
#10564 = DIRECTION('',(0.999999999809,1.952522038363E-05,0.));
#10565 = ADVANCED_FACE('',(#10566),#10577,.T.);
#10566 = FACE_BOUND('',#10567,.T.);
#10567 = EDGE_LOOP('',(#10568,#10574,#10575,#10576));
#10568 = ORIENTED_EDGE('',*,*,#10569,.T.);
#10569 = EDGE_CURVE('',#8443,#9495,#10570,.T.);
#10570 = LINE('',#10571,#10572);
#10571 = CARTESIAN_POINT('',(67.409828,-170.196,0.));
#10572 = VECTOR('',#10573,1.);
#10573 = DIRECTION('',(0.,0.,1.));
#10574 = ORIENTED_EDGE('',*,*,#9494,.T.);
#10575 = ORIENTED_EDGE('',*,*,#10535,.F.);
#10576 = ORIENTED_EDGE('',*,*,#8442,.F.);
#10577 = PLANE('',#10578);
#10578 = AXIS2_PLACEMENT_3D('',#10579,#10580,#10581);
#10579 = CARTESIAN_POINT('',(67.409828,-170.196,0.));
#10580 = DIRECTION('',(-1.,0.,0.));
#10581 = DIRECTION('',(0.,1.,0.));
#10582 = ADVANCED_FACE('',(#10583),#10594,.T.);
#10583 = FACE_BOUND('',#10584,.T.);
#10584 = EDGE_LOOP('',(#10585,#10586,#10587,#10593));
#10585 = ORIENTED_EDGE('',*,*,#10554,.T.);
#10586 = ORIENTED_EDGE('',*,*,#9511,.T.);
#10587 = ORIENTED_EDGE('',*,*,#10588,.F.);
#10588 = EDGE_CURVE('',#8451,#9503,#10589,.T.);
#10589 = LINE('',#10590,#10591);
#10590 = CARTESIAN_POINT('',(68.409828,-171.196,0.));
#10591 = VECTOR('',#10592,1.);
#10592 = DIRECTION('',(0.,0.,1.));
#10593 = ORIENTED_EDGE('',*,*,#8459,.F.);
#10594 = PLANE('',#10595);
#10595 = AXIS2_PLACEMENT_3D('',#10596,#10597,#10598);
#10596 = CARTESIAN_POINT('',(170.549828,-171.196,0.));
#10597 = DIRECTION('',(0.,-1.,0.));
#10598 = DIRECTION('',(-1.,0.,0.));
#10599 = ADVANCED_FACE('',(#10600),#10606,.T.);
#10600 = FACE_BOUND('',#10601,.T.);
#10601 = EDGE_LOOP('',(#10602,#10603,#10604,#10605));
#10602 = ORIENTED_EDGE('',*,*,#10588,.T.);
#10603 = ORIENTED_EDGE('',*,*,#9502,.T.);
#10604 = ORIENTED_EDGE('',*,*,#10569,.F.);
#10605 = ORIENTED_EDGE('',*,*,#8450,.F.);
#10606 = CYLINDRICAL_SURFACE('',#10607,0.999999252925);
#10607 = AXIS2_PLACEMENT_3D('',#10608,#10609,#10610);
#10608 = CARTESIAN_POINT('',(68.409827252925,-170.196000747,0.));
#10609 = DIRECTION('',(0.,0.,-1.));
#10610 = DIRECTION('',(7.470757633756E-07,-1.,0.));
#10611 = ADVANCED_FACE('',(#10612),#10623,.F.);
#10612 = FACE_BOUND('',#10613,.T.);
#10613 = EDGE_LOOP('',(#10614,#10615,#10621,#10622));
#10614 = ORIENTED_EDGE('',*,*,#8477,.T.);
#10615 = ORIENTED_EDGE('',*,*,#10616,.T.);
#10616 = EDGE_CURVE('',#8478,#9530,#10617,.T.);
#10617 = LINE('',#10618,#10619);
#10618 = CARTESIAN_POINT('',(72.136,-168.268,-4.6E-02));
#10619 = VECTOR('',#10620,1.);
#10620 = DIRECTION('',(0.,0.,1.));
#10621 = ORIENTED_EDGE('',*,*,#9529,.F.);
#10622 = ORIENTED_EDGE('',*,*,#10616,.F.);
#10623 = CYLINDRICAL_SURFACE('',#10624,1.6);
#10624 = AXIS2_PLACEMENT_3D('',#10625,#10626,#10627);
#10625 = CARTESIAN_POINT('',(72.136,-166.668,-4.6E-02));
#10626 = DIRECTION('',(-0.,-0.,-1.));
#10627 = DIRECTION('',(-0.,-1.,0.));
#10628 = ADVANCED_FACE('',(#10629),#10640,.F.);
#10629 = FACE_BOUND('',#10630,.T.);
#10630 = EDGE_LOOP('',(#10631,#10632,#10638,#10639));
#10631 = ORIENTED_EDGE('',*,*,#8488,.T.);
#10632 = ORIENTED_EDGE('',*,*,#10633,.T.);
#10633 = EDGE_CURVE('',#8489,#9541,#10634,.T.);
#10634 = LINE('',#10635,#10636);
#10635 = CARTESIAN_POINT('',(77.93,-167.882,-4.6E-02));
#10636 = VECTOR('',#10637,1.);
#10637 = DIRECTION('',(0.,0.,1.));
#10638 = ORIENTED_EDGE('',*,*,#9540,.F.);
#10639 = ORIENTED_EDGE('',*,*,#10633,.F.);
#10640 = CYLINDRICAL_SURFACE('',#10641,0.75);
#10641 = AXIS2_PLACEMENT_3D('',#10642,#10643,#10644);
#10642 = CARTESIAN_POINT('',(77.93,-167.132,-4.6E-02));
#10643 = DIRECTION('',(-0.,-0.,-1.));
#10644 = DIRECTION('',(-0.,-1.,0.));
#10645 = ADVANCED_FACE('',(#10646),#10657,.F.);
#10646 = FACE_BOUND('',#10647,.T.);
#10647 = EDGE_LOOP('',(#10648,#10649,#10655,#10656));
#10648 = ORIENTED_EDGE('',*,*,#8499,.T.);
#10649 = ORIENTED_EDGE('',*,*,#10650,.T.);
#10650 = EDGE_CURVE('',#8500,#9552,#10651,.T.);
#10651 = LINE('',#10652,#10653);
#10652 = CARTESIAN_POINT('',(80.78,-167.532,-4.6E-02));
#10653 = VECTOR('',#10654,1.);
#10654 = DIRECTION('',(0.,0.,1.));
#10655 = ORIENTED_EDGE('',*,*,#9551,.F.);
#10656 = ORIENTED_EDGE('',*,*,#10650,.F.);
#10657 = CYLINDRICAL_SURFACE('',#10658,0.4);
#10658 = AXIS2_PLACEMENT_3D('',#10659,#10660,#10661);
#10659 = CARTESIAN_POINT('',(80.78,-167.132,-4.6E-02));
#10660 = DIRECTION('',(-0.,-0.,-1.));
#10661 = DIRECTION('',(-0.,-1.,0.));
#10662 = ADVANCED_FACE('',(#10663),#10674,.F.);
#10663 = FACE_BOUND('',#10664,.T.);
#10664 = EDGE_LOOP('',(#10665,#10666,#10672,#10673));
#10665 = ORIENTED_EDGE('',*,*,#8510,.T.);
#10666 = ORIENTED_EDGE('',*,*,#10667,.T.);
#10667 = EDGE_CURVE('',#8511,#9563,#10668,.T.);
#10668 = LINE('',#10669,#10670);
#10669 = CARTESIAN_POINT('',(82.78,-167.532,-4.6E-02));
#10670 = VECTOR('',#10671,1.);
#10671 = DIRECTION('',(0.,0.,1.));
#10672 = ORIENTED_EDGE('',*,*,#9562,.F.);
#10673 = ORIENTED_EDGE('',*,*,#10667,.F.);
#10674 = CYLINDRICAL_SURFACE('',#10675,0.4);
#10675 = AXIS2_PLACEMENT_3D('',#10676,#10677,#10678);
#10676 = CARTESIAN_POINT('',(82.78,-167.132,-4.6E-02));
#10677 = DIRECTION('',(-0.,-0.,-1.));
#10678 = DIRECTION('',(-0.,-1.,0.));
#10679 = ADVANCED_FACE('',(#10680),#10691,.F.);
#10680 = FACE_BOUND('',#10681,.T.);
#10681 = EDGE_LOOP('',(#10682,#10683,#10689,#10690));
#10682 = ORIENTED_EDGE('',*,*,#8521,.T.);
#10683 = ORIENTED_EDGE('',*,*,#10684,.T.);
#10684 = EDGE_CURVE('',#8522,#9574,#10685,.T.);
#10685 = LINE('',#10686,#10687);
#10686 = CARTESIAN_POINT('',(84.78,-167.532,-4.6E-02));
#10687 = VECTOR('',#10688,1.);
#10688 = DIRECTION('',(0.,0.,1.));
#10689 = ORIENTED_EDGE('',*,*,#9573,.F.);
#10690 = ORIENTED_EDGE('',*,*,#10684,.F.);
#10691 = CYLINDRICAL_SURFACE('',#10692,0.4);
#10692 = AXIS2_PLACEMENT_3D('',#10693,#10694,#10695);
#10693 = CARTESIAN_POINT('',(84.78,-167.132,-4.6E-02));
#10694 = DIRECTION('',(-0.,-0.,-1.));
#10695 = DIRECTION('',(-0.,-1.,0.));
#10696 = ADVANCED_FACE('',(#10697),#10708,.F.);
#10697 = FACE_BOUND('',#10698,.T.);
#10698 = EDGE_LOOP('',(#10699,#10700,#10706,#10707));
#10699 = ORIENTED_EDGE('',*,*,#8532,.T.);
#10700 = ORIENTED_EDGE('',*,*,#10701,.T.);
#10701 = EDGE_CURVE('',#8533,#9585,#10702,.T.);
#10702 = LINE('',#10703,#10704);
#10703 = CARTESIAN_POINT('',(87.63,-167.882,-4.6E-02));
#10704 = VECTOR('',#10705,1.);
#10705 = DIRECTION('',(0.,0.,1.));
#10706 = ORIENTED_EDGE('',*,*,#9584,.F.);
#10707 = ORIENTED_EDGE('',*,*,#10701,.F.);
#10708 = CYLINDRICAL_SURFACE('',#10709,0.75);
#10709 = AXIS2_PLACEMENT_3D('',#10710,#10711,#10712);
#10710 = CARTESIAN_POINT('',(87.63,-167.132,-4.6E-02));
#10711 = DIRECTION('',(-0.,-0.,-1.));
#10712 = DIRECTION('',(-0.,-1.,0.));
#10713 = ADVANCED_FACE('',(#10714),#10730,.F.);
#10714 = FACE_BOUND('',#10715,.T.);
#10715 = EDGE_LOOP('',(#10716,#10717,#10723,#10724));
#10716 = ORIENTED_EDGE('',*,*,#8543,.T.);
#10717 = ORIENTED_EDGE('',*,*,#10718,.T.);
#10718 = EDGE_CURVE('',#8546,#9598,#10719,.T.);
#10719 = LINE('',#10720,#10721);
#10720 = CARTESIAN_POINT('',(91.948,-167.21,-4.6E-02));
#10721 = VECTOR('',#10722,1.);
#10722 = DIRECTION('',(0.,0.,1.));
#10723 = ORIENTED_EDGE('',*,*,#9595,.F.);
#10724 = ORIENTED_EDGE('',*,*,#10725,.F.);
#10725 = EDGE_CURVE('',#8544,#9596,#10726,.T.);
#10726 = LINE('',#10727,#10728);
#10727 = CARTESIAN_POINT('',(92.548,-167.21,-4.6E-02));
#10728 = VECTOR('',#10729,1.);
#10729 = DIRECTION('',(0.,0.,1.));
#10730 = CYLINDRICAL_SURFACE('',#10731,0.3);
#10731 = AXIS2_PLACEMENT_3D('',#10732,#10733,#10734);
#10732 = CARTESIAN_POINT('',(92.248,-167.21,-4.6E-02));
#10733 = DIRECTION('',(-0.,-0.,-1.));
#10734 = DIRECTION('',(-1.,0.,-0.));
#10735 = ADVANCED_FACE('',(#10736),#10747,.T.);
#10736 = FACE_BOUND('',#10737,.T.);
#10737 = EDGE_LOOP('',(#10738,#10739,#10740,#10741));
#10738 = ORIENTED_EDGE('',*,*,#8571,.T.);
#10739 = ORIENTED_EDGE('',*,*,#10725,.T.);
#10740 = ORIENTED_EDGE('',*,*,#9623,.F.);
#10741 = ORIENTED_EDGE('',*,*,#10742,.F.);
#10742 = EDGE_CURVE('',#8563,#9615,#10743,.T.);
#10743 = LINE('',#10744,#10745);
#10744 = CARTESIAN_POINT('',(92.548,-166.41,-4.6E-02));
#10745 = VECTOR('',#10746,1.);
#10746 = DIRECTION('',(0.,0.,1.));
#10747 = PLANE('',#10748);
#10748 = AXIS2_PLACEMENT_3D('',#10749,#10750,#10751);
#10749 = CARTESIAN_POINT('',(92.548,-167.21,-4.6E-02));
#10750 = DIRECTION('',(-1.,0.,0.));
#10751 = DIRECTION('',(0.,1.,0.));
#10752 = ADVANCED_FACE('',(#10753),#10764,.F.);
#10753 = FACE_BOUND('',#10754,.T.);
#10754 = EDGE_LOOP('',(#10755,#10756,#10757,#10758));
#10755 = ORIENTED_EDGE('',*,*,#8562,.T.);
#10756 = ORIENTED_EDGE('',*,*,#10742,.T.);
#10757 = ORIENTED_EDGE('',*,*,#9614,.F.);
#10758 = ORIENTED_EDGE('',*,*,#10759,.F.);
#10759 = EDGE_CURVE('',#8555,#9607,#10760,.T.);
#10760 = LINE('',#10761,#10762);
#10761 = CARTESIAN_POINT('',(91.948,-166.41,-4.6E-02));
#10762 = VECTOR('',#10763,1.);
#10763 = DIRECTION('',(0.,0.,1.));
#10764 = CYLINDRICAL_SURFACE('',#10765,0.3);
#10765 = AXIS2_PLACEMENT_3D('',#10766,#10767,#10768);
#10766 = CARTESIAN_POINT('',(92.248,-166.41,-4.6E-02));
#10767 = DIRECTION('',(-0.,-0.,-1.));
#10768 = DIRECTION('',(1.,0.,-0.));
#10769 = ADVANCED_FACE('',(#10770),#10776,.T.);
#10770 = FACE_BOUND('',#10771,.T.);
#10771 = EDGE_LOOP('',(#10772,#10773,#10774,#10775));
#10772 = ORIENTED_EDGE('',*,*,#8554,.T.);
#10773 = ORIENTED_EDGE('',*,*,#10759,.T.);
#10774 = ORIENTED_EDGE('',*,*,#9606,.F.);
#10775 = ORIENTED_EDGE('',*,*,#10718,.F.);
#10776 = PLANE('',#10777);
#10777 = AXIS2_PLACEMENT_3D('',#10778,#10779,#10780);
#10778 = CARTESIAN_POINT('',(91.948,-166.41,-4.6E-02));
#10779 = DIRECTION('',(1.,0.,-0.));
#10780 = DIRECTION('',(0.,-1.,0.));
#10781 = ADVANCED_FACE('',(#10782),#10798,.F.);
#10782 = FACE_BOUND('',#10783,.T.);
#10783 = EDGE_LOOP('',(#10784,#10785,#10791,#10792));
#10784 = ORIENTED_EDGE('',*,*,#8579,.T.);
#10785 = ORIENTED_EDGE('',*,*,#10786,.T.);
#10786 = EDGE_CURVE('',#8582,#9634,#10787,.T.);
#10787 = LINE('',#10788,#10789);
#10788 = CARTESIAN_POINT('',(91.948,-163.18,-4.6E-02));
#10789 = VECTOR('',#10790,1.);
#10790 = DIRECTION('',(0.,0.,1.));
#10791 = ORIENTED_EDGE('',*,*,#9631,.F.);
#10792 = ORIENTED_EDGE('',*,*,#10793,.F.);
#10793 = EDGE_CURVE('',#8580,#9632,#10794,.T.);
#10794 = LINE('',#10795,#10796);
#10795 = CARTESIAN_POINT('',(92.548,-163.18,-4.6E-02));
#10796 = VECTOR('',#10797,1.);
#10797 = DIRECTION('',(0.,0.,1.));
#10798 = CYLINDRICAL_SURFACE('',#10799,0.3);
#10799 = AXIS2_PLACEMENT_3D('',#10800,#10801,#10802);
#10800 = CARTESIAN_POINT('',(92.248,-163.18,-4.6E-02));
#10801 = DIRECTION('',(-0.,-0.,-1.));
#10802 = DIRECTION('',(-1.,-9.473903143468E-14,0.));
#10803 = ADVANCED_FACE('',(#10804),#10815,.T.);
#10804 = FACE_BOUND('',#10805,.T.);
#10805 = EDGE_LOOP('',(#10806,#10807,#10808,#10809));
#10806 = ORIENTED_EDGE('',*,*,#8607,.T.);
#10807 = ORIENTED_EDGE('',*,*,#10793,.T.);
#10808 = ORIENTED_EDGE('',*,*,#9659,.F.);
#10809 = ORIENTED_EDGE('',*,*,#10810,.F.);
#10810 = EDGE_CURVE('',#8599,#9651,#10811,.T.);
#10811 = LINE('',#10812,#10813);
#10812 = CARTESIAN_POINT('',(92.548,-162.08,-4.6E-02));
#10813 = VECTOR('',#10814,1.);
#10814 = DIRECTION('',(0.,0.,1.));
#10815 = PLANE('',#10816);
#10816 = AXIS2_PLACEMENT_3D('',#10817,#10818,#10819);
#10817 = CARTESIAN_POINT('',(92.548,-163.18,-4.6E-02));
#10818 = DIRECTION('',(-1.,0.,0.));
#10819 = DIRECTION('',(0.,1.,0.));
#10820 = ADVANCED_FACE('',(#10821),#10832,.F.);
#10821 = FACE_BOUND('',#10822,.T.);
#10822 = EDGE_LOOP('',(#10823,#10824,#10825,#10826));
#10823 = ORIENTED_EDGE('',*,*,#8598,.T.);
#10824 = ORIENTED_EDGE('',*,*,#10810,.T.);
#10825 = ORIENTED_EDGE('',*,*,#9650,.F.);
#10826 = ORIENTED_EDGE('',*,*,#10827,.F.);
#10827 = EDGE_CURVE('',#8591,#9643,#10828,.T.);
#10828 = LINE('',#10829,#10830);
#10829 = CARTESIAN_POINT('',(91.948,-162.08,-4.6E-02));
#10830 = VECTOR('',#10831,1.);
#10831 = DIRECTION('',(0.,0.,1.));
#10832 = CYLINDRICAL_SURFACE('',#10833,0.3);
#10833 = AXIS2_PLACEMENT_3D('',#10834,#10835,#10836);
#10834 = CARTESIAN_POINT('',(92.248,-162.08,-4.6E-02));
#10835 = DIRECTION('',(-0.,-0.,-1.));
#10836 = DIRECTION('',(1.,0.,-0.));
#10837 = ADVANCED_FACE('',(#10838),#10844,.T.);
#10838 = FACE_BOUND('',#10839,.T.);
#10839 = EDGE_LOOP('',(#10840,#10841,#10842,#10843));
#10840 = ORIENTED_EDGE('',*,*,#8590,.T.);
#10841 = ORIENTED_EDGE('',*,*,#10827,.T.);
#10842 = ORIENTED_EDGE('',*,*,#9642,.F.);
#10843 = ORIENTED_EDGE('',*,*,#10786,.F.);
#10844 = PLANE('',#10845);
#10845 = AXIS2_PLACEMENT_3D('',#10846,#10847,#10848);
#10846 = CARTESIAN_POINT('',(91.948,-162.08,-4.6E-02));
#10847 = DIRECTION('',(1.,0.,-0.));
#10848 = DIRECTION('',(0.,-1.,0.));
#10849 = ADVANCED_FACE('',(#10850),#10861,.F.);
#10850 = FACE_BOUND('',#10851,.T.);
#10851 = EDGE_LOOP('',(#10852,#10853,#10859,#10860));
#10852 = ORIENTED_EDGE('',*,*,#8615,.T.);
#10853 = ORIENTED_EDGE('',*,*,#10854,.T.);
#10854 = EDGE_CURVE('',#8616,#9668,#10855,.T.);
#10855 = LINE('',#10856,#10857);
#10856 = CARTESIAN_POINT('',(93.678,-163.455,-4.6E-02));
#10857 = VECTOR('',#10858,1.);
#10858 = DIRECTION('',(0.,0.,1.));
#10859 = ORIENTED_EDGE('',*,*,#9667,.F.);
#10860 = ORIENTED_EDGE('',*,*,#10854,.F.);
#10861 = CYLINDRICAL_SURFACE('',#10862,0.325);
#10862 = AXIS2_PLACEMENT_3D('',#10863,#10864,#10865);
#10863 = CARTESIAN_POINT('',(93.678,-163.13,-4.6E-02));
#10864 = DIRECTION('',(-0.,-0.,-1.));
#10865 = DIRECTION('',(-0.,-1.,0.));
#10866 = ADVANCED_FACE('',(#10867),#10883,.F.);
#10867 = FACE_BOUND('',#10868,.T.);
#10868 = EDGE_LOOP('',(#10869,#10870,#10876,#10877));
#10869 = ORIENTED_EDGE('',*,*,#8626,.T.);
#10870 = ORIENTED_EDGE('',*,*,#10871,.T.);
#10871 = EDGE_CURVE('',#8629,#9681,#10872,.T.);
#10872 = LINE('',#10873,#10874);
#10873 = CARTESIAN_POINT('',(77.124,-160.228,-4.6E-02));
#10874 = VECTOR('',#10875,1.);
#10875 = DIRECTION('',(0.,0.,1.));
#10876 = ORIENTED_EDGE('',*,*,#9678,.F.);
#10877 = ORIENTED_EDGE('',*,*,#10878,.F.);
#10878 = EDGE_CURVE('',#8627,#9679,#10879,.T.);
#10879 = LINE('',#10880,#10881);
#10880 = CARTESIAN_POINT('',(77.124,-160.828,-4.6E-02));
#10881 = VECTOR('',#10882,1.);
#10882 = DIRECTION('',(0.,0.,1.));
#10883 = CYLINDRICAL_SURFACE('',#10884,0.3);
#10884 = AXIS2_PLACEMENT_3D('',#10885,#10886,#10887);
#10885 = CARTESIAN_POINT('',(77.124,-160.528,-4.6E-02));
#10886 = DIRECTION('',(-0.,0.,-1.));
#10887 = DIRECTION('',(0.,1.,0.));
#10888 = ADVANCED_FACE('',(#10889),#10900,.T.);
#10889 = FACE_BOUND('',#10890,.T.);
#10890 = EDGE_LOOP('',(#10891,#10892,#10893,#10894));
#10891 = ORIENTED_EDGE('',*,*,#8654,.T.);
#10892 = ORIENTED_EDGE('',*,*,#10878,.T.);
#10893 = ORIENTED_EDGE('',*,*,#9706,.F.);
#10894 = ORIENTED_EDGE('',*,*,#10895,.F.);
#10895 = EDGE_CURVE('',#8646,#9698,#10896,.T.);
#10896 = LINE('',#10897,#10898);
#10897 = CARTESIAN_POINT('',(78.324,-160.828,-4.6E-02));
#10898 = VECTOR('',#10899,1.);
#10899 = DIRECTION('',(0.,0.,1.));
#10900 = PLANE('',#10901);
#10901 = AXIS2_PLACEMENT_3D('',#10902,#10903,#10904);
#10902 = CARTESIAN_POINT('',(77.124,-160.828,-4.6E-02));
#10903 = DIRECTION('',(0.,1.,0.));
#10904 = DIRECTION('',(1.,0.,0.));
#10905 = ADVANCED_FACE('',(#10906),#10917,.F.);
#10906 = FACE_BOUND('',#10907,.T.);
#10907 = EDGE_LOOP('',(#10908,#10909,#10910,#10911));
#10908 = ORIENTED_EDGE('',*,*,#8645,.T.);
#10909 = ORIENTED_EDGE('',*,*,#10895,.T.);
#10910 = ORIENTED_EDGE('',*,*,#9697,.F.);
#10911 = ORIENTED_EDGE('',*,*,#10912,.F.);
#10912 = EDGE_CURVE('',#8638,#9690,#10913,.T.);
#10913 = LINE('',#10914,#10915);
#10914 = CARTESIAN_POINT('',(78.324,-160.228,-4.6E-02));
#10915 = VECTOR('',#10916,1.);
#10916 = DIRECTION('',(0.,0.,1.));
#10917 = CYLINDRICAL_SURFACE('',#10918,0.3);
#10918 = AXIS2_PLACEMENT_3D('',#10919,#10920,#10921);
#10919 = CARTESIAN_POINT('',(78.324,-160.528,-4.6E-02));
#10920 = DIRECTION('',(-0.,0.,-1.));
#10921 = DIRECTION('',(4.736951571734E-14,-1.,-0.));
#10922 = ADVANCED_FACE('',(#10923),#10929,.T.);
#10923 = FACE_BOUND('',#10924,.T.);
#10924 = EDGE_LOOP('',(#10925,#10926,#10927,#10928));
#10925 = ORIENTED_EDGE('',*,*,#8637,.T.);
#10926 = ORIENTED_EDGE('',*,*,#10912,.T.);
#10927 = ORIENTED_EDGE('',*,*,#9689,.F.);
#10928 = ORIENTED_EDGE('',*,*,#10871,.F.);
#10929 = PLANE('',#10930);
#10930 = AXIS2_PLACEMENT_3D('',#10931,#10932,#10933);
#10931 = CARTESIAN_POINT('',(78.324,-160.228,-4.6E-02));
#10932 = DIRECTION('',(0.,-1.,0.));
#10933 = DIRECTION('',(-1.,0.,0.));
#10934 = ADVANCED_FACE('',(#10935),#10946,.F.);
#10935 = FACE_BOUND('',#10936,.T.);
#10936 = EDGE_LOOP('',(#10937,#10938,#10944,#10945));
#10937 = ORIENTED_EDGE('',*,*,#8662,.T.);
#10938 = ORIENTED_EDGE('',*,*,#10939,.T.);
#10939 = EDGE_CURVE('',#8663,#9715,#10940,.T.);
#10940 = LINE('',#10941,#10942);
#10941 = CARTESIAN_POINT('',(72.724,-157.178,-4.6E-02));
#10942 = VECTOR('',#10943,1.);
#10943 = DIRECTION('',(0.,0.,1.));
#10944 = ORIENTED_EDGE('',*,*,#9714,.F.);
#10945 = ORIENTED_EDGE('',*,*,#10939,.F.);
#10946 = CYLINDRICAL_SURFACE('',#10947,0.65);
#10947 = AXIS2_PLACEMENT_3D('',#10948,#10949,#10950);
#10948 = CARTESIAN_POINT('',(72.724,-156.528,-4.6E-02));
#10949 = DIRECTION('',(-0.,0.,-1.));
#10950 = DIRECTION('',(2.1862853408E-14,-1.,-0.));
#10951 = ADVANCED_FACE('',(#10952),#10968,.F.);
#10952 = FACE_BOUND('',#10953,.T.);
#10953 = EDGE_LOOP('',(#10954,#10955,#10961,#10962));
#10954 = ORIENTED_EDGE('',*,*,#8673,.T.);
#10955 = ORIENTED_EDGE('',*,*,#10956,.T.);
#10956 = EDGE_CURVE('',#8676,#9728,#10957,.T.);
#10957 = LINE('',#10958,#10959);
#10958 = CARTESIAN_POINT('',(77.124,-156.228,-4.6E-02));
#10959 = VECTOR('',#10960,1.);
#10960 = DIRECTION('',(0.,0.,1.));
#10961 = ORIENTED_EDGE('',*,*,#9725,.F.);
#10962 = ORIENTED_EDGE('',*,*,#10963,.F.);
#10963 = EDGE_CURVE('',#8674,#9726,#10964,.T.);
#10964 = LINE('',#10965,#10966);
#10965 = CARTESIAN_POINT('',(77.124,-156.828,-4.6E-02));
#10966 = VECTOR('',#10967,1.);
#10967 = DIRECTION('',(0.,0.,1.));
#10968 = CYLINDRICAL_SURFACE('',#10969,0.3);
#10969 = AXIS2_PLACEMENT_3D('',#10970,#10971,#10972);
#10970 = CARTESIAN_POINT('',(77.124,-156.528,-4.6E-02));
#10971 = DIRECTION('',(-0.,0.,-1.));
#10972 = DIRECTION('',(0.,1.,0.));
#10973 = ADVANCED_FACE('',(#10974),#10985,.T.);
#10974 = FACE_BOUND('',#10975,.T.);
#10975 = EDGE_LOOP('',(#10976,#10977,#10978,#10979));
#10976 = ORIENTED_EDGE('',*,*,#8701,.T.);
#10977 = ORIENTED_EDGE('',*,*,#10963,.T.);
#10978 = ORIENTED_EDGE('',*,*,#9753,.F.);
#10979 = ORIENTED_EDGE('',*,*,#10980,.F.);
#10980 = EDGE_CURVE('',#8693,#9745,#10981,.T.);
#10981 = LINE('',#10982,#10983);
#10982 = CARTESIAN_POINT('',(78.324,-156.828,-4.6E-02));
#10983 = VECTOR('',#10984,1.);
#10984 = DIRECTION('',(0.,0.,1.));
#10985 = PLANE('',#10986);
#10986 = AXIS2_PLACEMENT_3D('',#10987,#10988,#10989);
#10987 = CARTESIAN_POINT('',(77.124,-156.828,-4.6E-02));
#10988 = DIRECTION('',(0.,1.,0.));
#10989 = DIRECTION('',(1.,0.,0.));
#10990 = ADVANCED_FACE('',(#10991),#11002,.F.);
#10991 = FACE_BOUND('',#10992,.T.);
#10992 = EDGE_LOOP('',(#10993,#10994,#10995,#10996));
#10993 = ORIENTED_EDGE('',*,*,#8692,.T.);
#10994 = ORIENTED_EDGE('',*,*,#10980,.T.);
#10995 = ORIENTED_EDGE('',*,*,#9744,.F.);
#10996 = ORIENTED_EDGE('',*,*,#10997,.F.);
#10997 = EDGE_CURVE('',#8685,#9737,#10998,.T.);
#10998 = LINE('',#10999,#11000);
#10999 = CARTESIAN_POINT('',(78.324,-156.228,-4.6E-02));
#11000 = VECTOR('',#11001,1.);
#11001 = DIRECTION('',(0.,0.,1.));
#11002 = CYLINDRICAL_SURFACE('',#11003,0.3);
#11003 = AXIS2_PLACEMENT_3D('',#11004,#11005,#11006);
#11004 = CARTESIAN_POINT('',(78.324,-156.528,-4.6E-02));
#11005 = DIRECTION('',(-0.,0.,-1.));
#11006 = DIRECTION('',(4.736951571734E-14,-1.,-0.));
#11007 = ADVANCED_FACE('',(#11008),#11014,.T.);
#11008 = FACE_BOUND('',#11009,.T.);
#11009 = EDGE_LOOP('',(#11010,#11011,#11012,#11013));
#11010 = ORIENTED_EDGE('',*,*,#8684,.T.);
#11011 = ORIENTED_EDGE('',*,*,#10997,.T.);
#11012 = ORIENTED_EDGE('',*,*,#9736,.F.);
#11013 = ORIENTED_EDGE('',*,*,#10956,.F.);
#11014 = PLANE('',#11015);
#11015 = AXIS2_PLACEMENT_3D('',#11016,#11017,#11018);
#11016 = CARTESIAN_POINT('',(78.324,-156.228,-4.6E-02));
#11017 = DIRECTION('',(0.,-1.,0.));
#11018 = DIRECTION('',(-1.,0.,0.));
#11019 = ADVANCED_FACE('',(#11020),#11036,.F.);
#11020 = FACE_BOUND('',#11021,.T.);
#11021 = EDGE_LOOP('',(#11022,#11023,#11029,#11030));
#11022 = ORIENTED_EDGE('',*,*,#8709,.T.);
#11023 = ORIENTED_EDGE('',*,*,#11024,.T.);
#11024 = EDGE_CURVE('',#8712,#9764,#11025,.T.);
#11025 = LINE('',#11026,#11027);
#11026 = CARTESIAN_POINT('',(77.124,-152.728,-4.6E-02));
#11027 = VECTOR('',#11028,1.);
#11028 = DIRECTION('',(0.,0.,1.));
#11029 = ORIENTED_EDGE('',*,*,#9761,.F.);
#11030 = ORIENTED_EDGE('',*,*,#11031,.F.);
#11031 = EDGE_CURVE('',#8710,#9762,#11032,.T.);
#11032 = LINE('',#11033,#11034);
#11033 = CARTESIAN_POINT('',(77.124,-153.328,-4.6E-02));
#11034 = VECTOR('',#11035,1.);
#11035 = DIRECTION('',(0.,0.,1.));
#11036 = CYLINDRICAL_SURFACE('',#11037,0.3);
#11037 = AXIS2_PLACEMENT_3D('',#11038,#11039,#11040);
#11038 = CARTESIAN_POINT('',(77.124,-153.028,-4.6E-02));
#11039 = DIRECTION('',(-0.,0.,-1.));
#11040 = DIRECTION('',(0.,1.,0.));
#11041 = ADVANCED_FACE('',(#11042),#11053,.T.);
#11042 = FACE_BOUND('',#11043,.T.);
#11043 = EDGE_LOOP('',(#11044,#11045,#11046,#11047));
#11044 = ORIENTED_EDGE('',*,*,#8737,.T.);
#11045 = ORIENTED_EDGE('',*,*,#11031,.T.);
#11046 = ORIENTED_EDGE('',*,*,#9789,.F.);
#11047 = ORIENTED_EDGE('',*,*,#11048,.F.);
#11048 = EDGE_CURVE('',#8729,#9781,#11049,.T.);
#11049 = LINE('',#11050,#11051);
#11050 = CARTESIAN_POINT('',(78.324,-153.328,-4.6E-02));
#11051 = VECTOR('',#11052,1.);
#11052 = DIRECTION('',(0.,0.,1.));
#11053 = PLANE('',#11054);
#11054 = AXIS2_PLACEMENT_3D('',#11055,#11056,#11057);
#11055 = CARTESIAN_POINT('',(77.124,-153.328,-4.6E-02));
#11056 = DIRECTION('',(0.,1.,0.));
#11057 = DIRECTION('',(1.,0.,0.));
#11058 = ADVANCED_FACE('',(#11059),#11070,.F.);
#11059 = FACE_BOUND('',#11060,.T.);
#11060 = EDGE_LOOP('',(#11061,#11062,#11063,#11064));
#11061 = ORIENTED_EDGE('',*,*,#8728,.T.);
#11062 = ORIENTED_EDGE('',*,*,#11048,.T.);
#11063 = ORIENTED_EDGE('',*,*,#9780,.F.);
#11064 = ORIENTED_EDGE('',*,*,#11065,.F.);
#11065 = EDGE_CURVE('',#8721,#9773,#11066,.T.);
#11066 = LINE('',#11067,#11068);
#11067 = CARTESIAN_POINT('',(78.324,-152.728,-4.6E-02));
#11068 = VECTOR('',#11069,1.);
#11069 = DIRECTION('',(0.,0.,1.));
#11070 = CYLINDRICAL_SURFACE('',#11071,0.3);
#11071 = AXIS2_PLACEMENT_3D('',#11072,#11073,#11074);
#11072 = CARTESIAN_POINT('',(78.324,-153.028,-4.6E-02));
#11073 = DIRECTION('',(-0.,0.,-1.));
#11074 = DIRECTION('',(4.736951571734E-14,-1.,-0.));
#11075 = ADVANCED_FACE('',(#11076),#11082,.T.);
#11076 = FACE_BOUND('',#11077,.T.);
#11077 = EDGE_LOOP('',(#11078,#11079,#11080,#11081));
#11078 = ORIENTED_EDGE('',*,*,#8720,.T.);
#11079 = ORIENTED_EDGE('',*,*,#11065,.T.);
#11080 = ORIENTED_EDGE('',*,*,#9772,.F.);
#11081 = ORIENTED_EDGE('',*,*,#11024,.F.);
#11082 = PLANE('',#11083);
#11083 = AXIS2_PLACEMENT_3D('',#11084,#11085,#11086);
#11084 = CARTESIAN_POINT('',(78.324,-152.728,-4.6E-02));
#11085 = DIRECTION('',(0.,-1.,0.));
#11086 = DIRECTION('',(-1.,0.,0.));
#11087 = ADVANCED_FACE('',(#11088),#11104,.F.);
#11088 = FACE_BOUND('',#11089,.T.);
#11089 = EDGE_LOOP('',(#11090,#11091,#11097,#11098));
#11090 = ORIENTED_EDGE('',*,*,#8745,.T.);
#11091 = ORIENTED_EDGE('',*,*,#11092,.T.);
#11092 = EDGE_CURVE('',#8748,#9800,#11093,.T.);
#11093 = LINE('',#11094,#11095);
#11094 = CARTESIAN_POINT('',(100.588,-167.21,-4.6E-02));
#11095 = VECTOR('',#11096,1.);
#11096 = DIRECTION('',(0.,0.,1.));
#11097 = ORIENTED_EDGE('',*,*,#9797,.F.);
#11098 = ORIENTED_EDGE('',*,*,#11099,.F.);
#11099 = EDGE_CURVE('',#8746,#9798,#11100,.T.);
#11100 = LINE('',#11101,#11102);
#11101 = CARTESIAN_POINT('',(101.188,-167.21,-4.6E-02));
#11102 = VECTOR('',#11103,1.);
#11103 = DIRECTION('',(0.,0.,1.));
#11104 = CYLINDRICAL_SURFACE('',#11105,0.3);
#11105 = AXIS2_PLACEMENT_3D('',#11106,#11107,#11108);
#11106 = CARTESIAN_POINT('',(100.888,-167.21,-4.6E-02));
#11107 = DIRECTION('',(-0.,-0.,-1.));
#11108 = DIRECTION('',(-1.,0.,-0.));
#11109 = ADVANCED_FACE('',(#11110),#11121,.T.);
#11110 = FACE_BOUND('',#11111,.T.);
#11111 = EDGE_LOOP('',(#11112,#11113,#11114,#11115));
#11112 = ORIENTED_EDGE('',*,*,#8773,.T.);
#11113 = ORIENTED_EDGE('',*,*,#11099,.T.);
#11114 = ORIENTED_EDGE('',*,*,#9825,.F.);
#11115 = ORIENTED_EDGE('',*,*,#11116,.F.);
#11116 = EDGE_CURVE('',#8765,#9817,#11117,.T.);
#11117 = LINE('',#11118,#11119);
#11118 = CARTESIAN_POINT('',(101.188,-166.41,-4.6E-02));
#11119 = VECTOR('',#11120,1.);
#11120 = DIRECTION('',(0.,0.,1.));
#11121 = PLANE('',#11122);
#11122 = AXIS2_PLACEMENT_3D('',#11123,#11124,#11125);
#11123 = CARTESIAN_POINT('',(101.188,-167.21,-4.6E-02));
#11124 = DIRECTION('',(-1.,0.,0.));
#11125 = DIRECTION('',(0.,1.,0.));
#11126 = ADVANCED_FACE('',(#11127),#11138,.F.);
#11127 = FACE_BOUND('',#11128,.T.);
#11128 = EDGE_LOOP('',(#11129,#11130,#11131,#11132));
#11129 = ORIENTED_EDGE('',*,*,#8764,.T.);
#11130 = ORIENTED_EDGE('',*,*,#11116,.T.);
#11131 = ORIENTED_EDGE('',*,*,#9816,.F.);
#11132 = ORIENTED_EDGE('',*,*,#11133,.F.);
#11133 = EDGE_CURVE('',#8757,#9809,#11134,.T.);
#11134 = LINE('',#11135,#11136);
#11135 = CARTESIAN_POINT('',(100.588,-166.41,-4.6E-02));
#11136 = VECTOR('',#11137,1.);
#11137 = DIRECTION('',(0.,0.,1.));
#11138 = CYLINDRICAL_SURFACE('',#11139,0.3);
#11139 = AXIS2_PLACEMENT_3D('',#11140,#11141,#11142);
#11140 = CARTESIAN_POINT('',(100.888,-166.41,-4.6E-02));
#11141 = DIRECTION('',(-0.,-0.,-1.));
#11142 = DIRECTION('',(1.,0.,-0.));
#11143 = ADVANCED_FACE('',(#11144),#11150,.T.);
#11144 = FACE_BOUND('',#11145,.T.);
#11145 = EDGE_LOOP('',(#11146,#11147,#11148,#11149));
#11146 = ORIENTED_EDGE('',*,*,#8756,.T.);
#11147 = ORIENTED_EDGE('',*,*,#11133,.T.);
#11148 = ORIENTED_EDGE('',*,*,#9808,.F.);
#11149 = ORIENTED_EDGE('',*,*,#11092,.F.);
#11150 = PLANE('',#11151);
#11151 = AXIS2_PLACEMENT_3D('',#11152,#11153,#11154);
#11152 = CARTESIAN_POINT('',(100.588,-166.41,-4.6E-02));
#11153 = DIRECTION('',(1.,0.,-0.));
#11154 = DIRECTION('',(0.,-1.,0.));
#11155 = ADVANCED_FACE('',(#11156),#11167,.F.);
#11156 = FACE_BOUND('',#11157,.T.);
#11157 = EDGE_LOOP('',(#11158,#11159,#11165,#11166));
#11158 = ORIENTED_EDGE('',*,*,#8781,.T.);
#11159 = ORIENTED_EDGE('',*,*,#11160,.T.);
#11160 = EDGE_CURVE('',#8782,#9834,#11161,.T.);
#11161 = LINE('',#11162,#11163);
#11162 = CARTESIAN_POINT('',(99.458,-163.455,-4.6E-02));
#11163 = VECTOR('',#11164,1.);
#11164 = DIRECTION('',(0.,0.,1.));
#11165 = ORIENTED_EDGE('',*,*,#9833,.F.);
#11166 = ORIENTED_EDGE('',*,*,#11160,.F.);
#11167 = CYLINDRICAL_SURFACE('',#11168,0.325);
#11168 = AXIS2_PLACEMENT_3D('',#11169,#11170,#11171);
#11169 = CARTESIAN_POINT('',(99.458,-163.13,-4.6E-02));
#11170 = DIRECTION('',(-0.,-0.,-1.));
#11171 = DIRECTION('',(-0.,-1.,0.));
#11172 = ADVANCED_FACE('',(#11173),#11189,.F.);
#11173 = FACE_BOUND('',#11174,.T.);
#11174 = EDGE_LOOP('',(#11175,#11176,#11182,#11183));
#11175 = ORIENTED_EDGE('',*,*,#8792,.T.);
#11176 = ORIENTED_EDGE('',*,*,#11177,.T.);
#11177 = EDGE_CURVE('',#8795,#9847,#11178,.T.);
#11178 = LINE('',#11179,#11180);
#11179 = CARTESIAN_POINT('',(100.588,-163.18,-4.6E-02));
#11180 = VECTOR('',#11181,1.);
#11181 = DIRECTION('',(0.,0.,1.));
#11182 = ORIENTED_EDGE('',*,*,#9844,.F.);
#11183 = ORIENTED_EDGE('',*,*,#11184,.F.);
#11184 = EDGE_CURVE('',#8793,#9845,#11185,.T.);
#11185 = LINE('',#11186,#11187);
#11186 = CARTESIAN_POINT('',(101.188,-163.18,-4.6E-02));
#11187 = VECTOR('',#11188,1.);
#11188 = DIRECTION('',(0.,0.,1.));
#11189 = CYLINDRICAL_SURFACE('',#11190,0.3);
#11190 = AXIS2_PLACEMENT_3D('',#11191,#11192,#11193);
#11191 = CARTESIAN_POINT('',(100.888,-163.18,-4.6E-02));
#11192 = DIRECTION('',(-0.,-0.,-1.));
#11193 = DIRECTION('',(-1.,-9.473903143468E-14,0.));
#11194 = ADVANCED_FACE('',(#11195),#11206,.T.);
#11195 = FACE_BOUND('',#11196,.T.);
#11196 = EDGE_LOOP('',(#11197,#11198,#11199,#11200));
#11197 = ORIENTED_EDGE('',*,*,#8820,.T.);
#11198 = ORIENTED_EDGE('',*,*,#11184,.T.);
#11199 = ORIENTED_EDGE('',*,*,#9872,.F.);
#11200 = ORIENTED_EDGE('',*,*,#11201,.F.);
#11201 = EDGE_CURVE('',#8812,#9864,#11202,.T.);
#11202 = LINE('',#11203,#11204);
#11203 = CARTESIAN_POINT('',(101.188,-162.08,-4.6E-02));
#11204 = VECTOR('',#11205,1.);
#11205 = DIRECTION('',(0.,0.,1.));
#11206 = PLANE('',#11207);
#11207 = AXIS2_PLACEMENT_3D('',#11208,#11209,#11210);
#11208 = CARTESIAN_POINT('',(101.188,-163.18,-4.6E-02));
#11209 = DIRECTION('',(-1.,0.,0.));
#11210 = DIRECTION('',(0.,1.,0.));
#11211 = ADVANCED_FACE('',(#11212),#11223,.F.);
#11212 = FACE_BOUND('',#11213,.T.);
#11213 = EDGE_LOOP('',(#11214,#11215,#11216,#11217));
#11214 = ORIENTED_EDGE('',*,*,#8811,.T.);
#11215 = ORIENTED_EDGE('',*,*,#11201,.T.);
#11216 = ORIENTED_EDGE('',*,*,#9863,.F.);
#11217 = ORIENTED_EDGE('',*,*,#11218,.F.);
#11218 = EDGE_CURVE('',#8804,#9856,#11219,.T.);
#11219 = LINE('',#11220,#11221);
#11220 = CARTESIAN_POINT('',(100.588,-162.08,-4.6E-02));
#11221 = VECTOR('',#11222,1.);
#11222 = DIRECTION('',(0.,0.,1.));
#11223 = CYLINDRICAL_SURFACE('',#11224,0.3);
#11224 = AXIS2_PLACEMENT_3D('',#11225,#11226,#11227);
#11225 = CARTESIAN_POINT('',(100.888,-162.08,-4.6E-02));
#11226 = DIRECTION('',(-0.,-0.,-1.));
#11227 = DIRECTION('',(1.,0.,-0.));
#11228 = ADVANCED_FACE('',(#11229),#11235,.T.);
#11229 = FACE_BOUND('',#11230,.T.);
#11230 = EDGE_LOOP('',(#11231,#11232,#11233,#11234));
#11231 = ORIENTED_EDGE('',*,*,#8803,.T.);
#11232 = ORIENTED_EDGE('',*,*,#11218,.T.);
#11233 = ORIENTED_EDGE('',*,*,#9855,.F.);
#11234 = ORIENTED_EDGE('',*,*,#11177,.F.);
#11235 = PLANE('',#11236);
#11236 = AXIS2_PLACEMENT_3D('',#11237,#11238,#11239);
#11237 = CARTESIAN_POINT('',(100.588,-162.08,-4.6E-02));
#11238 = DIRECTION('',(1.,0.,-0.));
#11239 = DIRECTION('',(0.,-1.,0.));
#11240 = ADVANCED_FACE('',(#11241),#11252,.F.);
#11241 = FACE_BOUND('',#11242,.T.);
#11242 = EDGE_LOOP('',(#11243,#11244,#11250,#11251));
#11243 = ORIENTED_EDGE('',*,*,#8828,.T.);
#11244 = ORIENTED_EDGE('',*,*,#11245,.T.);
#11245 = EDGE_CURVE('',#8829,#9881,#11246,.T.);
#11246 = LINE('',#11247,#11248);
#11247 = CARTESIAN_POINT('',(72.094,-144.656,-4.6E-02));
#11248 = VECTOR('',#11249,1.);
#11249 = DIRECTION('',(0.,0.,1.));
#11250 = ORIENTED_EDGE('',*,*,#9880,.F.);
#11251 = ORIENTED_EDGE('',*,*,#11245,.F.);
#11252 = CYLINDRICAL_SURFACE('',#11253,0.4);
#11253 = AXIS2_PLACEMENT_3D('',#11254,#11255,#11256);
#11254 = CARTESIAN_POINT('',(72.094,-144.256,-4.6E-02));
#11255 = DIRECTION('',(-0.,-0.,-1.));
#11256 = DIRECTION('',(-0.,-1.,0.));
#11257 = ADVANCED_FACE('',(#11258),#11269,.F.);
#11258 = FACE_BOUND('',#11259,.T.);
#11259 = EDGE_LOOP('',(#11260,#11261,#11267,#11268));
#11260 = ORIENTED_EDGE('',*,*,#8839,.T.);
#11261 = ORIENTED_EDGE('',*,*,#11262,.T.);
#11262 = EDGE_CURVE('',#8840,#9892,#11263,.T.);
#11263 = LINE('',#11264,#11265);
#11264 = CARTESIAN_POINT('',(72.094,-142.656,-4.6E-02));
#11265 = VECTOR('',#11266,1.);
#11266 = DIRECTION('',(0.,0.,1.));
#11267 = ORIENTED_EDGE('',*,*,#9891,.F.);
#11268 = ORIENTED_EDGE('',*,*,#11262,.F.);
#11269 = CYLINDRICAL_SURFACE('',#11270,0.4);
#11270 = AXIS2_PLACEMENT_3D('',#11271,#11272,#11273);
#11271 = CARTESIAN_POINT('',(72.094,-142.256,-4.6E-02));
#11272 = DIRECTION('',(-0.,-0.,-1.));
#11273 = DIRECTION('',(-0.,-1.,0.));
#11274 = ADVANCED_FACE('',(#11275),#11286,.F.);
#11275 = FACE_BOUND('',#11276,.T.);
#11276 = EDGE_LOOP('',(#11277,#11278,#11284,#11285));
#11277 = ORIENTED_EDGE('',*,*,#8850,.T.);
#11278 = ORIENTED_EDGE('',*,*,#11279,.T.);
#11279 = EDGE_CURVE('',#8851,#9903,#11280,.T.);
#11280 = LINE('',#11281,#11282);
#11281 = CARTESIAN_POINT('',(106.68,-141.734,-4.6E-02));
#11282 = VECTOR('',#11283,1.);
#11283 = DIRECTION('',(0.,0.,1.));
#11284 = ORIENTED_EDGE('',*,*,#9902,.F.);
#11285 = ORIENTED_EDGE('',*,*,#11279,.F.);
#11286 = CYLINDRICAL_SURFACE('',#11287,0.51);
#11287 = AXIS2_PLACEMENT_3D('',#11288,#11289,#11290);
#11288 = CARTESIAN_POINT('',(106.68,-141.224,-4.6E-02));
#11289 = DIRECTION('',(-0.,-0.,-1.));
#11290 = DIRECTION('',(-0.,-1.,0.));
#11291 = ADVANCED_FACE('',(#11292),#11303,.F.);
#11292 = FACE_BOUND('',#11293,.T.);
#11293 = EDGE_LOOP('',(#11294,#11295,#11301,#11302));
#11294 = ORIENTED_EDGE('',*,*,#8861,.T.);
#11295 = ORIENTED_EDGE('',*,*,#11296,.T.);
#11296 = EDGE_CURVE('',#8862,#9914,#11297,.T.);
#11297 = LINE('',#11298,#11299);
#11298 = CARTESIAN_POINT('',(109.22,-141.734,-4.6E-02));
#11299 = VECTOR('',#11300,1.);
#11300 = DIRECTION('',(0.,0.,1.));
#11301 = ORIENTED_EDGE('',*,*,#9913,.F.);
#11302 = ORIENTED_EDGE('',*,*,#11296,.F.);
#11303 = CYLINDRICAL_SURFACE('',#11304,0.51);
#11304 = AXIS2_PLACEMENT_3D('',#11305,#11306,#11307);
#11305 = CARTESIAN_POINT('',(109.22,-141.224,-4.6E-02));
#11306 = DIRECTION('',(-0.,-0.,-1.));
#11307 = DIRECTION('',(-0.,-1.,0.));
#11308 = ADVANCED_FACE('',(#11309),#11320,.F.);
#11309 = FACE_BOUND('',#11310,.T.);
#11310 = EDGE_LOOP('',(#11311,#11312,#11318,#11319));
#11311 = ORIENTED_EDGE('',*,*,#8872,.T.);
#11312 = ORIENTED_EDGE('',*,*,#11313,.T.);
#11313 = EDGE_CURVE('',#8873,#9925,#11314,.T.);
#11314 = LINE('',#11315,#11316);
#11315 = CARTESIAN_POINT('',(111.76,-141.734,-4.6E-02));
#11316 = VECTOR('',#11317,1.);
#11317 = DIRECTION('',(0.,0.,1.));
#11318 = ORIENTED_EDGE('',*,*,#9924,.F.);
#11319 = ORIENTED_EDGE('',*,*,#11313,.F.);
#11320 = CYLINDRICAL_SURFACE('',#11321,0.51);
#11321 = AXIS2_PLACEMENT_3D('',#11322,#11323,#11324);
#11322 = CARTESIAN_POINT('',(111.76,-141.224,-4.6E-02));
#11323 = DIRECTION('',(-0.,0.,-1.));
#11324 = DIRECTION('',(2.78644210102E-14,-1.,-0.));
#11325 = ADVANCED_FACE('',(#11326),#11337,.F.);
#11326 = FACE_BOUND('',#11327,.T.);
#11327 = EDGE_LOOP('',(#11328,#11329,#11335,#11336));
#11328 = ORIENTED_EDGE('',*,*,#8883,.T.);
#11329 = ORIENTED_EDGE('',*,*,#11330,.T.);
#11330 = EDGE_CURVE('',#8884,#9936,#11331,.T.);
#11331 = LINE('',#11332,#11333);
#11332 = CARTESIAN_POINT('',(114.3,-141.734,-4.6E-02));
#11333 = VECTOR('',#11334,1.);
#11334 = DIRECTION('',(0.,0.,1.));
#11335 = ORIENTED_EDGE('',*,*,#9935,.F.);
#11336 = ORIENTED_EDGE('',*,*,#11330,.F.);
#11337 = CYLINDRICAL_SURFACE('',#11338,0.51);
#11338 = AXIS2_PLACEMENT_3D('',#11339,#11340,#11341);
#11339 = CARTESIAN_POINT('',(114.3,-141.224,-4.6E-02));
#11340 = DIRECTION('',(-0.,-0.,-1.));
#11341 = DIRECTION('',(-2.78644210102E-14,-1.,0.));
#11342 = ADVANCED_FACE('',(#11343),#11354,.F.);
#11343 = FACE_BOUND('',#11344,.T.);
#11344 = EDGE_LOOP('',(#11345,#11346,#11352,#11353));
#11345 = ORIENTED_EDGE('',*,*,#8894,.T.);
#11346 = ORIENTED_EDGE('',*,*,#11347,.T.);
#11347 = EDGE_CURVE('',#8895,#9947,#11348,.T.);
#11348 = LINE('',#11349,#11350);
#11349 = CARTESIAN_POINT('',(116.84,-141.734,-4.6E-02));
#11350 = VECTOR('',#11351,1.);
#11351 = DIRECTION('',(0.,0.,1.));
#11352 = ORIENTED_EDGE('',*,*,#9946,.F.);
#11353 = ORIENTED_EDGE('',*,*,#11347,.F.);
#11354 = CYLINDRICAL_SURFACE('',#11355,0.51);
#11355 = AXIS2_PLACEMENT_3D('',#11356,#11357,#11358);
#11356 = CARTESIAN_POINT('',(116.84,-141.224,-4.6E-02));
#11357 = DIRECTION('',(-0.,-0.,-1.));
#11358 = DIRECTION('',(-0.,-1.,0.));
#11359 = ADVANCED_FACE('',(#11360),#11371,.F.);
#11360 = FACE_BOUND('',#11361,.T.);
#11361 = EDGE_LOOP('',(#11362,#11363,#11369,#11370));
#11362 = ORIENTED_EDGE('',*,*,#8905,.T.);
#11363 = ORIENTED_EDGE('',*,*,#11364,.T.);
#11364 = EDGE_CURVE('',#8906,#9958,#11365,.T.);
#11365 = LINE('',#11366,#11367);
#11366 = CARTESIAN_POINT('',(119.38,-141.734,-4.6E-02));
#11367 = VECTOR('',#11368,1.);
#11368 = DIRECTION('',(0.,0.,1.));
#11369 = ORIENTED_EDGE('',*,*,#9957,.F.);
#11370 = ORIENTED_EDGE('',*,*,#11364,.F.);
#11371 = CYLINDRICAL_SURFACE('',#11372,0.51);
#11372 = AXIS2_PLACEMENT_3D('',#11373,#11374,#11375);
#11373 = CARTESIAN_POINT('',(119.38,-141.224,-4.6E-02));
#11374 = DIRECTION('',(-0.,-0.,-1.));
#11375 = DIRECTION('',(-0.,-1.,0.));
#11376 = ADVANCED_FACE('',(#11377),#11388,.F.);
#11377 = FACE_BOUND('',#11378,.T.);
#11378 = EDGE_LOOP('',(#11379,#11380,#11386,#11387));
#11379 = ORIENTED_EDGE('',*,*,#8916,.T.);
#11380 = ORIENTED_EDGE('',*,*,#11381,.T.);
#11381 = EDGE_CURVE('',#8917,#9969,#11382,.T.);
#11382 = LINE('',#11383,#11384);
#11383 = CARTESIAN_POINT('',(129.62,-160.886,-4.6E-02));
#11384 = VECTOR('',#11385,1.);
#11385 = DIRECTION('',(0.,0.,1.));
#11386 = ORIENTED_EDGE('',*,*,#9968,.F.);
#11387 = ORIENTED_EDGE('',*,*,#11381,.F.);
#11388 = CYLINDRICAL_SURFACE('',#11389,0.4);
#11389 = AXIS2_PLACEMENT_3D('',#11390,#11391,#11392);
#11390 = CARTESIAN_POINT('',(129.62,-160.486,-4.6E-02));
#11391 = DIRECTION('',(-0.,-0.,-1.));
#11392 = DIRECTION('',(-0.,-1.,0.));
#11393 = ADVANCED_FACE('',(#11394),#11405,.F.);
#11394 = FACE_BOUND('',#11395,.T.);
#11395 = EDGE_LOOP('',(#11396,#11397,#11403,#11404));
#11396 = ORIENTED_EDGE('',*,*,#8927,.T.);
#11397 = ORIENTED_EDGE('',*,*,#11398,.T.);
#11398 = EDGE_CURVE('',#8928,#9980,#11399,.T.);
#11399 = LINE('',#11400,#11401);
#11400 = CARTESIAN_POINT('',(131.62,-160.886,-4.6E-02));
#11401 = VECTOR('',#11402,1.);
#11402 = DIRECTION('',(0.,0.,1.));
#11403 = ORIENTED_EDGE('',*,*,#9979,.F.);
#11404 = ORIENTED_EDGE('',*,*,#11398,.F.);
#11405 = CYLINDRICAL_SURFACE('',#11406,0.4);
#11406 = AXIS2_PLACEMENT_3D('',#11407,#11408,#11409);
#11407 = CARTESIAN_POINT('',(131.62,-160.486,-4.6E-02));
#11408 = DIRECTION('',(-0.,-0.,-1.));
#11409 = DIRECTION('',(-0.,-1.,0.));
#11410 = ADVANCED_FACE('',(#11411),#11422,.F.);
#11411 = FACE_BOUND('',#11412,.T.);
#11412 = EDGE_LOOP('',(#11413,#11414,#11420,#11421));
#11413 = ORIENTED_EDGE('',*,*,#8938,.T.);
#11414 = ORIENTED_EDGE('',*,*,#11415,.T.);
#11415 = EDGE_CURVE('',#8939,#9991,#11416,.T.);
#11416 = LINE('',#11417,#11418);
#11417 = CARTESIAN_POINT('',(133.62,-160.886,-4.6E-02));
#11418 = VECTOR('',#11419,1.);
#11419 = DIRECTION('',(0.,0.,1.));
#11420 = ORIENTED_EDGE('',*,*,#9990,.F.);
#11421 = ORIENTED_EDGE('',*,*,#11415,.F.);
#11422 = CYLINDRICAL_SURFACE('',#11423,0.4);
#11423 = AXIS2_PLACEMENT_3D('',#11424,#11425,#11426);
#11424 = CARTESIAN_POINT('',(133.62,-160.486,-4.6E-02));
#11425 = DIRECTION('',(-0.,-0.,-1.));
#11426 = DIRECTION('',(-0.,-1.,0.));
#11427 = ADVANCED_FACE('',(#11428),#11439,.F.);
#11428 = FACE_BOUND('',#11429,.T.);
#11429 = EDGE_LOOP('',(#11430,#11431,#11437,#11438));
#11430 = ORIENTED_EDGE('',*,*,#8949,.T.);
#11431 = ORIENTED_EDGE('',*,*,#11432,.T.);
#11432 = EDGE_CURVE('',#8950,#10002,#11433,.T.);
#11433 = LINE('',#11434,#11435);
#11434 = CARTESIAN_POINT('',(135.62,-160.886,-4.6E-02));
#11435 = VECTOR('',#11436,1.);
#11436 = DIRECTION('',(0.,0.,1.));
#11437 = ORIENTED_EDGE('',*,*,#10001,.F.);
#11438 = ORIENTED_EDGE('',*,*,#11432,.F.);
#11439 = CYLINDRICAL_SURFACE('',#11440,0.4);
#11440 = AXIS2_PLACEMENT_3D('',#11441,#11442,#11443);
#11441 = CARTESIAN_POINT('',(135.62,-160.486,-4.6E-02));
#11442 = DIRECTION('',(-0.,-0.,-1.));
#11443 = DIRECTION('',(-0.,-1.,0.));
#11444 = ADVANCED_FACE('',(#11445),#11456,.F.);
#11445 = FACE_BOUND('',#11446,.T.);
#11446 = EDGE_LOOP('',(#11447,#11448,#11454,#11455));
#11447 = ORIENTED_EDGE('',*,*,#8960,.T.);
#11448 = ORIENTED_EDGE('',*,*,#11449,.T.);
#11449 = EDGE_CURVE('',#8961,#10013,#11450,.T.);
#11450 = LINE('',#11451,#11452);
#11451 = CARTESIAN_POINT('',(137.62,-160.886,-4.6E-02));
#11452 = VECTOR('',#11453,1.);
#11453 = DIRECTION('',(0.,0.,1.));
#11454 = ORIENTED_EDGE('',*,*,#10012,.F.);
#11455 = ORIENTED_EDGE('',*,*,#11449,.F.);
#11456 = CYLINDRICAL_SURFACE('',#11457,0.4);
#11457 = AXIS2_PLACEMENT_3D('',#11458,#11459,#11460);
#11458 = CARTESIAN_POINT('',(137.62,-160.486,-4.6E-02));
#11459 = DIRECTION('',(-0.,-0.,-1.));
#11460 = DIRECTION('',(-0.,-1.,0.));
#11461 = ADVANCED_FACE('',(#11462),#11473,.F.);
#11462 = FACE_BOUND('',#11463,.T.);
#11463 = EDGE_LOOP('',(#11464,#11465,#11471,#11472));
#11464 = ORIENTED_EDGE('',*,*,#8971,.T.);
#11465 = ORIENTED_EDGE('',*,*,#11466,.T.);
#11466 = EDGE_CURVE('',#8972,#10024,#11467,.T.);
#11467 = LINE('',#11468,#11469);
#11468 = CARTESIAN_POINT('',(139.62,-160.886,-4.6E-02));
#11469 = VECTOR('',#11470,1.);
#11470 = DIRECTION('',(0.,0.,1.));
#11471 = ORIENTED_EDGE('',*,*,#10023,.F.);
#11472 = ORIENTED_EDGE('',*,*,#11466,.F.);
#11473 = CYLINDRICAL_SURFACE('',#11474,0.4);
#11474 = AXIS2_PLACEMENT_3D('',#11475,#11476,#11477);
#11475 = CARTESIAN_POINT('',(139.62,-160.486,-4.6E-02));
#11476 = DIRECTION('',(-0.,-0.,-1.));
#11477 = DIRECTION('',(-0.,-1.,0.));
#11478 = ADVANCED_FACE('',(#11479),#11490,.F.);
#11479 = FACE_BOUND('',#11480,.T.);
#11480 = EDGE_LOOP('',(#11481,#11482,#11488,#11489));
#11481 = ORIENTED_EDGE('',*,*,#8982,.T.);
#11482 = ORIENTED_EDGE('',*,*,#11483,.T.);
#11483 = EDGE_CURVE('',#8983,#10035,#11484,.T.);
#11484 = LINE('',#11485,#11486);
#11485 = CARTESIAN_POINT('',(144.812,-161.986,-4.6E-02));
#11486 = VECTOR('',#11487,1.);
#11487 = DIRECTION('',(0.,0.,1.));
#11488 = ORIENTED_EDGE('',*,*,#10034,.F.);
#11489 = ORIENTED_EDGE('',*,*,#11483,.F.);
#11490 = CYLINDRICAL_SURFACE('',#11491,0.4);
#11491 = AXIS2_PLACEMENT_3D('',#11492,#11493,#11494);
#11492 = CARTESIAN_POINT('',(144.812,-161.586,-4.6E-02));
#11493 = DIRECTION('',(-0.,-0.,-1.));
#11494 = DIRECTION('',(-0.,-1.,0.));
#11495 = ADVANCED_FACE('',(#11496),#11507,.F.);
#11496 = FACE_BOUND('',#11497,.T.);
#11497 = EDGE_LOOP('',(#11498,#11499,#11505,#11506));
#11498 = ORIENTED_EDGE('',*,*,#8993,.T.);
#11499 = ORIENTED_EDGE('',*,*,#11500,.T.);
#11500 = EDGE_CURVE('',#8994,#10046,#11501,.T.);
#11501 = LINE('',#11502,#11503);
#11502 = CARTESIAN_POINT('',(146.812,-161.986,-4.6E-02));
#11503 = VECTOR('',#11504,1.);
#11504 = DIRECTION('',(0.,0.,1.));
#11505 = ORIENTED_EDGE('',*,*,#10045,.F.);
#11506 = ORIENTED_EDGE('',*,*,#11500,.F.);
#11507 = CYLINDRICAL_SURFACE('',#11508,0.4);
#11508 = AXIS2_PLACEMENT_3D('',#11509,#11510,#11511);
#11509 = CARTESIAN_POINT('',(146.812,-161.586,-4.6E-02));
#11510 = DIRECTION('',(-0.,-0.,-1.));
#11511 = DIRECTION('',(-0.,-1.,0.));
#11512 = ADVANCED_FACE('',(#11513),#11524,.F.);
#11513 = FACE_BOUND('',#11514,.T.);
#11514 = EDGE_LOOP('',(#11515,#11516,#11522,#11523));
#11515 = ORIENTED_EDGE('',*,*,#9004,.T.);
#11516 = ORIENTED_EDGE('',*,*,#11517,.T.);
#11517 = EDGE_CURVE('',#9005,#10057,#11518,.T.);
#11518 = LINE('',#11519,#11520);
#11519 = CARTESIAN_POINT('',(148.812,-161.986,-4.6E-02));
#11520 = VECTOR('',#11521,1.);
#11521 = DIRECTION('',(0.,0.,1.));
#11522 = ORIENTED_EDGE('',*,*,#10056,.F.);
#11523 = ORIENTED_EDGE('',*,*,#11517,.F.);
#11524 = CYLINDRICAL_SURFACE('',#11525,0.4);
#11525 = AXIS2_PLACEMENT_3D('',#11526,#11527,#11528);
#11526 = CARTESIAN_POINT('',(148.812,-161.586,-4.6E-02));
#11527 = DIRECTION('',(-0.,-0.,-1.));
#11528 = DIRECTION('',(-0.,-1.,0.));
#11529 = ADVANCED_FACE('',(#11530),#11541,.F.);
#11530 = FACE_BOUND('',#11531,.T.);
#11531 = EDGE_LOOP('',(#11532,#11533,#11539,#11540));
#11532 = ORIENTED_EDGE('',*,*,#9015,.T.);
#11533 = ORIENTED_EDGE('',*,*,#11534,.T.);
#11534 = EDGE_CURVE('',#9016,#10068,#11535,.T.);
#11535 = LINE('',#11536,#11537);
#11536 = CARTESIAN_POINT('',(167.132,-168.268,-4.6E-02));
#11537 = VECTOR('',#11538,1.);
#11538 = DIRECTION('',(0.,0.,1.));
#11539 = ORIENTED_EDGE('',*,*,#10067,.F.);
#11540 = ORIENTED_EDGE('',*,*,#11534,.F.);
#11541 = CYLINDRICAL_SURFACE('',#11542,1.6);
#11542 = AXIS2_PLACEMENT_3D('',#11543,#11544,#11545);
#11543 = CARTESIAN_POINT('',(167.132,-166.668,-4.6E-02));
#11544 = DIRECTION('',(-0.,-0.,-1.));
#11545 = DIRECTION('',(-0.,-1.,0.));
#11546 = ADVANCED_FACE('',(#11547),#11558,.F.);
#11547 = FACE_BOUND('',#11548,.T.);
#11548 = EDGE_LOOP('',(#11549,#11550,#11556,#11557));
#11549 = ORIENTED_EDGE('',*,*,#9026,.T.);
#11550 = ORIENTED_EDGE('',*,*,#11551,.T.);
#11551 = EDGE_CURVE('',#9027,#10079,#11552,.T.);
#11552 = LINE('',#11553,#11554);
#11553 = CARTESIAN_POINT('',(121.92,-141.734,-4.6E-02));
#11554 = VECTOR('',#11555,1.);
#11555 = DIRECTION('',(0.,0.,1.));
#11556 = ORIENTED_EDGE('',*,*,#10078,.F.);
#11557 = ORIENTED_EDGE('',*,*,#11551,.F.);
#11558 = CYLINDRICAL_SURFACE('',#11559,0.51);
#11559 = AXIS2_PLACEMENT_3D('',#11560,#11561,#11562);
#11560 = CARTESIAN_POINT('',(121.92,-141.224,-4.6E-02));
#11561 = DIRECTION('',(-0.,-0.,-1.));
#11562 = DIRECTION('',(-0.,-1.,0.));
#11563 = ADVANCED_FACE('',(#11564),#11575,.F.);
#11564 = FACE_BOUND('',#11565,.T.);
#11565 = EDGE_LOOP('',(#11566,#11567,#11573,#11574));
#11566 = ORIENTED_EDGE('',*,*,#9037,.T.);
#11567 = ORIENTED_EDGE('',*,*,#11568,.T.);
#11568 = EDGE_CURVE('',#9038,#10090,#11569,.T.);
#11569 = LINE('',#11570,#11571);
#11570 = CARTESIAN_POINT('',(124.46,-141.734,-4.6E-02));
#11571 = VECTOR('',#11572,1.);
#11572 = DIRECTION('',(0.,0.,1.));
#11573 = ORIENTED_EDGE('',*,*,#10089,.F.);
#11574 = ORIENTED_EDGE('',*,*,#11568,.F.);
#11575 = CYLINDRICAL_SURFACE('',#11576,0.51);
#11576 = AXIS2_PLACEMENT_3D('',#11577,#11578,#11579);
#11577 = CARTESIAN_POINT('',(124.46,-141.224,-4.6E-02));
#11578 = DIRECTION('',(-0.,-0.,-1.));
#11579 = DIRECTION('',(-2.78644210102E-14,-1.,0.));
#11580 = ADVANCED_FACE('',(#11581),#11592,.F.);
#11581 = FACE_BOUND('',#11582,.T.);
#11582 = EDGE_LOOP('',(#11583,#11584,#11590,#11591));
#11583 = ORIENTED_EDGE('',*,*,#9048,.T.);
#11584 = ORIENTED_EDGE('',*,*,#11585,.T.);
#11585 = EDGE_CURVE('',#9049,#10101,#11586,.T.);
#11586 = LINE('',#11587,#11588);
#11587 = CARTESIAN_POINT('',(127.,-141.734,-4.6E-02));
#11588 = VECTOR('',#11589,1.);
#11589 = DIRECTION('',(0.,0.,1.));
#11590 = ORIENTED_EDGE('',*,*,#10100,.F.);
#11591 = ORIENTED_EDGE('',*,*,#11585,.F.);
#11592 = CYLINDRICAL_SURFACE('',#11593,0.51);
#11593 = AXIS2_PLACEMENT_3D('',#11594,#11595,#11596);
#11594 = CARTESIAN_POINT('',(127.,-141.224,-4.6E-02));
#11595 = DIRECTION('',(-0.,-0.,-1.));
#11596 = DIRECTION('',(-0.,-1.,0.));
#11597 = ADVANCED_FACE('',(#11598),#11609,.F.);
#11598 = FACE_BOUND('',#11599,.T.);
#11599 = EDGE_LOOP('',(#11600,#11601,#11607,#11608));
#11600 = ORIENTED_EDGE('',*,*,#9059,.T.);
#11601 = ORIENTED_EDGE('',*,*,#11602,.T.);
#11602 = EDGE_CURVE('',#9060,#10112,#11603,.T.);
#11603 = LINE('',#11604,#11605);
#11604 = CARTESIAN_POINT('',(129.54,-141.734,-4.6E-02));
#11605 = VECTOR('',#11606,1.);
#11606 = DIRECTION('',(0.,0.,1.));
#11607 = ORIENTED_EDGE('',*,*,#10111,.F.);
#11608 = ORIENTED_EDGE('',*,*,#11602,.F.);
#11609 = CYLINDRICAL_SURFACE('',#11610,0.51);
#11610 = AXIS2_PLACEMENT_3D('',#11611,#11612,#11613);
#11611 = CARTESIAN_POINT('',(129.54,-141.224,-4.6E-02));
#11612 = DIRECTION('',(-0.,-0.,-1.));
#11613 = DIRECTION('',(-5.57288420204E-14,-1.,0.));
#11614 = ADVANCED_FACE('',(#11615),#11626,.F.);
#11615 = FACE_BOUND('',#11616,.T.);
#11616 = EDGE_LOOP('',(#11617,#11618,#11624,#11625));
#11617 = ORIENTED_EDGE('',*,*,#9070,.T.);
#11618 = ORIENTED_EDGE('',*,*,#11619,.T.);
#11619 = EDGE_CURVE('',#9071,#10123,#11620,.T.);
#11620 = LINE('',#11621,#11622);
#11621 = CARTESIAN_POINT('',(132.08,-141.734,-4.6E-02));
#11622 = VECTOR('',#11623,1.);
#11623 = DIRECTION('',(0.,0.,1.));
#11624 = ORIENTED_EDGE('',*,*,#10122,.F.);
#11625 = ORIENTED_EDGE('',*,*,#11619,.F.);
#11626 = CYLINDRICAL_SURFACE('',#11627,0.51);
#11627 = AXIS2_PLACEMENT_3D('',#11628,#11629,#11630);
#11628 = CARTESIAN_POINT('',(132.08,-141.224,-4.6E-02));
#11629 = DIRECTION('',(-0.,0.,-1.));
#11630 = DIRECTION('',(5.57288420204E-14,-1.,-0.));
#11631 = ADVANCED_FACE('',(#11632),#11643,.F.);
#11632 = FACE_BOUND('',#11633,.T.);
#11633 = EDGE_LOOP('',(#11634,#11635,#11641,#11642));
#11634 = ORIENTED_EDGE('',*,*,#9081,.T.);
#11635 = ORIENTED_EDGE('',*,*,#11636,.T.);
#11636 = EDGE_CURVE('',#9082,#10134,#11637,.T.);
#11637 = LINE('',#11638,#11639);
#11638 = CARTESIAN_POINT('',(134.62,-141.734,-4.6E-02));
#11639 = VECTOR('',#11640,1.);
#11640 = DIRECTION('',(0.,0.,1.));
#11641 = ORIENTED_EDGE('',*,*,#10133,.F.);
#11642 = ORIENTED_EDGE('',*,*,#11636,.F.);
#11643 = CYLINDRICAL_SURFACE('',#11644,0.51);
#11644 = AXIS2_PLACEMENT_3D('',#11645,#11646,#11647);
#11645 = CARTESIAN_POINT('',(134.62,-141.224,-4.6E-02));
#11646 = DIRECTION('',(-0.,-0.,-1.));
#11647 = DIRECTION('',(-0.,-1.,0.));
#11648 = ADVANCED_FACE('',(#11649),#11660,.F.);
#11649 = FACE_BOUND('',#11650,.T.);
#11650 = EDGE_LOOP('',(#11651,#11652,#11658,#11659));
#11651 = ORIENTED_EDGE('',*,*,#9092,.T.);
#11652 = ORIENTED_EDGE('',*,*,#11653,.T.);
#11653 = EDGE_CURVE('',#9093,#10145,#11654,.T.);
#11654 = LINE('',#11655,#11656);
#11655 = CARTESIAN_POINT('',(137.16,-141.734,-4.6E-02));
#11656 = VECTOR('',#11657,1.);
#11657 = DIRECTION('',(0.,0.,1.));
#11658 = ORIENTED_EDGE('',*,*,#10144,.F.);
#11659 = ORIENTED_EDGE('',*,*,#11653,.F.);
#11660 = CYLINDRICAL_SURFACE('',#11661,0.51);
#11661 = AXIS2_PLACEMENT_3D('',#11662,#11663,#11664);
#11662 = CARTESIAN_POINT('',(137.16,-141.224,-4.6E-02));
#11663 = DIRECTION('',(-0.,-0.,-1.));
#11664 = DIRECTION('',(-0.,-1.,0.));
#11665 = ADVANCED_FACE('',(#11666),#11677,.F.);
#11666 = FACE_BOUND('',#11667,.T.);
#11667 = EDGE_LOOP('',(#11668,#11669,#11675,#11676));
#11668 = ORIENTED_EDGE('',*,*,#9103,.T.);
#11669 = ORIENTED_EDGE('',*,*,#11670,.T.);
#11670 = EDGE_CURVE('',#9104,#10156,#11671,.T.);
#11671 = LINE('',#11672,#11673);
#11672 = CARTESIAN_POINT('',(139.7,-141.734,-4.6E-02));
#11673 = VECTOR('',#11674,1.);
#11674 = DIRECTION('',(0.,0.,1.));
#11675 = ORIENTED_EDGE('',*,*,#10155,.F.);
#11676 = ORIENTED_EDGE('',*,*,#11670,.F.);
#11677 = CYLINDRICAL_SURFACE('',#11678,0.51);
#11678 = AXIS2_PLACEMENT_3D('',#11679,#11680,#11681);
#11679 = CARTESIAN_POINT('',(139.7,-141.224,-4.6E-02));
#11680 = DIRECTION('',(-0.,-0.,-1.));
#11681 = DIRECTION('',(-0.,-1.,0.));
#11682 = ADVANCED_FACE('',(#11683),#11694,.F.);
#11683 = FACE_BOUND('',#11684,.T.);
#11684 = EDGE_LOOP('',(#11685,#11686,#11692,#11693));
#11685 = ORIENTED_EDGE('',*,*,#9114,.T.);
#11686 = ORIENTED_EDGE('',*,*,#11687,.T.);
#11687 = EDGE_CURVE('',#9115,#10167,#11688,.T.);
#11688 = LINE('',#11689,#11690);
#11689 = CARTESIAN_POINT('',(142.24,-141.734,-4.6E-02));
#11690 = VECTOR('',#11691,1.);
#11691 = DIRECTION('',(0.,0.,1.));
#11692 = ORIENTED_EDGE('',*,*,#10166,.F.);
#11693 = ORIENTED_EDGE('',*,*,#11687,.F.);
#11694 = CYLINDRICAL_SURFACE('',#11695,0.51);
#11695 = AXIS2_PLACEMENT_3D('',#11696,#11697,#11698);
#11696 = CARTESIAN_POINT('',(142.24,-141.224,-4.6E-02));
#11697 = DIRECTION('',(-0.,-0.,-1.));
#11698 = DIRECTION('',(-0.,-1.,0.));
#11699 = ADVANCED_FACE('',(#11700),#11711,.F.);
#11700 = FACE_BOUND('',#11701,.T.);
#11701 = EDGE_LOOP('',(#11702,#11703,#11709,#11710));
#11702 = ORIENTED_EDGE('',*,*,#9125,.T.);
#11703 = ORIENTED_EDGE('',*,*,#11704,.T.);
#11704 = EDGE_CURVE('',#9126,#10178,#11705,.T.);
#11705 = LINE('',#11706,#11707);
#11706 = CARTESIAN_POINT('',(144.78,-141.734,-4.6E-02));
#11707 = VECTOR('',#11708,1.);
#11708 = DIRECTION('',(0.,0.,1.));
#11709 = ORIENTED_EDGE('',*,*,#10177,.F.);
#11710 = ORIENTED_EDGE('',*,*,#11704,.F.);
#11711 = CYLINDRICAL_SURFACE('',#11712,0.51);
#11712 = AXIS2_PLACEMENT_3D('',#11713,#11714,#11715);
#11713 = CARTESIAN_POINT('',(144.78,-141.224,-4.6E-02));
#11714 = DIRECTION('',(-0.,-0.,-1.));
#11715 = DIRECTION('',(-0.,-1.,0.));
#11716 = ADVANCED_FACE('',(#11717),#11728,.F.);
#11717 = FACE_BOUND('',#11718,.T.);
#11718 = EDGE_LOOP('',(#11719,#11720,#11726,#11727));
#11719 = ORIENTED_EDGE('',*,*,#9136,.T.);
#11720 = ORIENTED_EDGE('',*,*,#11721,.T.);
#11721 = EDGE_CURVE('',#9137,#10189,#11722,.T.);
#11722 = LINE('',#11723,#11724);
#11723 = CARTESIAN_POINT('',(147.32,-141.734,-4.6E-02));
#11724 = VECTOR('',#11725,1.);
#11725 = DIRECTION('',(0.,0.,1.));
#11726 = ORIENTED_EDGE('',*,*,#10188,.F.);
#11727 = ORIENTED_EDGE('',*,*,#11721,.F.);
#11728 = CYLINDRICAL_SURFACE('',#11729,0.51);
#11729 = AXIS2_PLACEMENT_3D('',#11730,#11731,#11732);
#11730 = CARTESIAN_POINT('',(147.32,-141.224,-4.6E-02));
#11731 = DIRECTION('',(-0.,-0.,-1.));
#11732 = DIRECTION('',(-0.,-1.,0.));
#11733 = ADVANCED_FACE('',(#11734),#11745,.F.);
#11734 = FACE_BOUND('',#11735,.T.);
#11735 = EDGE_LOOP('',(#11736,#11737,#11743,#11744));
#11736 = ORIENTED_EDGE('',*,*,#9147,.T.);
#11737 = ORIENTED_EDGE('',*,*,#11738,.T.);
#11738 = EDGE_CURVE('',#9148,#10200,#11739,.T.);
#11739 = LINE('',#11740,#11741);
#11740 = CARTESIAN_POINT('',(149.86,-141.734,-4.6E-02));
#11741 = VECTOR('',#11742,1.);
#11742 = DIRECTION('',(0.,0.,1.));
#11743 = ORIENTED_EDGE('',*,*,#10199,.F.);
#11744 = ORIENTED_EDGE('',*,*,#11738,.F.);
#11745 = CYLINDRICAL_SURFACE('',#11746,0.51);
#11746 = AXIS2_PLACEMENT_3D('',#11747,#11748,#11749);
#11747 = CARTESIAN_POINT('',(149.86,-141.224,-4.6E-02));
#11748 = DIRECTION('',(-0.,-0.,-1.));
#11749 = DIRECTION('',(-0.,-1.,0.));
#11750 = ADVANCED_FACE('',(#11751),#11762,.F.);
#11751 = FACE_BOUND('',#11752,.T.);
#11752 = EDGE_LOOP('',(#11753,#11754,#11760,#11761));
#11753 = ORIENTED_EDGE('',*,*,#9158,.T.);
#11754 = ORIENTED_EDGE('',*,*,#11755,.T.);
#11755 = EDGE_CURVE('',#9159,#10211,#11756,.T.);
#11756 = LINE('',#11757,#11758);
#11757 = CARTESIAN_POINT('',(152.4,-141.734,-4.6E-02));
#11758 = VECTOR('',#11759,1.);
#11759 = DIRECTION('',(0.,0.,1.));
#11760 = ORIENTED_EDGE('',*,*,#10210,.F.);
#11761 = ORIENTED_EDGE('',*,*,#11755,.F.);
#11762 = CYLINDRICAL_SURFACE('',#11763,0.51);
#11763 = AXIS2_PLACEMENT_3D('',#11764,#11765,#11766);
#11764 = CARTESIAN_POINT('',(152.4,-141.224,-4.6E-02));
#11765 = DIRECTION('',(-0.,0.,-1.));
#11766 = DIRECTION('',(5.57288420204E-14,-1.,-0.));
#11767 = ADVANCED_FACE('',(#11768),#11779,.F.);
#11768 = FACE_BOUND('',#11769,.T.);
#11769 = EDGE_LOOP('',(#11770,#11771,#11777,#11778));
#11770 = ORIENTED_EDGE('',*,*,#9169,.T.);
#11771 = ORIENTED_EDGE('',*,*,#11772,.T.);
#11772 = EDGE_CURVE('',#9170,#10222,#11773,.T.);
#11773 = LINE('',#11774,#11775);
#11774 = CARTESIAN_POINT('',(154.94,-141.734,-4.6E-02));
#11775 = VECTOR('',#11776,1.);
#11776 = DIRECTION('',(0.,0.,1.));
#11777 = ORIENTED_EDGE('',*,*,#10221,.F.);
#11778 = ORIENTED_EDGE('',*,*,#11772,.F.);
#11779 = CYLINDRICAL_SURFACE('',#11780,0.51);
#11780 = AXIS2_PLACEMENT_3D('',#11781,#11782,#11783);
#11781 = CARTESIAN_POINT('',(154.94,-141.224,-4.6E-02));
#11782 = DIRECTION('',(-0.,-0.,-1.));
#11783 = DIRECTION('',(-0.,-1.,0.));
#11784 = ADVANCED_FACE('',(#11785),#11796,.F.);
#11785 = FACE_BOUND('',#11786,.T.);
#11786 = EDGE_LOOP('',(#11787,#11788,#11794,#11795));
#11787 = ORIENTED_EDGE('',*,*,#9180,.T.);
#11788 = ORIENTED_EDGE('',*,*,#11789,.T.);
#11789 = EDGE_CURVE('',#9181,#10233,#11790,.T.);
#11790 = LINE('',#11791,#11792);
#11791 = CARTESIAN_POINT('',(157.48,-141.734,-4.6E-02));
#11792 = VECTOR('',#11793,1.);
#11793 = DIRECTION('',(0.,0.,1.));
#11794 = ORIENTED_EDGE('',*,*,#10232,.F.);
#11795 = ORIENTED_EDGE('',*,*,#11789,.F.);
#11796 = CYLINDRICAL_SURFACE('',#11797,0.51);
#11797 = AXIS2_PLACEMENT_3D('',#11798,#11799,#11800);
#11798 = CARTESIAN_POINT('',(157.48,-141.224,-4.6E-02));
#11799 = DIRECTION('',(-0.,-0.,-1.));
#11800 = DIRECTION('',(-5.57288420204E-14,-1.,0.));
#11801 = ADVANCED_FACE('',(#11802),#11813,.F.);
#11802 = FACE_BOUND('',#11803,.T.);
#11803 = EDGE_LOOP('',(#11804,#11805,#11811,#11812));
#11804 = ORIENTED_EDGE('',*,*,#9191,.T.);
#11805 = ORIENTED_EDGE('',*,*,#11806,.T.);
#11806 = EDGE_CURVE('',#9192,#10244,#11807,.T.);
#11807 = LINE('',#11808,#11809);
#11808 = CARTESIAN_POINT('',(160.02,-141.734,-4.6E-02));
#11809 = VECTOR('',#11810,1.);
#11810 = DIRECTION('',(0.,0.,1.));
#11811 = ORIENTED_EDGE('',*,*,#10243,.F.);
#11812 = ORIENTED_EDGE('',*,*,#11806,.F.);
#11813 = CYLINDRICAL_SURFACE('',#11814,0.51);
#11814 = AXIS2_PLACEMENT_3D('',#11815,#11816,#11817);
#11815 = CARTESIAN_POINT('',(160.02,-141.224,-4.6E-02));
#11816 = DIRECTION('',(-0.,0.,-1.));
#11817 = DIRECTION('',(5.57288420204E-14,-1.,-0.));
#11818 = ADVANCED_FACE('',(#11819),#11830,.F.);
#11819 = FACE_BOUND('',#11820,.T.);
#11820 = EDGE_LOOP('',(#11821,#11822,#11828,#11829));
#11821 = ORIENTED_EDGE('',*,*,#9202,.T.);
#11822 = ORIENTED_EDGE('',*,*,#11823,.T.);
#11823 = EDGE_CURVE('',#9203,#10255,#11824,.T.);
#11824 = LINE('',#11825,#11826);
#11825 = CARTESIAN_POINT('',(85.852,-120.493,-4.6E-02));
#11826 = VECTOR('',#11827,1.);
#11827 = DIRECTION('',(0.,0.,1.));
#11828 = ORIENTED_EDGE('',*,*,#10254,.F.);
#11829 = ORIENTED_EDGE('',*,*,#11823,.F.);
#11830 = CYLINDRICAL_SURFACE('',#11831,0.605);
#11831 = AXIS2_PLACEMENT_3D('',#11832,#11833,#11834);
#11832 = CARTESIAN_POINT('',(85.852,-119.888,-4.6E-02));
#11833 = DIRECTION('',(-0.,-0.,-1.));
#11834 = DIRECTION('',(-0.,-1.,0.));
#11835 = ADVANCED_FACE('',(#11836),#11847,.F.);
#11836 = FACE_BOUND('',#11837,.T.);
#11837 = EDGE_LOOP('',(#11838,#11839,#11845,#11846));
#11838 = ORIENTED_EDGE('',*,*,#9213,.T.);
#11839 = ORIENTED_EDGE('',*,*,#11840,.T.);
#11840 = EDGE_CURVE('',#9214,#10266,#11841,.T.);
#11841 = LINE('',#11842,#11843);
#11842 = CARTESIAN_POINT('',(72.136,-110.268,-4.6E-02));
#11843 = VECTOR('',#11844,1.);
#11844 = DIRECTION('',(0.,0.,1.));
#11845 = ORIENTED_EDGE('',*,*,#10265,.F.);
#11846 = ORIENTED_EDGE('',*,*,#11840,.F.);
#11847 = CYLINDRICAL_SURFACE('',#11848,1.6);
#11848 = AXIS2_PLACEMENT_3D('',#11849,#11850,#11851);
#11849 = CARTESIAN_POINT('',(72.136,-108.668,-4.6E-02));
#11850 = DIRECTION('',(-0.,-0.,-1.));
#11851 = DIRECTION('',(-0.,-1.,0.));
#11852 = ADVANCED_FACE('',(#11853),#11864,.F.);
#11853 = FACE_BOUND('',#11854,.T.);
#11854 = EDGE_LOOP('',(#11855,#11856,#11862,#11863));
#11855 = ORIENTED_EDGE('',*,*,#9224,.T.);
#11856 = ORIENTED_EDGE('',*,*,#11857,.T.);
#11857 = EDGE_CURVE('',#9225,#10277,#11858,.T.);
#11858 = LINE('',#11859,#11860);
#11859 = CARTESIAN_POINT('',(106.68,-118.874,-4.6E-02));
#11860 = VECTOR('',#11861,1.);
#11861 = DIRECTION('',(0.,0.,1.));
#11862 = ORIENTED_EDGE('',*,*,#10276,.F.);
#11863 = ORIENTED_EDGE('',*,*,#11857,.F.);
#11864 = CYLINDRICAL_SURFACE('',#11865,0.51);
#11865 = AXIS2_PLACEMENT_3D('',#11866,#11867,#11868);
#11866 = CARTESIAN_POINT('',(106.68,-118.364,-4.6E-02));
#11867 = DIRECTION('',(-0.,-0.,-1.));
#11868 = DIRECTION('',(-0.,-1.,0.));
#11869 = ADVANCED_FACE('',(#11870),#11881,.F.);
#11870 = FACE_BOUND('',#11871,.T.);
#11871 = EDGE_LOOP('',(#11872,#11873,#11879,#11880));
#11872 = ORIENTED_EDGE('',*,*,#9235,.T.);
#11873 = ORIENTED_EDGE('',*,*,#11874,.T.);
#11874 = EDGE_CURVE('',#9236,#10288,#11875,.T.);
#11875 = LINE('',#11876,#11877);
#11876 = CARTESIAN_POINT('',(109.22,-118.874,-4.6E-02));
#11877 = VECTOR('',#11878,1.);
#11878 = DIRECTION('',(0.,0.,1.));
#11879 = ORIENTED_EDGE('',*,*,#10287,.F.);
#11880 = ORIENTED_EDGE('',*,*,#11874,.F.);
#11881 = CYLINDRICAL_SURFACE('',#11882,0.51);
#11882 = AXIS2_PLACEMENT_3D('',#11883,#11884,#11885);
#11883 = CARTESIAN_POINT('',(109.22,-118.364,-4.6E-02));
#11884 = DIRECTION('',(-0.,-0.,-1.));
#11885 = DIRECTION('',(-0.,-1.,0.));
#11886 = ADVANCED_FACE('',(#11887),#11898,.F.);
#11887 = FACE_BOUND('',#11888,.T.);
#11888 = EDGE_LOOP('',(#11889,#11890,#11896,#11897));
#11889 = ORIENTED_EDGE('',*,*,#9246,.T.);
#11890 = ORIENTED_EDGE('',*,*,#11891,.T.);
#11891 = EDGE_CURVE('',#9247,#10299,#11892,.T.);
#11892 = LINE('',#11893,#11894);
#11893 = CARTESIAN_POINT('',(111.76,-118.874,-4.6E-02));
#11894 = VECTOR('',#11895,1.);
#11895 = DIRECTION('',(0.,0.,1.));
#11896 = ORIENTED_EDGE('',*,*,#10298,.F.);
#11897 = ORIENTED_EDGE('',*,*,#11891,.F.);
#11898 = CYLINDRICAL_SURFACE('',#11899,0.51);
#11899 = AXIS2_PLACEMENT_3D('',#11900,#11901,#11902);
#11900 = CARTESIAN_POINT('',(111.76,-118.364,-4.6E-02));
#11901 = DIRECTION('',(-0.,0.,-1.));
#11902 = DIRECTION('',(2.78644210102E-14,-1.,-0.));
#11903 = ADVANCED_FACE('',(#11904),#11915,.F.);
#11904 = FACE_BOUND('',#11905,.T.);
#11905 = EDGE_LOOP('',(#11906,#11907,#11913,#11914));
#11906 = ORIENTED_EDGE('',*,*,#9257,.T.);
#11907 = ORIENTED_EDGE('',*,*,#11908,.T.);
#11908 = EDGE_CURVE('',#9258,#10310,#11909,.T.);
#11909 = LINE('',#11910,#11911);
#11910 = CARTESIAN_POINT('',(114.3,-118.874,-4.6E-02));
#11911 = VECTOR('',#11912,1.);
#11912 = DIRECTION('',(0.,0.,1.));
#11913 = ORIENTED_EDGE('',*,*,#10309,.F.);
#11914 = ORIENTED_EDGE('',*,*,#11908,.F.);
#11915 = CYLINDRICAL_SURFACE('',#11916,0.51);
#11916 = AXIS2_PLACEMENT_3D('',#11917,#11918,#11919);
#11917 = CARTESIAN_POINT('',(114.3,-118.364,-4.6E-02));
#11918 = DIRECTION('',(-0.,-0.,-1.));
#11919 = DIRECTION('',(-2.78644210102E-14,-1.,0.));
#11920 = ADVANCED_FACE('',(#11921),#11932,.F.);
#11921 = FACE_BOUND('',#11922,.T.);
#11922 = EDGE_LOOP('',(#11923,#11924,#11930,#11931));
#11923 = ORIENTED_EDGE('',*,*,#9268,.T.);
#11924 = ORIENTED_EDGE('',*,*,#11925,.T.);
#11925 = EDGE_CURVE('',#9269,#10321,#11926,.T.);
#11926 = LINE('',#11927,#11928);
#11927 = CARTESIAN_POINT('',(116.84,-118.874,-4.6E-02));
#11928 = VECTOR('',#11929,1.);
#11929 = DIRECTION('',(0.,0.,1.));
#11930 = ORIENTED_EDGE('',*,*,#10320,.F.);
#11931 = ORIENTED_EDGE('',*,*,#11925,.F.);
#11932 = CYLINDRICAL_SURFACE('',#11933,0.51);
#11933 = AXIS2_PLACEMENT_3D('',#11934,#11935,#11936);
#11934 = CARTESIAN_POINT('',(116.84,-118.364,-4.6E-02));
#11935 = DIRECTION('',(-0.,-0.,-1.));
#11936 = DIRECTION('',(-0.,-1.,0.));
#11937 = ADVANCED_FACE('',(#11938),#11949,.F.);
#11938 = FACE_BOUND('',#11939,.T.);
#11939 = EDGE_LOOP('',(#11940,#11941,#11947,#11948));
#11940 = ORIENTED_EDGE('',*,*,#9279,.T.);
#11941 = ORIENTED_EDGE('',*,*,#11942,.T.);
#11942 = EDGE_CURVE('',#9280,#10332,#11943,.T.);
#11943 = LINE('',#11944,#11945);
#11944 = CARTESIAN_POINT('',(119.38,-118.874,-4.6E-02));
#11945 = VECTOR('',#11946,1.);
#11946 = DIRECTION('',(0.,0.,1.));
#11947 = ORIENTED_EDGE('',*,*,#10331,.F.);
#11948 = ORIENTED_EDGE('',*,*,#11942,.F.);
#11949 = CYLINDRICAL_SURFACE('',#11950,0.51);
#11950 = AXIS2_PLACEMENT_3D('',#11951,#11952,#11953);
#11951 = CARTESIAN_POINT('',(119.38,-118.364,-4.6E-02));
#11952 = DIRECTION('',(-0.,-0.,-1.));
#11953 = DIRECTION('',(-0.,-1.,0.));
#11954 = ADVANCED_FACE('',(#11955),#11966,.F.);
#11955 = FACE_BOUND('',#11956,.T.);
#11956 = EDGE_LOOP('',(#11957,#11958,#11964,#11965));
#11957 = ORIENTED_EDGE('',*,*,#9290,.T.);
#11958 = ORIENTED_EDGE('',*,*,#11959,.T.);
#11959 = EDGE_CURVE('',#9291,#10343,#11960,.T.);
#11960 = LINE('',#11961,#11962);
#11961 = CARTESIAN_POINT('',(121.92,-118.874,-4.6E-02));
#11962 = VECTOR('',#11963,1.);
#11963 = DIRECTION('',(0.,0.,1.));
#11964 = ORIENTED_EDGE('',*,*,#10342,.F.);
#11965 = ORIENTED_EDGE('',*,*,#11959,.F.);
#11966 = CYLINDRICAL_SURFACE('',#11967,0.51);
#11967 = AXIS2_PLACEMENT_3D('',#11968,#11969,#11970);
#11968 = CARTESIAN_POINT('',(121.92,-118.364,-4.6E-02));
#11969 = DIRECTION('',(-0.,-0.,-1.));
#11970 = DIRECTION('',(-0.,-1.,0.));
#11971 = ADVANCED_FACE('',(#11972),#11983,.F.);
#11972 = FACE_BOUND('',#11973,.T.);
#11973 = EDGE_LOOP('',(#11974,#11975,#11981,#11982));
#11974 = ORIENTED_EDGE('',*,*,#9301,.T.);
#11975 = ORIENTED_EDGE('',*,*,#11976,.T.);
#11976 = EDGE_CURVE('',#9302,#10354,#11977,.T.);
#11977 = LINE('',#11978,#11979);
#11978 = CARTESIAN_POINT('',(124.46,-118.874,-4.6E-02));
#11979 = VECTOR('',#11980,1.);
#11980 = DIRECTION('',(0.,0.,1.));
#11981 = ORIENTED_EDGE('',*,*,#10353,.F.);
#11982 = ORIENTED_EDGE('',*,*,#11976,.F.);
#11983 = CYLINDRICAL_SURFACE('',#11984,0.51);
#11984 = AXIS2_PLACEMENT_3D('',#11985,#11986,#11987);
#11985 = CARTESIAN_POINT('',(124.46,-118.364,-4.6E-02));
#11986 = DIRECTION('',(-0.,-0.,-1.));
#11987 = DIRECTION('',(-2.78644210102E-14,-1.,0.));
#11988 = ADVANCED_FACE('',(#11989),#12000,.F.);
#11989 = FACE_BOUND('',#11990,.T.);
#11990 = EDGE_LOOP('',(#11991,#11992,#11998,#11999));
#11991 = ORIENTED_EDGE('',*,*,#9312,.T.);
#11992 = ORIENTED_EDGE('',*,*,#11993,.T.);
#11993 = EDGE_CURVE('',#9313,#10365,#11994,.T.);
#11994 = LINE('',#11995,#11996);
#11995 = CARTESIAN_POINT('',(127.,-118.874,-4.6E-02));
#11996 = VECTOR('',#11997,1.);
#11997 = DIRECTION('',(0.,0.,1.));
#11998 = ORIENTED_EDGE('',*,*,#10364,.F.);
#11999 = ORIENTED_EDGE('',*,*,#11993,.F.);
#12000 = CYLINDRICAL_SURFACE('',#12001,0.51);
#12001 = AXIS2_PLACEMENT_3D('',#12002,#12003,#12004);
#12002 = CARTESIAN_POINT('',(127.,-118.364,-4.6E-02));
#12003 = DIRECTION('',(-0.,-0.,-1.));
#12004 = DIRECTION('',(-0.,-1.,0.));
#12005 = ADVANCED_FACE('',(#12006),#12017,.F.);
#12006 = FACE_BOUND('',#12007,.T.);
#12007 = EDGE_LOOP('',(#12008,#12009,#12015,#12016));
#12008 = ORIENTED_EDGE('',*,*,#9323,.T.);
#12009 = ORIENTED_EDGE('',*,*,#12010,.T.);
#12010 = EDGE_CURVE('',#9324,#10376,#12011,.T.);
#12011 = LINE('',#12012,#12013);
#12012 = CARTESIAN_POINT('',(129.54,-118.874,-4.6E-02));
#12013 = VECTOR('',#12014,1.);
#12014 = DIRECTION('',(0.,0.,1.));
#12015 = ORIENTED_EDGE('',*,*,#10375,.F.);
#12016 = ORIENTED_EDGE('',*,*,#12010,.F.);
#12017 = CYLINDRICAL_SURFACE('',#12018,0.51);
#12018 = AXIS2_PLACEMENT_3D('',#12019,#12020,#12021);
#12019 = CARTESIAN_POINT('',(129.54,-118.364,-4.6E-02));
#12020 = DIRECTION('',(-0.,-0.,-1.));
#12021 = DIRECTION('',(-5.57288420204E-14,-1.,0.));
#12022 = ADVANCED_FACE('',(#12023),#12034,.F.);
#12023 = FACE_BOUND('',#12024,.T.);
#12024 = EDGE_LOOP('',(#12025,#12026,#12032,#12033));
#12025 = ORIENTED_EDGE('',*,*,#9334,.T.);
#12026 = ORIENTED_EDGE('',*,*,#12027,.T.);
#12027 = EDGE_CURVE('',#9335,#10387,#12028,.T.);
#12028 = LINE('',#12029,#12030);
#12029 = CARTESIAN_POINT('',(132.08,-118.874,-4.6E-02));
#12030 = VECTOR('',#12031,1.);
#12031 = DIRECTION('',(0.,0.,1.));
#12032 = ORIENTED_EDGE('',*,*,#10386,.F.);
#12033 = ORIENTED_EDGE('',*,*,#12027,.F.);
#12034 = CYLINDRICAL_SURFACE('',#12035,0.51);
#12035 = AXIS2_PLACEMENT_3D('',#12036,#12037,#12038);
#12036 = CARTESIAN_POINT('',(132.08,-118.364,-4.6E-02));
#12037 = DIRECTION('',(-0.,0.,-1.));
#12038 = DIRECTION('',(5.57288420204E-14,-1.,-0.));
#12039 = ADVANCED_FACE('',(#12040),#12051,.F.);
#12040 = FACE_BOUND('',#12041,.T.);
#12041 = EDGE_LOOP('',(#12042,#12043,#12049,#12050));
#12042 = ORIENTED_EDGE('',*,*,#9345,.T.);
#12043 = ORIENTED_EDGE('',*,*,#12044,.T.);
#12044 = EDGE_CURVE('',#9346,#10398,#12045,.T.);
#12045 = LINE('',#12046,#12047);
#12046 = CARTESIAN_POINT('',(134.62,-118.874,-4.6E-02));
#12047 = VECTOR('',#12048,1.);
#12048 = DIRECTION('',(0.,0.,1.));
#12049 = ORIENTED_EDGE('',*,*,#10397,.F.);
#12050 = ORIENTED_EDGE('',*,*,#12044,.F.);
#12051 = CYLINDRICAL_SURFACE('',#12052,0.51);
#12052 = AXIS2_PLACEMENT_3D('',#12053,#12054,#12055);
#12053 = CARTESIAN_POINT('',(134.62,-118.364,-4.6E-02));
#12054 = DIRECTION('',(-0.,-0.,-1.));
#12055 = DIRECTION('',(-0.,-1.,0.));
#12056 = ADVANCED_FACE('',(#12057),#12068,.F.);
#12057 = FACE_BOUND('',#12058,.T.);
#12058 = EDGE_LOOP('',(#12059,#12060,#12066,#12067));
#12059 = ORIENTED_EDGE('',*,*,#9356,.T.);
#12060 = ORIENTED_EDGE('',*,*,#12061,.T.);
#12061 = EDGE_CURVE('',#9357,#10409,#12062,.T.);
#12062 = LINE('',#12063,#12064);
#12063 = CARTESIAN_POINT('',(137.16,-118.874,-4.6E-02));
#12064 = VECTOR('',#12065,1.);
#12065 = DIRECTION('',(0.,0.,1.));
#12066 = ORIENTED_EDGE('',*,*,#10408,.F.);
#12067 = ORIENTED_EDGE('',*,*,#12061,.F.);
#12068 = CYLINDRICAL_SURFACE('',#12069,0.51);
#12069 = AXIS2_PLACEMENT_3D('',#12070,#12071,#12072);
#12070 = CARTESIAN_POINT('',(137.16,-118.364,-4.6E-02));
#12071 = DIRECTION('',(-0.,-0.,-1.));
#12072 = DIRECTION('',(-0.,-1.,0.));
#12073 = ADVANCED_FACE('',(#12074),#12085,.F.);
#12074 = FACE_BOUND('',#12075,.T.);
#12075 = EDGE_LOOP('',(#12076,#12077,#12083,#12084));
#12076 = ORIENTED_EDGE('',*,*,#9367,.T.);
#12077 = ORIENTED_EDGE('',*,*,#12078,.T.);
#12078 = EDGE_CURVE('',#9368,#10420,#12079,.T.);
#12079 = LINE('',#12080,#12081);
#12080 = CARTESIAN_POINT('',(139.7,-118.874,-4.6E-02));
#12081 = VECTOR('',#12082,1.);
#12082 = DIRECTION('',(0.,0.,1.));
#12083 = ORIENTED_EDGE('',*,*,#10419,.F.);
#12084 = ORIENTED_EDGE('',*,*,#12078,.F.);
#12085 = CYLINDRICAL_SURFACE('',#12086,0.51);
#12086 = AXIS2_PLACEMENT_3D('',#12087,#12088,#12089);
#12087 = CARTESIAN_POINT('',(139.7,-118.364,-4.6E-02));
#12088 = DIRECTION('',(-0.,-0.,-1.));
#12089 = DIRECTION('',(-0.,-1.,0.));
#12090 = ADVANCED_FACE('',(#12091),#12102,.F.);
#12091 = FACE_BOUND('',#12092,.T.);
#12092 = EDGE_LOOP('',(#12093,#12094,#12100,#12101));
#12093 = ORIENTED_EDGE('',*,*,#9378,.T.);
#12094 = ORIENTED_EDGE('',*,*,#12095,.T.);
#12095 = EDGE_CURVE('',#9379,#10431,#12096,.T.);
#12096 = LINE('',#12097,#12098);
#12097 = CARTESIAN_POINT('',(142.24,-118.874,-4.6E-02));
#12098 = VECTOR('',#12099,1.);
#12099 = DIRECTION('',(0.,0.,1.));
#12100 = ORIENTED_EDGE('',*,*,#10430,.F.);
#12101 = ORIENTED_EDGE('',*,*,#12095,.F.);
#12102 = CYLINDRICAL_SURFACE('',#12103,0.51);
#12103 = AXIS2_PLACEMENT_3D('',#12104,#12105,#12106);
#12104 = CARTESIAN_POINT('',(142.24,-118.364,-4.6E-02));
#12105 = DIRECTION('',(-0.,-0.,-1.));
#12106 = DIRECTION('',(-0.,-1.,0.));
#12107 = ADVANCED_FACE('',(#12108),#12119,.F.);
#12108 = FACE_BOUND('',#12109,.T.);
#12109 = EDGE_LOOP('',(#12110,#12111,#12117,#12118));
#12110 = ORIENTED_EDGE('',*,*,#9389,.T.);
#12111 = ORIENTED_EDGE('',*,*,#12112,.T.);
#12112 = EDGE_CURVE('',#9390,#10442,#12113,.T.);
#12113 = LINE('',#12114,#12115);
#12114 = CARTESIAN_POINT('',(144.78,-118.874,-4.6E-02));
#12115 = VECTOR('',#12116,1.);
#12116 = DIRECTION('',(0.,0.,1.));
#12117 = ORIENTED_EDGE('',*,*,#10441,.F.);
#12118 = ORIENTED_EDGE('',*,*,#12112,.F.);
#12119 = CYLINDRICAL_SURFACE('',#12120,0.51);
#12120 = AXIS2_PLACEMENT_3D('',#12121,#12122,#12123);
#12121 = CARTESIAN_POINT('',(144.78,-118.364,-4.6E-02));
#12122 = DIRECTION('',(-0.,-0.,-1.));
#12123 = DIRECTION('',(-0.,-1.,0.));
#12124 = ADVANCED_FACE('',(#12125),#12136,.F.);
#12125 = FACE_BOUND('',#12126,.T.);
#12126 = EDGE_LOOP('',(#12127,#12128,#12134,#12135));
#12127 = ORIENTED_EDGE('',*,*,#9400,.T.);
#12128 = ORIENTED_EDGE('',*,*,#12129,.T.);
#12129 = EDGE_CURVE('',#9401,#10453,#12130,.T.);
#12130 = LINE('',#12131,#12132);
#12131 = CARTESIAN_POINT('',(147.32,-118.874,-4.6E-02));
#12132 = VECTOR('',#12133,1.);
#12133 = DIRECTION('',(0.,0.,1.));
#12134 = ORIENTED_EDGE('',*,*,#10452,.F.);
#12135 = ORIENTED_EDGE('',*,*,#12129,.F.);
#12136 = CYLINDRICAL_SURFACE('',#12137,0.51);
#12137 = AXIS2_PLACEMENT_3D('',#12138,#12139,#12140);
#12138 = CARTESIAN_POINT('',(147.32,-118.364,-4.6E-02));
#12139 = DIRECTION('',(-0.,-0.,-1.));
#12140 = DIRECTION('',(-0.,-1.,0.));
#12141 = ADVANCED_FACE('',(#12142),#12153,.F.);
#12142 = FACE_BOUND('',#12143,.T.);
#12143 = EDGE_LOOP('',(#12144,#12145,#12151,#12152));
#12144 = ORIENTED_EDGE('',*,*,#9411,.T.);
#12145 = ORIENTED_EDGE('',*,*,#12146,.T.);
#12146 = EDGE_CURVE('',#9412,#10464,#12147,.T.);
#12147 = LINE('',#12148,#12149);
#12148 = CARTESIAN_POINT('',(149.86,-118.874,-4.6E-02));
#12149 = VECTOR('',#12150,1.);
#12150 = DIRECTION('',(0.,0.,1.));
#12151 = ORIENTED_EDGE('',*,*,#10463,.F.);
#12152 = ORIENTED_EDGE('',*,*,#12146,.F.);
#12153 = CYLINDRICAL_SURFACE('',#12154,0.51);
#12154 = AXIS2_PLACEMENT_3D('',#12155,#12156,#12157);
#12155 = CARTESIAN_POINT('',(149.86,-118.364,-4.6E-02));
#12156 = DIRECTION('',(-0.,-0.,-1.));
#12157 = DIRECTION('',(-0.,-1.,0.));
#12158 = ADVANCED_FACE('',(#12159),#12170,.F.);
#12159 = FACE_BOUND('',#12160,.T.);
#12160 = EDGE_LOOP('',(#12161,#12162,#12168,#12169));
#12161 = ORIENTED_EDGE('',*,*,#9422,.T.);
#12162 = ORIENTED_EDGE('',*,*,#12163,.T.);
#12163 = EDGE_CURVE('',#9423,#10475,#12164,.T.);
#12164 = LINE('',#12165,#12166);
#12165 = CARTESIAN_POINT('',(152.4,-118.874,-4.6E-02));
#12166 = VECTOR('',#12167,1.);
#12167 = DIRECTION('',(0.,0.,1.));
#12168 = ORIENTED_EDGE('',*,*,#10474,.F.);
#12169 = ORIENTED_EDGE('',*,*,#12163,.F.);
#12170 = CYLINDRICAL_SURFACE('',#12171,0.51);
#12171 = AXIS2_PLACEMENT_3D('',#12172,#12173,#12174);
#12172 = CARTESIAN_POINT('',(152.4,-118.364,-4.6E-02));
#12173 = DIRECTION('',(-0.,0.,-1.));
#12174 = DIRECTION('',(5.57288420204E-14,-1.,-0.));
#12175 = ADVANCED_FACE('',(#12176),#12187,.F.);
#12176 = FACE_BOUND('',#12177,.T.);
#12177 = EDGE_LOOP('',(#12178,#12179,#12185,#12186));
#12178 = ORIENTED_EDGE('',*,*,#9433,.T.);
#12179 = ORIENTED_EDGE('',*,*,#12180,.T.);
#12180 = EDGE_CURVE('',#9434,#10486,#12181,.T.);
#12181 = LINE('',#12182,#12183);
#12182 = CARTESIAN_POINT('',(154.94,-118.874,-4.6E-02));
#12183 = VECTOR('',#12184,1.);
#12184 = DIRECTION('',(0.,0.,1.));
#12185 = ORIENTED_EDGE('',*,*,#10485,.F.);
#12186 = ORIENTED_EDGE('',*,*,#12180,.F.);
#12187 = CYLINDRICAL_SURFACE('',#12188,0.51);
#12188 = AXIS2_PLACEMENT_3D('',#12189,#12190,#12191);
#12189 = CARTESIAN_POINT('',(154.94,-118.364,-4.6E-02));
#12190 = DIRECTION('',(-0.,-0.,-1.));
#12191 = DIRECTION('',(-0.,-1.,0.));
#12192 = ADVANCED_FACE('',(#12193),#12204,.F.);
#12193 = FACE_BOUND('',#12194,.T.);
#12194 = EDGE_LOOP('',(#12195,#12196,#12202,#12203));
#12195 = ORIENTED_EDGE('',*,*,#9444,.T.);
#12196 = ORIENTED_EDGE('',*,*,#12197,.T.);
#12197 = EDGE_CURVE('',#9445,#10497,#12198,.T.);
#12198 = LINE('',#12199,#12200);
#12199 = CARTESIAN_POINT('',(157.48,-118.874,-4.6E-02));
#12200 = VECTOR('',#12201,1.);
#12201 = DIRECTION('',(0.,0.,1.));
#12202 = ORIENTED_EDGE('',*,*,#10496,.F.);
#12203 = ORIENTED_EDGE('',*,*,#12197,.F.);
#12204 = CYLINDRICAL_SURFACE('',#12205,0.51);
#12205 = AXIS2_PLACEMENT_3D('',#12206,#12207,#12208);
#12206 = CARTESIAN_POINT('',(157.48,-118.364,-4.6E-02));
#12207 = DIRECTION('',(-0.,-0.,-1.));
#12208 = DIRECTION('',(-5.57288420204E-14,-1.,0.));
#12209 = ADVANCED_FACE('',(#12210),#12221,.F.);
#12210 = FACE_BOUND('',#12211,.T.);
#12211 = EDGE_LOOP('',(#12212,#12213,#12219,#12220));
#12212 = ORIENTED_EDGE('',*,*,#9455,.T.);
#12213 = ORIENTED_EDGE('',*,*,#12214,.T.);
#12214 = EDGE_CURVE('',#9456,#10508,#12215,.T.);
#12215 = LINE('',#12216,#12217);
#12216 = CARTESIAN_POINT('',(160.02,-118.874,-4.6E-02));
#12217 = VECTOR('',#12218,1.);
#12218 = DIRECTION('',(0.,0.,1.));
#12219 = ORIENTED_EDGE('',*,*,#10507,.F.);
#12220 = ORIENTED_EDGE('',*,*,#12214,.F.);
#12221 = CYLINDRICAL_SURFACE('',#12222,0.51);
#12222 = AXIS2_PLACEMENT_3D('',#12223,#12224,#12225);
#12223 = CARTESIAN_POINT('',(160.02,-118.364,-4.6E-02));
#12224 = DIRECTION('',(-0.,0.,-1.));
#12225 = DIRECTION('',(5.57288420204E-14,-1.,-0.));
#12226 = ADVANCED_FACE('',(#12227),#12238,.F.);
#12227 = FACE_BOUND('',#12228,.T.);
#12228 = EDGE_LOOP('',(#12229,#12230,#12236,#12237));
#12229 = ORIENTED_EDGE('',*,*,#9466,.T.);
#12230 = ORIENTED_EDGE('',*,*,#12231,.T.);
#12231 = EDGE_CURVE('',#9467,#10519,#12232,.T.);
#12232 = LINE('',#12233,#12234);
#12233 = CARTESIAN_POINT('',(167.136,-110.312,-4.6E-02));
#12234 = VECTOR('',#12235,1.);
#12235 = DIRECTION('',(0.,0.,1.));
#12236 = ORIENTED_EDGE('',*,*,#10518,.F.);
#12237 = ORIENTED_EDGE('',*,*,#12231,.F.);
#12238 = CYLINDRICAL_SURFACE('',#12239,1.6);
#12239 = AXIS2_PLACEMENT_3D('',#12240,#12241,#12242);
#12240 = CARTESIAN_POINT('',(167.136,-108.712,-4.6E-02));
#12241 = DIRECTION('',(-0.,-0.,-1.));
#12242 = DIRECTION('',(-0.,-1.,0.));
#12243 = ( GEOMETRIC_REPRESENTATION_CONTEXT(3) 
GLOBAL_UNCERTAINTY_ASSIGNED_CONTEXT((#12247)) 
GLOBAL_UNIT_ASSIGNED_CONTEXT((#12244,#12245,#12246)) 
REPRESENTATION_CONTEXT('Context #1',
  '3D Context with UNIT and UNCERTAINTY') );
#12244 = ( LENGTH_UNIT() NAMED_UNIT(*) SI_UNIT(.MILLI.,.METRE.) );
#12245 = ( NAMED_UNIT(*) PLANE_ANGLE_UNIT() SI_UNIT($,.RADIAN.) );
#12246 = ( NAMED_UNIT(*) SI_UNIT($,.STERADIAN.) SOLID_ANGLE_UNIT() );
#12247 = UNCERTAINTY_MEASURE_WITH_UNIT(LENGTH_MEASURE(1.E-07),#12244,
  'distance_accuracy_value','confusion accuracy');
#12248 = CONTEXT_DEPENDENT_SHAPE_REPRESENTATION(#12249,#12251);
#12249 = ( REPRESENTATION_RELATIONSHIP('','',#8320,#10) 
REPRESENTATION_RELATIONSHIP_WITH_TRANSFORMATION(#12250) 
SHAPE_REPRESENTATION_RELATIONSHIP() );
#12250 = ITEM_DEFINED_TRANSFORMATION('','',#11,#123);
#12251 = PRODUCT_DEFINITION_SHAPE('Placement','Placement of an item',
  #12252);
#12252 = NEXT_ASSEMBLY_USAGE_OCCURRENCE('28','=>[0:1:1:8]','',#5,#8315,$
  );
#12253 = PRODUCT_RELATED_PRODUCT_CATEGORY('part',$,(#8317));
#12254 = MECHANICAL_DESIGN_GEOMETRIC_PRESENTATION_REPRESENTATION('',(
    #12255),#12243);
#12255 = STYLED_ITEM('color',(#12256),#8321);
#12256 = PRESENTATION_STYLE_ASSIGNMENT((#12257));
#12257 = SURFACE_STYLE_USAGE(.BOTH.,#12258);
#12258 = SURFACE_SIDE_STYLE('',(#12259));
#12259 = SURFACE_STYLE_FILL_AREA(#12260);
#12260 = FILL_AREA_STYLE('',(#12261));
#12261 = FILL_AREA_STYLE_COLOUR('',#12262);
#12262 = COLOUR_RGB('',0.313304153717,0.484529207832,0.410020903123);
ENDSEC;
END-ISO-10303-21;
